:020000040800F2
:10000000B02F0020B10200088B7E00082173000889
:10001000897E0008810C000825BD00080000000052
:10002000000000000000000000000000D79200085F
:10003000FD0E00080000000007800008E3920008A1
:10004000CB020008CB020008CB020008CB0200085C
:10005000290F0008CB020008CB020008CB020008E1
:10006000CB020008CB020008CB020008CD0C000830
:10007000D90C0008CB020008CB020008CB02000814
:10008000CB020008CB020008CB020008CB0200081C
:10009000CB020008CB020008CB020008CB0200080C
:1000A000CB02000889940008CB020008CB020008AC
:1000B000CB020008CB020008CB020008CB020008EC
:1000C000CB020008CB020008CB020008CB020008DC
:1000D000CB0200080DA20008CB020008CB020008EA
:1000E000CB020008CB02000800000000CB02000891
:1000F000CB020008CB020008CB020008CB020008AC
:10010000CB0200087D840008CB020008CB02000867
:10011000CB020008CB020008CB020008CB0200088B
:10012000CB020008CB020008CB020008CB0200087B
:10013000CB020008CB020008CB020008CB0200086B
:1001400000000000000000000000000000000000AF
:10015000CB020008CB020008CB020008CB0200084B
:10016000CB020008CB020008CB020008CB0200083B
:10017000CB020008CB020008CB020008CB0200082B
:10018000CB020008CB020008CB020008CB0200081B
:10019000F18F0008CB020008CB020008CB02000858
:1001A000CB020008CB020008CB020008CB020008FB
:1001B000CB020008CB020008CB020008CB020008EB
:1001C000CB020008CB020008CB020008CB020008DB
:1001D000CB0200088D7E0008CB020008CB0200088D
:1001E000CB020008CB020008CB020008CB020008BB
:1001F000CB020008CB020008CB020008CB020008AB
:10020000CB020008CB020008CB020008CB0200089A
:10021000CB020008CB020008CB020008CB0200088A
:10022000CB020008CB020008CB020008000000004F
:10023000CB020008CB02000800000000CB0200083F
:10024000CB020008CB020008CB020008CB0200085A
:10025000CB020008CB020008CB020008CB0200084A
:10026000CB020008CB020008CB020008CB0200083A
:10027000CB020008CB020008CB02000800000000FF
:10028000CB020008CB020008CB02000800000000EF
:1002900000000000CB020008DFF810D000F05CFA8C
:1002A00000480047A5C90008AFF30080B02F002028
:1002B0000648804706480047FEE7FEE7FEE7FEE700
:1002C000FEE7FEE7FEE7FEE7FEE7FEE7AD93000888
:1002D000990200082DE9F05F0546002092469B46F2
:1002E00088460646814640241BE02846414647464C
:1002F000224600F069F853465A46C01A914110D37D
:1003000011461846224600F050F82D1A67EB0108F6
:100310004F4622460120002100F047F817EB000964
:100320004E41201EA4F10104DFDC484631462A4636
:100330004346BDE8F09F40EA01039B0703D009E074
:1003400008C9121F08C0042AFAD203E011F8013BC1
:1003500000F8013B521EF9D27047D2B201E000F81A
:10036000012B491EFBD270470022F6E710B5134659
:100370000A4604461946FFF7F0FF204610BD30B587
:100380000B46014600202022012409E021FA02F553
:100390009D4205D303FA02F5491B04FA02F52844ED
:1003A000151EA2F10102F1DC30BD202A04DB203A47
:1003B00000FA02F1002070479140C2F1200320FAB8
:1003C00003F3194390407047202A04DB203A21FAB6
:1003D00002F00021704721FA02F3D040C2F120025E
:1003E00091400843194670472DE9FE4F804681EA47
:1003F0000300C00F0C46009021F0004123F000459F
:10040000B8EB0200A94105D24046214690461C4661
:100410000B46024623F00040104347D0270DC7F398
:100420000A00C3F30A510290401A019040286BDA87
:10043000C3F3130040F4801B0098924620B10023C0
:10044000D2EB030A63EB0B0B01985946C0F1400253
:100450005046FFF7AAFF06460D4650465946019AF8
:1004600000F08CF910EB08006141002487EA11527A
:1004700084EAE7731A4340D0009A62B3019A012AD2
:100480004FEA075215DC001B61EB02014FF00042FE
:1004900002EA0752CDE90042001C41F580113246C4
:1004A0002B4600F08CF903B0BDE8F08F40462146A2
:1004B000F9E7001B61EB0201001C41F580130018F5
:1004C0005B412018A2F5001747EB030140EAD57005
:1004D000B6196D4111E06D084FEA360645EAC07560
:1004E0004FEA0752001B61EB0201001C41F580112D
:1004F00049084FEA30000019514132462B4603B0FB
:10050000BDE8F04F00F04CB90098012240000023F4
:10051000D0EB020263EBE073009821464FEAE074EF
:10052000B8EB000061EB0401E9E783F000435BE70F
:1005300081F0004158E72DE9FE4F81EA030404F001
:10054000004421F0004100944FF0000B23F00043E1
:1005500050EA01045ED052EA03045BD0C3F30A54AC
:10056000C1F30A552C44A4F2F3340194A0FB0254C5
:10057000C1F3130141F48011C3F3130343F4801357
:1005800001FB024400FB034E840A970A44EA8154AB
:1005900047EA8357A4FB076802958D0A05FB078588
:1005A0004FEA932C04FB0C542705029D4FEA065892
:1005B00047EA1637B5EB08056EEB070C870E920E6F
:1005C00047EA811742EA8312A7FB0201B6EB0B014F
:1005D00064EB00042B0D43EA0C335E1844EB1C5013
:1005E000DA465146E7FB0201C5F313044FEA0B3329
:1005F00043EA14534FEA0432019C43EA0603A4F190
:100600000C040294009CCDE900B400F0D8F803B0CB
:10061000BDE8F08F00200146F9E72DE9F04D81EAB1
:10062000030404F0004B21F0004514464FF0000A8B
:1006300023F0004150EA050220D054EA01021DD007
:10064000C5F30A570246C5F31303C1F31300C1F300
:100650000A5640F4801543F48013A7EB0608101BDC
:10066000D64608F2FD3873EB050002D308F1010805
:1006700001E092185B41B8F1000F03DA0020014657
:10068000BDE8F08D00204FF48011064684460EE050
:10069000171B73EB050705D3121B63EB050306431A
:1006A0004CEA010C49084FEA300092185B4150EACD
:1006B0000107EDD152EA030012D082EA040083EA76
:1006C0000501084305D0101BAB4106D201220023CF
:1006D00006E000224FF0004302E06FF001025310E9
:1006E0001AEB06004CEB085110EB0A0041EB0B0132
:1006F000BDE8F04D00F054B8C1F30A52C1F3130144
:1007000040F2FF3341F480119A4202DA00200146A0
:10071000704740F233439A42A2F2334202DC524223
:10072000FFF752BEFFF741BE30B5041E71F1000461
:1007300004DB4FF00044404264EB0101141E73F1EE
:10074000000405DB1C464FF00043524263EB0403F8
:10075000994208BF904230BD064C074D06E0E06864
:1007600040F0010394E8070098471034AC42F6D3F8
:10077000FFF796FDE8ED000808EE0008202A06DBEA
:10078000CB17203A41FA02F043EAE07306E041FA5F
:1007900002F3D040C2F1200291400843194670474D
:1007A00010B5141E73F1000408DA401C41F1000179
:1007B00092185B411A4301D120F0010010BD2DE9D0
:1007C000F04D92469B4611B1B1FA81F202E0B0FAC7
:1007D00080F220329046FFF7E8FD04460F4640EADB
:1007E0000A0041EA0B0153465A46084313D011460A
:1007F00053EA010019D0C8F140025046FFF7E4FD6A
:1008000005460E46504659464246FFF7CEFD084380
:1008100005D0012004E020463946BDE8F08D0020D7
:10082000054346EAE0762C4337430A986305E40A19
:10083000A0EB08000022FD0A44EA47540A3002D522
:1008400000200146E9E7010510196941DDE9084585
:1008500000196941BDE8F04DA2E770B58C1810F899
:10086000015B15F0070301D110F8013B2A1106D1F5
:1008700010F8012B03E010F8016B01F8016B5B1E0F
:10088000F9D12B0705D40023521E0DD401F8013BEA
:10089000FAE710F8013BCB1A921C03E013F8015B56
:1008A00001F8015B521EF9D5A142D8D3002070BDDA
:1008B00070B53A4905460068884202D0384A9042ED
:1008C00002D1D1F8080302E03648D0F8080310F44A
:1008D000403F11D004F0AAFA04466868B0F5803FA2
:1008E00006D0B0F5003F03D0B0F5403F27D101E07E
:1008F000000C18E0A40822E000214FF4002003F0CF
:100900002DFB044668688103890B18D181140C29DA
:1009100015D2DFE801F0140606060606060B0D0FD9
:100920001113800C4000B4FBF0F408E0240906E049
:10093000640904E0A40902E0E40900E0240A02F0EA
:1009400079FA41F20301884208D81748844228689E
:10095000816813D821F48071816070BD13496008EB
:10096000884204D82868816821F44071F4E710496E
:10097000884206D82868816821F4407141F480716A
:10098000EAE70C4988422868816804D821F440715C
:1009900041F40071E0E741F44071DDE700200240DE
:1009A0000021024000600258002D3101105E5F00FE
:1009B00020BCBE0040787D012DE9F04100270446AF
:1009C00000680D4607F012F80646206807F00AF89E
:1009D00030435DD020682F4EC168890105D5617D07
:1009E000012902D1217D01290BD0022D1DD02068C3
:1009F00006F0FCFFB8B120688168C1F3400169B11D
:100A000011E02549012502E08F4232D27F1C0268A5
:100A1000D2435206F8D440210160E8E781683140B2
:100A200041F010018160012D11D0206806F0DAFF3D
:100A300048B120688168C1F3400121B98168314023
:100A400041F020018160022D08D0032D04D004253F
:100A500002F0F6F9064617E00C25F9E70825F7E756
:100A600002F0EEF9801B05280ED920688068284224
:100A70000AD0606D40F010006065A06D40F001008C
:100A8000A0650120BDE8F081206880682842E7D198
:100A90000020F7E7C0FFFF7F00DC0C0070B50446C4
:100AA000006881688268C1F3400112F0010F28D00C
:100AB00039BB816801F00D01012914D18168124A06
:100AC0001140891C816021680320086002F0B8F998
:100AD000054612E002F0B4F9401B02280DD9206847
:100AE0008068C00709D0606D40F010006065A06D9F
:100AF00040F00100A065012070BD20688068C0073B
:100B0000E8D1002070BD0000C0FFFF7F70B5044633
:100B10000068816811F0010F40D18168204A1142BC
:100B20002DD18168D5432940491C816002F088F9A4
:100B30001C49064620681C4B884201D0984201D1CE
:100B40001A4A00E01A4A9268984202F01F0200D046
:100B5000014681421DD0E2B120E0816811F0010F11
:100B600003D181682940491C816002F069F9801B2A
:100B700002280ED920680068C043C00709D0606D04
:100B800040F010006065A06D40F00100A0650120FC
:100B900070BD20680168C943C907DED1002070BD5F
:100BA0003F0000800020024000210240002302405C
:100BB0000063025870B5002506462C4608E000BFC9
:100BC00007F0B2FB0544052001F098FF641CE4B275
:100BD000B442F5D3B5FBF6F070BD000070B500254A
:100BE00006462C4608E000BF07F018FC0544052027
:100BF00001F084FF641CE4B2B442F5D3B5FBF6F017
:100C000070BD0A2010B5FFF7D5FF40F28F21B0FB71
:100C1000F1F0642800D96420C0F16400C0B210BDB6
:100C200070B54FF0000508B1AD1E1CE000F020F8D3
:100C3000012802D06FF0060515E00C4C204608F0A4
:100C400047F8204607F034F86FF0030628B94FF450
:100C50008041204604F082FD08B1354603E00221C0
:100C6000204604F019FD284670BD0000CC04002089
:100C700010B16FF001007047012070477047704756
:100C8000FEE7002070470020704700000549002261
:100C9000054810B509F0A6FC0449034809F095FC85
:100CA000002010BD8C1C0020B00F00208C140020F0
:100CB0000146044810B509F088FC024809F05EFCC2
:100CC000002010BDB00F002000207047014801F047
:100CD000BFB90000C00E0020014801F0B9B9000002
:100CE000380F0020294A016891423AD0274A183229
:100CF000914236D0254A3032914232D0234A48328E
:100D000091422ED0214A603291422AD01F4A783235
:100D1000914226D01D4A9032914222D01B4AA832DD
:100D200091421ED01A4A91421BD0194A1832914260
:100D300017D0174A3032914213D0154A48329142A7
:100D40000FD0134A603291420BD0114A783291424F
:100D500007D00F4A9032914203D00D4AA8329142F7
:100D600011D1CAB21823103AB2FBF3F26FF30901A2
:100D7000032A02F00703074AD25CC26500D9091DA5
:100D800081650846704721F0FF01F9E71000024035
:100D90001004024062ED000830B5224A01230168C8
:100DA0009142CAB21BD01F4C1434A14217D01D4C23
:100DB0002834A14213D01B4C3C34A1420FD0194C13
:100DC0005034A1420BD0174C6434A14207D0154CCB
:100DD0007834A14203D0134C8C34A1420CD114219D
:100DE000114C083AB2FBF1F10F4A803201F01F05B5
:100DF00004EB8101AB4010E00C4D1824103A0D4477
:100E0000B2FBF4F1A82D00D80831094A01F01F0403
:100E100002EB8101064AA3408032603080E80E0078
:100E200030BD00000854025800580258F0FBFDBFC6
:100E30000008024010B50279531E072B2DD8174C1D
:100E40000168A1421BD0154C1434A14217D0134C99
:100E50002834A14213D0114C3C34A1420FD00F4C86
:100E60005034A1420BD00D4C6434A14207D00B4C3E
:100E70007834A14203D0094C8C34A14203D10849F3
:100E8000074C443102E00749064C443104EB82022E
:100E9000C0E91B2101219940416710BD0854025847
:100EA000FC580258FC08024010B583694FF0C0742A
:100EB000826A0146002053B1B3F5005F15D072B1CC
:100EC000012A0CD0022A0AD0032A09D104E01AB15F
:100ED000012A06D0022A03D1C96AC90100D501201E
:100EE00010BDC96AA142FAD010BD002AF7D0012A6C
:100EF000F2D0022AF3D0032AF3D010BD704772B6A5
:100F0000FEE70000C90710B50BD006498424CB6862
:100F100044EA002423F4E660C860C8681043204314
:100F2000C86010BD0020005201F0FCBDF8B50027DC
:100F3000044615460E46009790F8500001280BD045
:100F4000012084F850002046FFF7A8FD0100606DE5
:100F500004D040F010002DE00220F8BD20F48850AD
:100F600040F002006065206806F4803205F080439E
:100F7000134D1A4383682B401A4342F000428260AB
:100F8000104A20680EE0009B5B1C0093934209D33B
:100F9000606D84F8507020F0020040F01000606531
:100FA0000120F8BD8368DB0FEDD1606D20F00200F9
:100FB00040F001006065084684F85070F8BD0000FC
:100FC000C0FFFE3F00F8C3252DE9F0470F4690F81B
:100FD00050109AB0044601294FF0000915D00026A0
:100FE000DFF8F880012084F85000159616962168E5
:100FF00041450ED13A4D0095284606F0FBFC82464D
:10100000206806F0F7FC60B10EE002201AB0BDE8DF
:10101000F087606D84F8506040F02000606501202A
:10102000F4E7BAF1000F09D0616D4FF0010941F00A
:1010300020006065484684F85060E7E72068414634
:10104000884201D0A84201D1264800E0264840F657
:101050001F72D7F800C0254BBCF1000F23D0D0F889
:1010600008C0D7F804802CF4404C4CEA080CC0F8B7
:1010700008C0D4F800C08C4501D0AC4507D18968C0
:10108000AB6801F0010103F00103194302E0996824
:1010900001F001010029CDD1BD6839688368294379
:1010A0009343194317E0876827F440478760276810
:1010B0008F4201D0AF4207D18968AB6801F00101CE
:1010C00003F00103194302E0996801F001010029CE
:1010D000B0D1816891438160ACE7000000200240FC
:1010E00000210240002302400063025800600258C1
:1010F0002DE9F84F0446EB4E0020DFF8ACB300902A
:10110000002794F850000D46DFF8A0A3012808D06E
:101110004FF0010984F85090206806F067FC18B180
:1011200071E10220BDE8F88F286800280EDB2168F5
:101130000303CA6928D090FAA0F0B0FA80F000BF8B
:1011400000F01F0309FA03F00243CA61D5E9001257
:101150004FF00C0C20681F23C1F384610CEA921C31
:1011600002F01F02604493409140026B9A430A438D
:101170000263206806F03AFC8046206806F032FCE4
:1011800058EA000003D08DE0C0F38460D8E72A68F5
:10119000042320684FF0070CA96803EAD2531844CF
:1011A0004369C2F304520CFA02FC914023EA0C0397
:1011B0000B434361BE490968B9EB117F06D1216831
:1011C0006869C968C1F38201490008E02068C16804
:1011D000C906C1686869F5D501F010014908884061
:1011E000296904292ED023682A6803EB810102F0C3
:1011F000F8420B6E024303F0004010430866697E1C
:1012000022682869012917D05FF0000102EB8000F5
:10121000026E22F000420A430266297E20682A6993
:1012200001290CD00021036902F01F02914023F430
:10123000F0420A43026135E04FF00041E6E74FF427
:101240000061F0E720682978026E02F0F842B2EB04
:10125000816F03D1016E21F0004101662068297879
:10126000426E02F0F842B2EB816F03D1416E21F081
:101270000041416620682978826E02F0F842B2EBA4
:10128000816F03D1816E21F0004181662068297849
:10129000C26E02F0F842B2EB816F03D1C16E21F051
:1012A0000041C1662068816811F0010F72D150F8C9
:1012B000C03F2A7BDFF8FCC1296802F018022CFA33
:1012C00002FCC1F3130823EA08030CEA010C43EA09
:1012D0000C030360E96859456CD177482268DFF850
:1012E000DCC1DFF8DCB18242DFF8D8E17648774B29
:1012F000DFF8DC8122D12968614524D0B1EB4C0CA8
:1013000038D0A1F1496CBCF1080C35D0A1F1865C54
:10131000BCF1100C32D0DFF8BCC1614528D071455A
:101320003AD0814230D0994232D06B48814201D1CB
:101330006A4831E041452ED169482DE0B2422AD1B8
:101340002968614501D1012026E0A1F1066CBCF1BC
:10135000040C0FD0A1F1496CBCF1080C0CD0A1F128
:10136000865CBCF1100C09D0DFF868C1614507D17B
:101370005C4811E058460FE05B480DE05B480BE02D
:10138000714509D0814201D1184605E09942D1D179
:10139000574801E03CE00020D16903031AD090FADD
:1013A000A0F0B0FA80F000BF00F01F0309FA03F0CC
:1013B0000143D161D5F800C0BCF1000F28DA3E4BE3
:1013C00020684C49DFF83091984201D0B04203D1F7
:1013D0000A4602E0800EE7E74A469268984202F029
:1013E000E07201D0B04209D19D68D6F8088005F0BE
:1013F000010508F0010845EA080503E0DAF808509D
:1014000005F001054DB1606D012740F020006065D9
:10141000002084F85000384684E6384DAC451CD195
:1014200015021AD45045F3D1984202D0B04200D0F0
:1014300049468B6842F4000023F0E07202438A6060
:1014400030492F480968B1FBF0F04000801C00E0F3
:10145000401E00900028FBD1DAE72B4DAC450CD1A3
:10146000D5010AD45045D3D1984202D0B04200D021
:1014700049468B6842F080700EE0244DAC45C7D1E0
:101480005502C5D45045C3D1984202D0B04200D0D5
:1014900049468B6842F4800023F0E07202438A6080
:1014A000B6E70000002102400000FF47006002583C
:1014B0000010005CFFFF0F0000200240020030041B
:1014C000400020190004002A0008302E001060326D
:1014D0000000844B2000F01400002143000052471C
:1014E0000000B84F0002B0258000501D000180218F
:1014F000002090360023024000630258000084CB95
:10150000400D0300C8000020000052C70000B8CF03
:101510000068006C70470000F8B54FF0000604004A
:101520003546009602D0606D10B107E00120F8BD8D
:10153000204600F005F9A66584F8506020688168AF
:10154000C1F3407119B18168704A1140816020680F
:101550008168C1F3007181B981686D4A114041F021
:10156000805181606C496B480968B1FBF0F0401C08
:1015700000E0401E00900028FBD120688168C1F384
:10158000007141B9616D012541F010016165A16DE6
:1015900041F00101A16506F029FA616DC90600D488
:1015A00020B1606D012540F0100093E0606D20F4E3
:1015B000807040F0020060652068816811F0010FC2
:1015C0001FD1564A564B904201D0984207D191689C
:1015D0009E6801F0010106F00106314303E0514924
:1015E000896801F0010161B9904201D0984201D1AE
:1015F0004D4800E04D488268616822F47C120A433D
:10160000826001F017FC41F20301884202D9A06810
:1016100010280CD0617D227FA368206B490341EA2A
:10162000024118430843217F01290CD010E0607D5E
:10163000227F216B400340EA024241F01000104338
:1016400040F00C00EFE7218C394A02EB414108439E
:10165000616A29B1A26A01F47871014342EA01008A
:101660002168344BCA681A400243CA60206806F0F9
:10167000BDF90646206806F0B5F930431DD1216852
:1016800044F20303267DE26AC86842EA8632984340
:101690001043C86094F8380001281ED02068016902
:1016A00021F0010101612068626B016921F0704144
:1016B000114301612046FFF7FBF8E068012820682C
:1016C0001CD0016B21F00F010163606D20F002005E
:1016D00040F0010060652846F8BD2068A28F164FD3
:1016E000D4E9101C154E07EB0247A36C026941EACE
:1016F0000C013B43324019431143D3E7A269016B0C
:10170000521E21F00F011143DEE70000C0FFFF5F12
:10171000C0FFFF7F400D0300C800002000200240F2
:10172000002102400060025800230240006302587A
:101730000000FEFF03C0F0FF0100FFFF1EF800FCE9
:1017400030B587B0044614216846FEF70DFE274ADF
:101750002168274891422BD1254908390A6842F06F
:1017600020020A60096801F020010591016841F03A
:1017700004010160016801F004010591016841F074
:1017800002010160006803240025694600F00200A0
:10179000059010208DE83100164801F02BFA022048
:1017A00069468DE83100144801F024FA07B030BDD5
:1017B000124A9142FAD1016841F0807101600168DA
:1017C00001F080710591016841F004010160006839
:1017D00000F0040005904FF08060014604F06CFFBB
:1017E0004FF00060014604F067FFDFE70020024091
:1017F000E0440258000802580004025800600258F1
:101800002DE9F047434D0446006888464249434B62
:10181000A842DFF80C9101D0484501D10A4600E00A
:101820001A46926802F01F062269082A14D0AEB147
:10183000052E13D0092E11D0A84202D0484500D061
:101840001946886800F4404058B1606D40F02000AF
:1018500060650120BDE8F087082703E0C068C00785
:10186000F2E7042701F0ECFA824618E0B8F1FF3FF6
:1018700015D001F0E5FAA0EB0A01414502D8B8F114
:10188000000F0CD120680068384208D1606D00213B
:1018900084F8501040F0040060650320DAE7206807
:1018A00000683842E2D0606D40F4007060652068E6
:1018B00006F0A4F880B1607D70B920680068000768
:1018C0000AD5606D20F480706065606DC00403D43B
:1018D000606D40F0010060652068484501D12A46EE
:1018E00000E00246824210D07EB1052E0DD0092EB6
:1018F0000BD0484500D00546E968082F07D04904B9
:1019000001D40C2101600020A4E7C168F5E708219B
:10191000F8E7000000200240002302400063025864
:10192000002102402DE9F0413B4D044600683B4F49
:10193000A84201D0B84201D1394900E0394989684B
:1019400001F01F0606F052F818B102210846BDE862
:10195000F08194F8500001280CD0012084F8500048
:101960002046FFF7D3F801004FF0000204D084F8BE
:101970005020EBE70220EAE7636D40F6016C206837
:1019800023EA0C03B84243F48073636501D12B460C
:1019900000E00346834200D01EB9636D23F4801338
:1019A0006365636DDB0404D5A36D23F00603A365B3
:1019B00000E0A2651C23036084F850202068B84230
:1019C00001D12A4600E00246824215D0A6B1052E7A
:1019D00012D0092E10D0626DB84242F480126265B6
:1019E00000D00546E8688001B0D5606D20F4005055
:1019F00040F480506065A9E7C268920105D5626D28
:101A000022F4005242F4805262658268064B1A400A
:101A1000121D82609AE7000000200240002102406F
:101A20000023024000630258C0FFFF7F10B5044648
:101A300090F85000012808D0012084F850000321BC
:101A40002046FEF7B9FF10B10BE0022010BD204682
:101A5000FFF724F828B9616D21F4885141F00101A4
:101A60006165002184F8501010BD00002DE9F84F89
:101A7000044601F0E5F900903CB194F835000228E5
:101A800006D0802161650020E4E00120BDE8F88FE8
:101A9000C74DC74EC649183520683036DFF8148365
:101AA000DFF814938842DFF814A3DFF814B32ED0C4
:101AB000A8422CD0B0422AD0404528D0484526D054
:101AC000504524D0584522D0BD4A183290421ED0ED
:101AD000BC4A90421BD0BB4A1832904217D0B94A38
:101AE0003032904213D0B74A483290420FD0B54AB4
:101AF000603290420BD0B34A7832904207D0B14A5C
:101B00009032904203D0AF4AA832904209D1026885
:101B100022F01E0202602068426922F080024261C7
:101B200003E0026822F00E02026027688F42384606
:101B30004DD0A8424BD0B04249D0404547D048454F
:101B400045D0504543D0584541D09D4A1832904227
:101B50003DD09C4A90423AD09A4A1832904236D0B0
:101B6000984A3032904232D0964A483290422ED033
:101B7000944A603290422AD0924A7832904226D0DB
:101B8000904A9032904222D08E4AA83290421ED083
:101B90008D4A90421BD08C4A1432904217D08A4A08
:101BA0002832904213D0884A3C3290420FD0864A65
:101BB000503290420BD0844A6432904207D0824A1D
:101BC0007832904203D0804A8C32974204D1206E02
:101BD000026822F48072026075492068884228D029
:101BE000A84226D0B04224D0404522D0484520D03B
:101BF00050451ED058451CD071491831884218D024
:101C00007049884215D06F491831884211D06D490A
:101C1000303188420DD06B494831884209D069493A
:101C20006031884205D067497831884201D06549E2
:101C30009031016821F0010101600EE001F000F92E
:101C40000099401A052808D9202262650321002046
:101C500084F8351084F8340017E73868C007EDD1F0
:101C6000534A0121206890422ED0A8422CD0B04285
:101C70002AD0404528D0484526D0504524D0584544
:101C800022D04F4B183398421ED04E4B98421BD057
:101C90004C4B1833984217D04A4B3033984213D0EC
:101CA000484B483398420FD0464B603398420BD094
:101CB000444B7833984207D0424B9033984203D03C
:101CC000404BA833984208D194F85C703F23A06D34
:101CD00007F01F07BB40836007E094F85C30A06DFD
:101CE00003F01F0301FA03F34360206890424DD0D4
:101CF000A8424BD0B04249D0404547D0484545D096
:101D0000504543D0584541D02D4A183290423DD0DD
:101D10002C4A90423AD02B4A1832904236D0294A67
:101D20003032904232D0274A483290422ED0254A53
:101D3000603290422AD0234A7832904226D0214AFB
:101D40009032904222D01F4AA83290421ED01E4AA2
:101D500090421BD01C4A1432904217D01A4A2832A3
:101D6000904213D0184A3C3290420FD0164A50325B
:101D700090420BD0144A6432904207D0124A783213
:101D8000904203D0104A8C3290420BD1D4E9190210
:101D90004260E06E30B1026822F480720260D4E9E1
:101DA0001C024260002084F8351084F834006DE68F
:101DB00010000240580002407000024088000240BB
:101DC000A000024010040240085402582DE9F05FC0
:101DD00028B190F83510022904D0802141650120F6
:101DE000BDE8F09F904C904B0168183C18338E4A28
:101DF000DFF83C92A1428D4CDFF838E28E4FDFF8DD
:101E00003CB2DFF83CA28F4D8F4E31D091422FD0A3
:101E100099422DD0A1422BD0494529D0714527D0D8
:101E2000B94225D0DFF810C20CF1180C61451FD063
:101E3000DFF808C2ACF1600C614519D0DFF8FCC1D5
:101E4000ACF1480C614513D0DFF8F0C1ACF1300CB7
:101E500061450DD0DFF8E4C1ACF1180C614507D045
:101E6000594505D0514503D0A94201D0B1422CD1EA
:101E7000DFF8B4C14FF0040880F83580ACF1180CDD
:101E800061451DD091421BD0994219D0A14217D073
:101E9000494515D0714513D0B94211D06648183064
:101EA00081420DD065486038814209D06348483886
:101EB000814205D061483038814201D05F481838EE
:101EC000086820F001000860ABE0D1F800C02CF0F9
:101ED0000E08DFF854C1C1F80080ACF1180C01689D
:101EE000614527D0914225D0994223D0A14221D0EB
:101EF00049451FD071451DD0B9421BD0DFF838C10C
:101F00000CF1180C614515D0DFF830C1ACF1600C54
:101F100061450FD0DFF824C1ACF1480C614509D010
:101F2000DFF818C1ACF1300C614503D0DFF80CC10B
:101F3000ACF1180CD1F800C02CF0010CC1F800C0B5
:101F4000DFF8E4804FF0010C0168A8F11808414562
:101F500046D0914244D0994242D0A14240D0494516
:101F60003ED071453CD0B9423AD0334A1832914202
:101F700036D0324A603A914232D0304A483A9142A1
:101F80002ED02E4A303A91422AD02C4A183A914209
:101F900026D0594524D0514522D0A94220D0B14263
:101FA0001ED02A4A91421BD0284A1432914217D09F
:101FB000264A2832914213D0244A3C3291420FD013
:101FC000224A503291420BD0204A6432914207D0CB
:101FD0001E4A7832914203D01C4A8C32914218D169
:101FE000016E0A6822F480720A6090F85C20816DAC
:101FF00002F01F020CFA02F24A60D0E919124A609C
:10200000C16E31B10A6822F480720A60D0E91C12F4
:102010004A600022016D80F835C080F8342001B19B
:1020200088470020DCE600002800024058000240FB
:102030007000024088000240A0000240700402408C
:1020400088040240A0040240B80402400854025828
:102050002DE9FC5F0446F74E0020DFF8D88300909E
:102060004FF41652F44808F11808A56DDFF8C49330
:10207000DFF8C0A3016809F1300920680AF1480AB5
:10208000B1FBF2F1B04201912F68D5F800C0DFF842
:10209000ACB335D04146884232D0484530D0504567
:1020A0002ED058452CD0E5491831884228D0E34934
:1020B0003031884224D0E1494831884220D0E0497B
:1020C00088421DD0DE491831884219D0DC493031B0
:1020D000884215D0DA494831884211D0DFF860E3F0
:1020E0000EF1600E70450BD0D54A7832904207D081
:1020F000D34B9033984203D0D149A83188427DD147
:1021000094F85C20082102F01F0201FA02F23A4220
:102110004AD0B04232D0404530D048452ED050450C
:102120002CD058452AD0C54A1832904226D0C34AEE
:102130003032904222D0C14A483290421ED0C04A2A
:1021400090421BD0BE4A1832904217D0BC4A30325F
:10215000904213D0BA4A483290420FD0B84A603207
:1021600090420BD0B64A7832904207D0B44A9032AF
:10217000904203D0B24AA832904203D1026802F0E2
:10218000040202E0026802F008026AB1026822F06A
:102190000402026094F85C0000F01F008140A96016
:1021A000606D40F00100606594F85C00012100F072
:1021B0001F008140394240D02068B04234D04045B1
:1021C00032D0484530D050452ED058452CD09B4A6F
:1021D0001832904228D0994A3032904224D0974AFF
:1021E0004832904220D0964A90421DD0944A1832EC
:1021F000904219D0924A3032904200E0AFE113D0C1
:102200008F4A483290420FD08D4A603290420BD0B4
:102210008B4A7832904207D0894A9032904203D05C
:10222000874AA83290427DD1406910F0800F04D0D7
:10223000A960606D40F00200606594F85C000421C4
:1022400000F01F00814039423ED02068B04232D0B9
:10225000404530D048452ED050452CD058452AD046
:10226000764A1832904226D0744A3032904222D0B8
:10227000724A483290421ED0714A90421BD0704A36
:102280001832904217D06E4A3032904213D06C4AC6
:10229000483290420FD06A4A603290420BD0684A6E
:1022A0007832904207D0664A9032904203D0644A16
:1022B000A83290424ED1006810F0020F04D0A960FD
:1022C000606D40F00400606594F85C00102100F03F
:1022D0001F008140394258D02068B04234D0404578
:1022E00032D0484530D050452ED058452CD0534A96
:1022F0001832904228D0514A3032904224D04F4A6E
:102300004832904220D04E4A90421DD04C4A18325A
:10231000904219D04A4A3032904215D0484A483249
:10232000904200E014E00FD0454A603290420BD05A
:10233000434A7832904207D0414A9032904203D0CB
:102340003F4AA832904207D1006800F0080006E03A
:10235000006872E70068B7E7006800F00400A0B109
:10236000A96020680168490304D50068000308D506
:10237000A16C07E00168C90503D4016821F00801D8
:102380000160216C09B12046884794F85C00202147
:1023900000F01F008140394279D02068B04232D02D
:1023A000404530D048452ED050452CD058452AD0F5
:1023B000224A1832904226D0204A3032904222D00F
:1023C0001E4A483290421ED01D4A90421BD01C4AE1
:1023D0001832904217D01A4A3032904213D0184A1D
:1023E000483290420FD0164A603290420BD0144AC5
:1023F0007832904207D0124A9032904203D0104A6D
:10240000A832904203D1006800F0100002E000689A
:1024100000F00200B0B3A96094F8350004282068E9
:1024200001680FD049037ED5006800032BD4616C8E
:102430002AE0000010000240C800002070000240A6
:102440001004024021F0160101602068416921F06A
:1024500080014161206C08B9A06C20B1206801683E
:1024600021F00801016094F85C303F21012003F065
:102470001F0300229940A96084F8350084F83420B5
:10248000216D65E003E0E16B09B120468847606D8E
:1024900000287DD0606DC00759D02068042184F8E1
:1024A0003510B0422BD0404529D0484527D0504563
:1024B00025D0584523D09D49884220D09B491831CA
:1024C00088421CD099493031884218D098498842B6
:1024D00015D097491831884211D09549303188423A
:1024E0000DD093494831884209D0914960318842E2
:1024F00005D08F497831884201D08D4990310168EB
:1025000021F00101016020680099019A491C0091A5
:10251000914202D80168C907F6D10068C00710D0FF
:1025200003200FE0FFE70168C905ACD4036801216F
:10253000002223F01003036084F8351084F834205F
:10254000A1E7012084F83500002084F83400E16C14
:1025500000291DD002B02046BDE8F05F084775494C
:1025600088421DD073491431884219D071492831ED
:10257000884215D06F493C31884211D06D495031A5
:1025800088420DD06B496431884209D0694900E026
:1025900084E07831884203D066498C3188427DD10D
:1025A00094F85C800427016808F01F0807FA08F710
:1025B00017EA0C0F009746D04F0744D500980F0438
:1025C000686003D5C8033CD4A16CC1E7880638D441
:1025D0002068B0422DD055496039884229D04845FD
:1025E00027D0504525D0584523D05049884220D087
:1025F0004E49183188421CD04C493031884218D09D
:102600004B49884215D04A491831884211D048496F
:10261000303188420DD046494831884209D0704552
:1026200007D0904205D0984203D04149A831884252
:1026300003D1016821F0080102E0016821F00401E2
:102640000160216C84E7022707FA08F717EA0C0FEC
:1026500000974ED08F074CD500980F04686003D5C3
:10266000C80344D4616C73E7880640D42068B04244
:102670002FD02E49603988422BD0484529D050456B
:1026800027D0584525D02949884222D027491831DA
:1026900088421ED025493031884200E044E018D0FD
:1026A0002349884215D022491831884211D0204947
:1026B000303188420DD01E494831884209D07045DA
:1026C00007D0904205D0984203D01949A8318842DA
:1026D00003D1016821F0140102E0016821F00A0130
:1026E0000160012184F83510002084F83400E16B8A
:1026F0002EE7082202FA08F212EA0C0F14D009079A
:1027000012D5016821F00E01016094F85C100120DF
:10271000002201F01F0100FA01F16960606584F890
:10272000350084F8342012E7BDE8FC9F88000240A1
:1027300010040240085402582DE9F05F044600F0EE
:102740007FFB002C07467DD0E34E022120684FF02E
:102750000308DFF888934FF00005DFF884A3B04248
:10276000DFF880B334D0DC4A1832904230D048458C
:102770002ED050452CD058452AD0DA4A18329042F3
:1027800026D0D84A3032904222D0D64A483290429F
:102790001ED0D54A90421BD0D34A1832904217D04F
:1027A000D14A3032904213D0CF4A483290420FD0B3
:1027B000CD4A603290420BD0CB4A7832904207D05B
:1027C000C94A9032904203D0C74AA83290427DD184
:1027D00084F83510B04284F834502ED0BE491831F8
:1027E00088422AD0484528D0504526D0584524D084
:1027F000BC491831884220D0BA49303188421CD0B7
:10280000B8494831884218D0B749884215D0B649EE
:102810001831884211D0B449303188420DD0B249C4
:102820004831884209D0B0496031884205D0AE496C
:102830007831884201D0AC499031016821F0010122
:10284000016008E027E100BF00F0FAFAC01B05288C
:1028500001D920211CE120680068C007F4D104F1EF
:1028600008002168D4E9053C8E4685C809681043F4
:10287000D4E907281F43636A38439C4F40EA0C00A1
:102880001043394040EA0800042B40EA010003D11C
:10289000D4E90B1211430843954909686FF30F01FE
:1028A000B1F1005F0FD36168A1F12902052A08D9AF
:1028B000163A032A05D9083A012A02D94F390329C1
:1028C00001D840F48010CEF8000000E023E020683A
:1028D000676A4069042F20F0070047EA00070DD11E
:1028E000D4E90A01074349B12046FEF7DDFA28B1D1
:1028F00040206065012184F83510CCE020684761F4
:102900002046FEF7EFF994F85C203F2102F01F0209
:102910009140816054E0774A90421BD0754B14334C
:10292000984217D0734B2833984213D0714B3C33E5
:1029300098420FD06F4B503398420BD06D4B64339D
:10294000984207D06B4B7833984203D0694B8C3355
:1029500098427DD184F8351084F83450664B016874
:10296000A26801EA030E402A73D0802A72D00022A6
:10297000D4E90378D4E9053142EAD70242EAD8081B
:102980005C4AD4E9077C48EAD30848EAD10141EA25
:10299000D701524241EA1C11142341EA0E010160A1
:1029A00020681044B0FBF3F08000E0652046FEF79D
:1029B00099F994F85C20012102F01F0291404160D6
:1029C0002068B04257D044491831884253D0484516
:1029D00051D050454FD058454DD0424918318842CA
:1029E00049D040493031884245D03E49483188423B
:1029F00041D03D4988423ED03B49183188423AD0C7
:102A000039493031884236D037494831884232D04E
:102A10003549603188422ED03349783188422AD0F6
:102A200031499031884226D02F49A831884222D09E
:102A3000304988421FD02F49143188421BD02D497C
:102A40002831884217D02B493C31884213D002E00C
:102A50001DE017E018E02749503188420BD0254986
:102A60006431884207D023497831884203D0214914
:102A70008C31884229D12046FEF78EF9A068802843
:102A80000CD00CE0102273E74FF4804270E7402135
:102A9000616584F835800120BDE8F09F6560216E96
:102AA00020790860D4E9190141606068401E072858
:102AB00008D82046FEF7BEF9E06E0560D4E91C0197
:102AC000416002E0E566256765670120656584F879
:102AD00035000020E0E70000100002404000024006
:102AE0005800024070000240100402403F8010FE77
:102AF0000010005C085402580F00FEFF70B5044639
:102B000000F09EF90546601C02D004480078044499
:102B100000F096F9401BA042FAD370BDBC00002023
:102B2000704700002DE9F0412F4D00264FF0FF388F
:102B300028692E4CC043C00313D420784FF480374B
:102B400001282BD02078022841D007283FD0032825
:102B500041D0042805D0052803D0062801D02670CE
:102B60006F61286910F4DC000ED0A1690143A161F6
:102B700068612078012830D0022832D0072830D070
:102B80002069267000F034F82078002804D1E86825
:102B900020F4DE00E8602675BDE8F0816068401E24
:102BA0006060606860B1E068FFF7BAFF6F61E0687D
:102BB000401CE060E068A2680121FEF7A3F9D0E7BD
:102BC000C4F80C802670E068FFF7AAFFC8E7012070
:102BD000FFF7A6FFC3E72069FAE7E068C4F80C80B6
:102BE000CFE70120CDE7000000200052902B00200D
:102BF000704700002DE9F84F03247D4D00234FF06E
:102C000001094FF0B04B4FF00F0AE9E009FA03F762
:102C10003A4076D00E7906F00306012E01D0022E3E
:102C200018D1D0F808C04FEA430ECE6804FA0EF867
:102C30002CEA080C06FA0EF646EA0C068660D0F876
:102C400004C00E792CEA070CC6F300169E4046EA33
:102C50000C0646600E79F643B6070BD0C6684FEAFD
:102C600043088F6804FA08FC26EA0C0607FA08F7FE
:102C70003743C7600E7906F00306022E12D1DE0834
:102C80000F694FEA437C00EB8606B646366A4FEA88
:102C9000DC6C0AFA0CF807FA0CF726EA0806374348
:102CA000CEF820700F7906684FEA430807F0030753
:102CB00004FA08FC07FA08F726EA0C06374307600F
:102CC0004E6816F4403F1CD04A4E376847F0020762
:102CD000376036689F0706F00206009623F0030669
:102CE00006F1B046B6463F0FD6F80864DFF8088113
:102CF0000AFA07FC404526EA0C0603D14FF0000C07
:102D000041E06CE0DFF8F4C0604502D14FF0010C07
:102D100039E0DFF8ECC0604502D14FF0020C32E040
:102D2000DFF8E0C0604502D14FF0030C2BE0DFF884
:102D3000D8C0604502D14FF0040C24E0DFF8CCC0CD
:102D4000604502D14FF0050C1DE0DFF8C4C06045BE
:102D500002D14FF0060C16E0DFF8B8C0604502D192
:102D60004FF0070C0FE0DFF8B0C0604502D14FF024
:102D7000080C08E0DFF8A4C0604502D14FF0090C50
:102D800001E04FF00A0C0CFA07FC4CEA060CCEF8F6
:102D900008C44F68DBF80060FF0226EA020600D58F
:102DA00016435F46CBF80060D1F804C0DBF804603E
:102DB0005FEA8C2C26EA020600D516437E606E6818
:102DC0004F6826EA0206BF0300D516436E602E68E0
:102DD0004F6826EA0206FF0300D516432E605B1CEF
:102DE0000A6832FA03F67FF411AFBDE8F88F0000ED
:102DF00080000058F44402580000025800040258B1
:102E000000080258000C0258001002580014025822
:102E100000180258001C02580020025800240258D2
:102E20000069084000D0012070470AB181617047F5
:102E30000904FBE701480068000C70470010005CC3
:102E40000148806870470000BC000020024881688B
:102E50000278114481607047BC000020032010B547
:102E600000F0DCF802F028F80F4A104914681368E3
:102E7000C4F3032203F00F038A5CC95C02F01F0253
:102E800001F01F01D0400A4A20FA01F111600949FE
:102E900008600F2000F010F808B1012010BD00F00C
:102EA00079F8002010BD00001844025892ED000887
:102EB000CC000020C800002070B50D4D04462878D5
:102EC000A0B14FF47A71B1FBF0F00A490968B1FB87
:102ED000F0F003F0F9FB48B9102C07D2002221468C
:102EE000501E00F07BF800206C6070BD012070BDAA
:102EF000BC000020C8000020154BF0B5083B42780C
:102F000013491A600B680A1F23F001030B60436822
:102F10001360057BC67A827A437B2D07847B45EA62
:102F20000665C77B90F809C0067A90F800E045EA8C
:102F3000C24040EA834040EA444040EA074040EA59
:102F40000C2040EA460040EA0E000860F0BD000098
:102F5000A0ED00E0BFF35F8F044800210368034A3F
:102F600023F48033036070321160704724ED00E079
:102F7000074A40F00100064970321060086840F4CA
:102F800080300860BFF34F8FBFF36F8F7047000032
:102F900024ED00E0094808B5016841F00201016034
:102FA00000680022114600F002000090042000F0AA
:102FB00015F8BDE80840042000F002B8F4440258B7
:102FC000002809DB410900F01F028900012001F1FE
:102FD000E0219040C1F80001704700000E4BF0B4B2
:102FE0001B680D46C3F30223C3F10706042E00D964
:102FF0000426191D072901D2002300E0DB1E01244D
:1030000004FA06F19C40491E2940641E9940144070
:103010002143F0BC08F09CBE0CED00E0064900F036
:10302000070210B54FF6FF040868044B204040EA41
:1030300002201843086010BD0CED00E00000FA0506
:1030400001680123C0F8D834002280F8CC248869B4
:10305000044A40F000608861486D104348650020D4
:1030600070470000030000107047006841620020B4
:103070007047F0B503685D6A39B19F6A4C1E002045
:103080004FF4827605EB17450BE045EA0240986263
:1030900010E0471C06EB800053F800C0F8B205EBC7
:1030A0001C45A042F5D34FF4807000EB810045EA47
:1030B00002421A500020F0BDD0F8E00407F081BDB4
:1030C00001EBC10200EB8202D0F8E004126A07F0C3
:1030D000D4BC01EBC10200EB8202D0F8E004D2F8CC
:1030E000602207F026BDD0F8E00407F06CBD0A06A8
:1030F00001F00F0101EBC10100EB810101D5143199
:1031000001E001F51571006808F058BC01F00F02EC
:103110000B0670B502EBC20104464FF001004FF000
:10312000000504EB810102D54875143103E081F8F4
:10313000555201F515710A7094F89424012A08D0AB
:1031400084F89404206808F057F9002084F8945417
:1031500070BD022070BD70B50279044601F00F0009
:10316000904201D9012070BD01F00F024FF000051F
:103170000B0602EBC2014FF0010204EB810102D504
:103180004A75143103E081F8555201F515718D70BF
:10319000087094F89404012808D084F894242068D6
:1031A00008F094FA002084F8945470BD022070BD99
:1031B00001F00F0101EBC10100EB8100D0F86802C2
:1031C00070472DE9F04101F00F0604460D064FF05F
:1031D000010006EBC6014FF0000504EB810102D5AA
:1031E0004875143103E081F8555201F51571C2F3A9
:1031F0000A024F780B718A600E7007B14E83022B62
:1032000000D14D7194F89424012A09D084F89404D3
:10321000206808F039F8284684F89454BDE8F08115
:103220000220FBE770B501F00F05002405EBC50196
:1032300000EB810101F5187181E81C0001F80B4CCD
:1032400001F80C5D8379012B00D1CA618279006895
:1032500008F094FA002070BD70B50D46017904465F
:1032600005F00F00884201D9012070BD29064FF0FA
:1032700000064FF0010206D500EBC00104EB81010E
:103280004A75143107E005EBC50104EB810181F8B3
:10329000556201F515718A70087094F8940401283C
:1032A00007D084F89424206808F03CFA280702D05C
:1032B00007E0022070BDA17904F29C42206808F06A
:1032C000D9F9002084F8946470BD70B501F00F0442
:1032D000002504EBC401012600EB8101203181E8C7
:1032E0002C0001F80B6C01F80C4D8379012B00D1F7
:1032F000CA618279006808F041FA002070BD0000C0
:103300002DE9FC5F05680446284608F0F3FB002819
:103310007ED1206808F01AFC002879D0D5F808087A
:10332000C0F30D20C4F8D404206808F00FFC800717
:1033300004D52068416901F002014161206808F06C
:1033400005FCC10604F29C40009035D520688169D7
:1033500021F0100181612F6A07F00F01C7F343408C
:1033600001EBC101022804EB810606F5157602D0B7
:10337000062812D01BE047F6F070074217D0C7F3BB
:103380000A12F1681746284608F0E4FB7169F068F4
:10339000394471613844F06009E0009908222846F8
:1033A00008F0D8FB7069C7F30A11084470612068FF
:1033B000816941F010018161206808F0C7FB0003BA
:1033C0004FF0080B4FF0000A4FF001097CD5206840
:1033D000002608F09AFB074674E0F80770D02068D2
:1033E000F1B208F0ABFB8046C00707D005EB4611F1
:1033F000C1F8089B3146204604F04EFD5FEA087094
:1034000024D505EB4611C1F808BBFA49206800E055
:103410003EE2026C00EB461001928A42D0F8081B93
:1034200005D9090403D54FF40041C0F8081B204614
:1034300000F01FFBEF490198884207D9A0790128C5
:1034400004D120680121009A08F014F95FEAC860ED
:1034500004D505EB46111020C1F8080B5FEA88700F
:103460001DD56869000605D5D5F8040840F48061CB
:10347000C5F8041806EBC60004EB800090F857125C
:1034800000F51570012905D180F803A02046F1B29E
:1034900000F004FA05EB46110220C1F8080B5FEAC0
:1034A000886004D505EB46112020C1F8080B5FEABF
:1034B000884005D505EB46114FF40050C1F8080BC4
:1034C0007F08761C002F88D1206808F03FFB40035E
:1034D0006ED5206808F012FB0026074666E0F80764
:1034E00062D02068F1B208F017FB8046C00723D0F5
:1034F000D5F8342806F00F0C05EB461309FA0CF04A
:103500008243C5F83428C3F80899A07901280FD15F
:1035100006EBC60004EB8000D0E9072111440162EC
:1035200036B9606A20B920680121009A08F0A2F833
:103530002046F1B2FFF7C4FD5FEA087003D505EB42
:103540004611C1F808B95FEAC86004D505EB461119
:103550001020C1F808095FEA486004D505EB461160
:103560004020C1F808095FEA887016D53146284620
:1035700008F095FA06EBC60004EB8000C17D14301C
:10358000012905D180F803A02046F1B200F082F9AC
:1035900005EB46110220C1F808095FEA086003D56F
:1035A0003146204604F0DEFC7F08761C002F96D1C1
:1035B000206808F0CBFA002811DAD5F8040820F0CA
:1035C0000101C5F8041894F8CC0401283BD020462A
:1035D00000F034FA2068416901F00041416120683F
:1035E00008F0B4FA00050BD5D5F80808C00702D0DA
:1035F000204600F067FA2068416901F400614161EA
:10360000206808F0A3FA00010AD52068416901F09A
:103610000061416194F8CC04E0B1204600F052FA18
:10362000206808F093FAC00472D5D5F8040820F099
:103630000100C5F804082068102108F030FA0021C4
:103640004FF67F322DE00021204684F8CCA4FFF70E
:103650000BFDBFE784F8CC942068406D0121C0F3D6
:103660008300C4F8D0042046FFF7FEFCD8E700BF73
:1036700005EB4110C0F80829D0F8003923F40013F5
:10368000C0F80039C0F8082BD0F8003B23F4001331
:10369000C0F8003BD0F8003B43F00063C0F8003BAB
:1036A000491C20798842E3D8D5F81C0840F0011164
:1036B000C5F81C18E07B68B1D5F8840840F00B0110
:1036C000C5F88418D5F8440840F00B012846C5F821
:1036D00044180DE0D5F8140842F22B010843C5F850
:1036E0001408D5F8100840F00B012846C5F810184A
:1036F000D0F8000820F4FE61C5F80018A179206810
:10370000009A07F0B7FF2068416901F480514161D8
:10371000206808F01BFA800416D5206807F0F4FD35
:10372000206808F0DAF9E07101F080FB23680146B7
:10373000E279184608F06EFA204600F069F9206830
:10374000416901F400514161206808F0FFF9000768
:1037500007D5204600F076F92068416901F008019C
:103760004161206808F0F2F9000615D5A869012624
:1037700020F08001A9610CE006EBC60004EB80009C
:1037800090F85702012803D12046F1B2FFF7AFFCB1
:10379000761C2079B042EFD8206808F0D7F9C00233
:1037A0001FD501264F4614E006EBC60005EB461375
:1037B00004EB8001D3F800090A7E012A08D1002811
:1037C00006DAF0B2CF7540F080012046FFF78FFC9B
:1037D000761C2079B042E7D82068416901F4801155
:1037E0004161206808F0B2F9800234D501204A46D0
:1037F00029E000000A30544F00EBC00305EB4016EF
:1038000004EB8301D6F8006B91F85832012B19D1E3
:10381000002E17DA94F8D434C6F3004603F00103FF
:10382000B3420FD181F85722A96941F08003AB61FF
:103830006969090606D4D5F8040840F40070C5F893
:10384000040803E0401C21798142D5D820684169F1
:1038500001F400114161206808F078F9400007D5B3
:103860002046FFF729FC2068416901F08041416151
:10387000206808F06BF940070AD52068456868079A
:1038800002D52046FFF72FFC20684168294341609C
:10389000BDE8FC9FD0F8E00407F0EBB9D0F8E004F5
:1038A00007F0FBB9F8B5040004D094F8950400259E
:1038B00010B106E00120F8BD204684F8945400F0D1
:1038C00057F8032084F89504206807F0CDFE207C8B
:1038D0008DF8000094E80F0007F024FD0226B0BB2D
:1038E0002068002108F056F988BB002001270CE071
:1038F00000EBC001421C04EB81014F750D76CD61D8
:103900000D624D620875C885D0B221798142EFD829
:10391000002011E000EBC001421C04EB810181F8A2
:10392000555281F85852C1F85C52C1F86052C1F842
:10393000645281F85402D0B221798142EAD8207CC5
:103940008DF8000094E80F0007F0D8FD10B184F85E
:103950009564AFE7207B657484F89574012802D1E3
:103960002046FFF76DFB206807F0BAFD0020F8BD88
:1039700010B5B6B00446142130A8FCF7F5FCC02100
:103980006846FCF7F1FC1F492068884238D10020C6
:103990004FF480214FF440122292CDE90010684686
:1039A00000F040FC08B1FDF7AAFA00F0CDF8164887
:1039B000016841F00101016000680A23022200F061
:1039C0000100359000204FF4C051309130A9CDE96D
:1039D0003120CDE933030D48FFF70CF90A480838C8
:1039E000016841F00061016000680022114600F0AA
:1039F000006035906520FFF7F1FA6520FFF7E0FAE7
:103A000036B010BD00000840E044025800000258E3
:103A100070B50446C079012570B1022801D0FDF7C8
:103A20006EFAD4F8E004294607F0A6F9D4F8E004C9
:103A3000BDE8704007F05AB90025F2E7D0F8E0047D
:103A400007F083B9D0F8E00407F089B910B504464F
:103A500090F8940401280AD00120617484F8940439
:103A6000206808F0C6F8002084F8940410BD0220F5
:103A700010BDD0F8E02400F29C41104607F088B950
:103A800010B590F8941404460068012909D001216A
:103A900084F89414C168490609D5617B012902D0D4
:103AA00005E0022010BD816B41F480318163206804
:103AB00007F0D3FF206807F005FD002084F8940488
:103AC00010BD000010B50446D0F8E00407F0A2F9DC
:103AD0002068D0F8001E41F00101C0F8001EE07A15
:103AE000002804D00248016841F00601016010BDC1
:103AF00010ED00E0134970B50A68D243520705D5AE
:103B0000096801F00701814213D118E00A6822F028
:103B1000070202430A60FFF793F90A4D4FF47A76E1
:103B20000446083D07E000BFFFF78AF9001BB042DA
:103B300001D9012070BD2868C0438004F4D400205E
:103B400070BD00000C4802580248016841F08071C5
:103B5000016070470C4802580248016841F48071C6
:103B6000016070470048025810B501F05FF905493F
:103B70000968054AC1F30211515C01F01F01C840F8
:103B800010BD00002044025892ED00084A4930B5AB
:103B9000494C0B1D0A680C3409681D68246802F042
:103BA000030305F00102C1F30511C4F3CC0400299D
:103BB00014FB02F200EE102AF8EE400A76D0414AD9
:103BC0009FED3E1ADFED3E1AB7EE000A23B1012B3E
:103BD0005AD0022B18D15CE0374C283C23689B0656
:103BE00012D5394B246801EE901A1168C4F3C10450
:103BF000F8EE612AE34001EE903AC1F30801F8EED5
:103C0000611A81EEA22A07E002EE101A1168F8EE9E
:103C1000422A81EEA22A45E001EE901A1168F8EEE0
:103C2000611A40EE811A71EE800A62EE200AC1F339
:103C3000462101EE101AB8EE411A31EE001AC0EE1C
:103C4000811ABCEEE11A80ED001A1168C1F3064139
:103C500001EE101AB8EE411A31EE001AC0EE811AC8
:103C6000BCEEE11A80ED011A1168C1F3066101EEA4
:103C7000101AB8EE411A31EE000A80EE801ABCEE3E
:103C8000C10A80ED020A30BD01EE901ADFED0F2A65
:103C900003E001EE901ADFED0E2A1168F8EE611ACA
:103CA00082EEA12AC1F30801B6E7FFE70021016017
:103CB0004160816030BD0000284402580000003996
:103CC0000024744C304402580090D0030024744AFD
:103CD00020BCBE4B494930B5484C0B1D0A68143412
:103CE00009681D68246802F00303C5F30012C1F3DC
:103CF0000531C4F3CC04002914FB02F200EE102AB3
:103D0000F8EE400A75D03F4A9FED3D1AB7EE000A23
:103D10006BB1DFED3D1A012B01D0022B64D002EE16
:103D2000101A1168F8EE422A81EEA22A21E0334CE3
:103D3000283C23689B0612D5344B246801EE901A68
:103D40001168C4F3C104F8EE612AE34001EE903A31
:103D5000C1F30801F8EE611A81EEA22A0BE001EE30
:103D6000901ADFED2B2A00BFF8EE611A116882EE7F
:103D7000A12AC1F3080101EE901A1168F8EE611A48
:103D800040EE811A71EE800A62EE200AC1F34621EC
:103D900001EE101AB8EE411A31EE001AC0EE811A87
:103DA000BCEEE11A80ED001A1168C1F3064101EE84
:103DB000101AB8EE411A31EE001AC0EE811ABCEEAC
:103DC000E11A80ED011A1168C1F3066101EE101AC3
:103DD000B8EE411A31EE000A80EE801ABCEEC10A3C
:103DE00080ED020A30BD04E001EE901ADFED092AF1
:103DF000BAE70021016041608160F3E7284402587E
:103E000000000039384402580024744A0090D0035E
:103E10000024744C20BCBE4B494930B5484C0B1DA6
:103E20000A681C3409681D68246802F00303C5F39E
:103E30000022C1F30551C4F3CC04002914FB02F2A3
:103E400000EE102AF8EE400A75D03F4A9FED3D1A69
:103E5000B7EE000A6BB1DFED3D1A012B01D0022B4A
:103E600064D002EE101A1168F8EE422A81EEA22AFE
:103E700021E0334C283C23689B0612D5344B246840
:103E800001EE901A1168C4F3C104F8EE612AE34010
:103E900001EE903AC1F30801F8EE611A81EEA22A10
:103EA0000BE001EE901ADFED2B2A00BFF8EE611A4D
:103EB000116882EEA12AC1F3080101EE901A11687F
:103EC000F8EE611A40EE811A71EE800A62EE200A65
:103ED000C1F3462101EE101AB8EE411A31EE001A74
:103EE000C0EE811ABCEEE11A80ED001A1168C1F330
:103EF000064101EE101AB8EE411A31EE001AC0EE7A
:103F0000811ABCEEE11A80ED011A1168C1F3066155
:103F100001EE101AB8EE411A31EE000A80EE801A56
:103F2000BCEEC10A80ED020A30BD04E001EE901A39
:103F3000DFED092ABAE70021016041608160F3E703
:103F40002844025800000039404402580024744AB2
:103F50000090D0030024744C20BCBE4B2DE9F04FE0
:103F6000AC4A0546DFF8A8A280F48070DFF8AC9276
:103F700089B01311AA4C0843A748AAF104064FF0D0
:103F8000805C4FF000582CD085F400770F4357D059
:103F9000DFF87CB285F480670F430BF1080B61D02A
:103FA00085F400670F4374D085F480570F436ED0BB
:103FB00085F400570F434FF480394FF4003E67D02B
:103FC00085F400270F4371D085F480370F436ED0FE
:103FD00085F480460E436BD085F400420A4368D0D6
:103FE0002AE0DAF8001001F00701052924D2DFE801
:103FF00001F075BC7D25B10006A8FFF7C7FD079845
:1040000009B0BDE8F08F6846FFF764FE0098F7E757
:1040100003A8FFF701FF0398F2E72068C0F3C1008F
:1040200022FA00F0ECE72268D20571D561456FD124
:104030001846E5E74145E3D00020E1E74846DFE7E1
:10404000DAF8001001F4E07180294FD004DC002977
:1040500044D04029F0D188E0C029EFD0B1F5807F6D
:10406000EAD177E0DBF8001001F46001B1F5800FD0
:104070003CD004DC91B3B1F5001FDDD175E0B1F5A2
:10408000C00FDBD0B1F5000FD6D163E001E018E03E
:1040900030E0DBF8001001F0E061B1F1007F25D0E5
:1040A00008DCD9B1B1F1807FC6D15EE049E06CE0B7
:1040B00079E09CE0B1F1407FC0D0B1F1806FBBD11D
:1040C00048E0DAF8001001F4E041B1F5005F0DD0EE
:1040D00005DC19B1B1F5805FAED146E094E0B1F5F1
:1040E000405FABD0B1F5804FA6D133E020688000AF
:1040F000A2D58DE7DAF8001001F4E021B1F5403FD8
:104100006CD006DC61B149457AD0714594D157E055
:1041100037E0B1F5802F65D0B1F5A02F8CD10CE040
:1041200000F0A6FE6CE76846FFF7D4FD019867E74C
:1041300003A8FFF771FE049862E721688903F1D4B0
:104140007AE7DBF8001011F440310ED0494510D069
:104150007145F5D13168256801F040516D077FF553
:1041600062AF00297FF45FAF57E720680001E7D511
:1041700049E720688000E3D503A8FFF74DFE0598C6
:104180003EE722689203DBD554E7306810F48030B4
:104190003AD04845D4D120680001D1D56846FFF710
:1041A00099FD02982CE7DBF8001001F0E041B1F135
:1041B000405F13D008DC71B1614521D04145BFD1CA
:1041C00020688000B4D437E7B1F1804F0AD0B1F154
:1041D000A04FB2D030E7FFF7C7FC11E720684007D7
:1041E000AED51AE72068C005AAD521E708E0DAF8BD
:1041F000001011F04051A0D0614505D041459FD13C
:10420000206800018FD417E72068800198D5F3E675
:10421000504402580090D00340787D010080BB00DC
:10422000004402582DE9FE4F0546DFF8E48350F8BC
:10423000081B0024F64FC943019005F128002646CB
:1042400008F12408009008011DD4A86E50B1B0F503
:10425000801F0CD0B0F5001F0ED0B0F5401F1ED04F
:1042600001240FE0386840F40030386017E001980E
:10427000022103F0EBFE03E00098022103F076FF39
:1042800004000CD026462888C043C00523D4A86D5E
:1042900005281ED2DFE800F00C11161B1B00AA6EC9
:1042A000D8F8001021F440111143C8F80010EAE7D3
:1042B000386840F40030386009E00198002103F0CC
:1042C000C5FE03E00098002103F050FF044674B1DE
:1042D00000E0012426462888C043800528D4E86DE4
:1042E00080281ED00CDC90B140280ED114E0AA6DBD
:1042F000D8F8001021F007011143C8F80010EAE7D0
:10430000C02813D0B0F5807F10D001240FE03868AA
:1043100040F40030386009E00198002103F096FE77
:1043200003E00098002103F021FF04469CB12646DB
:104330002888DFF8DC92C04309F12C0940052CD411
:10434000D5F8A800B0F5800F20D00DDCA0B1B0F5F5
:10435000001F0FD115E0EA6DD8F8001021F4E071CC
:104360001143C8F80010E3E7B0F5C00F13D0B0F563
:10437000000F10D001240FE0386840F4003038609E
:1043800009E00198002103F061FE03E0009800219C
:1043900003F0ECFE04467CB126462888C0430005A5
:1043A0002DD4D5F8AC00B0F1007F21D00EDCA8B13F
:1043B000B0F1807F10D116E0D5F8A820D9F8001010
:1043C00021F460011143C9F80010E6E7B0F1407F25
:1043D00013D0B0F1806F10D001240FE0386840F4A2
:1043E0000030386009E00198002103F02FFE03E05F
:1043F0000098002103F0BAFE044674B126462868EE
:10440000C04380011FD4E86CD8B110280FD02028F9
:1044100012D0302815D0012414E0D5F8AC20D9F8FA
:10442000001021F0E0611143C9F80010E7E7386897
:1044300040F40030386004E00198022103F006FEE9
:10444000044674B126462888C043C0042BD4286E85
:10445000B0F5005F20D00DDCA0B1B0F5805F0FD1CA
:1044600015E06B48EA6C2030016821F030011143FF
:104470000160E8E7B0F5405F13D0B0F5804F10D091
:1044800001240FE0386840F40030386009E00198FA
:10449000002103F0DBFD03E00098002103F066FE3D
:1044A00004468CB126462888C043800429D4686E0F
:1044B000B0F5403F23D010DC08B3B0F5803F14D0F6
:1044C000B0F5003F0FD115E02A6ED8F8001021F4A6
:1044D000E0411143C8F80010E5E7B0F5802F0ED099
:1044E000B0F5A02F0BD001240AE00198012103F0C0
:1044F000ADFD03E00098012103F038FE044694B1BD
:1045000026462888C04340042AD4D5F8B000B0F12C
:10451000405F23D010DC08B3B0F1805F14D0B0F15D
:10452000005F0FD115E06A6ED8F8001021F4E02189
:104530001143C8F80010E4E7B0F1804F0ED0B0F19D
:10454000A04F0BD001240AE00198012103F07EFD69
:1045500003E00098012103F009FE044674B12646E9
:104560002888C04300041FD4286FD8B1B0F1805F01
:104570000ED0B0F1005F10D0012414E0D5F8B020C7
:10458000D9F8001021F0E0411143C9F80010E7E725
:10459000386840F40030386004E00198012103F0ED
:1045A00055FD044674B126462868C043C0011ED498
:1045B000A86CD0B101280ED0022811D0032814D045
:1045C000012413E02A6FD8F8001021F04051114364
:1045D000C8F80010E8E7386840F40030386004E0BC
:1045E0000198022103F032FD0446ACB1264628684A
:1045F000DFF81CB0C043ABF11C0B400252D405489D
:10460000016841F480710160FEF71AFC824611E0F6
:104610002C44025800480258FA48AA6C016821F05C
:10462000030111430160E2E7FEF70AFCA0EB0A0078
:10463000642835D8F4480068C005F5D58CBBDFF890
:10464000C4A3B5F8B4100AF1240ADAF8000001F4A2
:10465000407100F44070884211D0DAF80010DAF8A6
:10466000002021F4407142F48032CAF80020DAF8C8
:10467000002022F48032CAF80020CAF80010D5F8D1
:10468000B400B0F5807F1AD1FEF7DAFB029012E099
:10469000FEF7D6FB0299411A41F2883081420AD9CD
:1046A000032426462878DFF85CA3C0430AF1080AF1
:1046B000C00721D03CE0DAF800008007E8D5D5F843
:1046C000B410C1F30120032858460DD0016821F42D
:1046D0007C510160B5F8B420DAF80010C2F30B0287
:1046E0001143CAF80010DDE7C84A036802EA111254
:1046F00023F47C511143ECE7E86F182816D005DC51
:10470000A0B1082808D0102804D10AE020280DD034
:1047100028280BD001240AE00198012103F096FC1F
:1047200003E00098012103F021FD044664B1264610
:104730002878C04380071ED4A86F062819D2DFE866
:1047400000F0160C11161616EA6FDAF8001021F0B8
:1047500038011143CAF80010EAE70198012103F07B
:1047600075FC03E00098012103F000FD04467CB1D4
:1047700000E0012426462878C04340071FD4D5F81E
:104780009400062819D2DFE800F0160C1116161650
:10479000AA6FDAF8001021F007011143CAF80010DF
:1047A000E9E70198012103F051FC03E000980121A1
:1047B00003F0DCFC0446A4B100E00124264628787E
:1047C000C04380062BD4D5F89000B0F1405F24D0D0
:1047D00011DC10B3B0F1805F15D0B0F1005F10D1E3
:1047E00016E0D5F89420D9F8001021F00701114304
:1047F000C9F80010E3E7B0F1804F0ED0B0F1A04F40
:104800000BD001240AE00198002103F01FFC03E013
:104810000098022103F0AAFC044694B126462878A9
:10482000C04340062BD4D5F89C00B0F5406F24D08F
:1048300011DC10B3B0F5806F15D0B0F5006F10D15A
:1048400016E0D5F89020DAF8001021F0E04111438D
:10485000CAF80010E3E7B0F5805F0ED0B0F5A05FB6
:104860000BD001240AE00198002103F0EFFB03E0E4
:104870000098022103F07AFC044694B12646287879
:10488000C04300062BD4D5F8A000B0F5C04F24D00B
:1048900011DC10B3B0F5005F15D0B0F5804F10D12A
:1048A00016E0D5F89C20D9F8001021F4E05111430E
:1048B000C9F80010E3E7B0F5004F0ED0B0F5204F77
:1048C0000BD001240AE00198002103F0BFFB03E0B4
:1048D0000098022103F04AFC044654B12646287889
:1048E000C04300071ED4D5F88400B0F5805F0AD01D
:1048F0000FE0D5F8A020D9F8001021F46041114351
:10490000C9F80010EBE70098022103F02FFC00B17A
:104910000126D5F88420DAF8001021F44051114323
:10492000CAF800102878C043C00613D4D5F8980000
:10493000B0F5807F05D10098022103F017FC00B18B
:104940000126D5F89820D9F8001021F440711143C0
:10495000C9F800102868C043000316D4D5F8A40095
:1049600038B1B0F5803F09D0B0F5003F0BD001243D
:104970000AE00198002103F069FB03E0009802219E
:1049800003F0F4FB04468CB126462868C04340037C
:1049900022D4D5F88800B0F5801F11D0B0F5001FE3
:1049A00013D0B0F5401F15D0012414E0D5F8A42091
:1049B000D9F8001021F440311143C9F80010E4E7A0
:1049C000386840F40030386004E00098012103F0BA
:1049D000CDFB04465CB126462868C043C00323D4FF
:1049E000286DA8B1B0F5803F17D001241BE0D5F8A1
:1049F0008820DAF8001021F440111143CAF80010A1
:104A0000EAE700004C44025800480258CFFFFF007C
:104A1000386840F40030386004E00198022103F067
:104A200015FB0446E4B126462868C043800005D43F
:104A30000098022103F09AFB00B101262868C043C8
:104A400080031BD4D5F88000B0B1B0F5807F0FD0C3
:104A5000B0F5007F10D0B0F5407F0DD001240CE000
:104A60005A482A6D016821F4803111430160DBE767
:104A7000386840F400303860ECB326462868C043FC
:104A8000C00207D46A6FD8F8001021F0004111432A
:104A9000C8F800102868C043C00008D4D5F8B82072
:104AA000DBF8001021F480411143CBF80010286896
:104AB000C043800207D4EA6ED8F8001021F080715C
:104AC0001143C8F800102868C04340000CD4DBF83C
:104AD000001021F40041CBF80010DBF80010D5F8ED
:104AE000BC201143CBF800102868C04308D43748D5
:104AF0006A6D016800E018E021F040511143016047
:104B00002868C043000208D4D5F88C20DAF80010D9
:104B100021F440011143CAF8001028790024C04351
:104B200000F0010020430AD00FE0D5F88020DAF829
:104B3000001021F440711143CAF800109EE701985B
:104B4000002103F083FA00B106462879C04300F043
:104B50000200204305D10198012103F077FA00B14A
:104B600006462879C04300F00400204305D101988F
:104B7000022103F06BFA00B106462879C04300F029
:104B80000800204305D10098002103F0EFFA00B19E
:104B900006462879C04300F01000204305D1009854
:104BA000012103F0E3FA00B106462879C04300F082
:104BB0002000044304D10098022103F0D7FA00B981
:104BC00016B10120BDE8FE8F0020FBE74C440258DF
:104BD0002DE9F05F04000F467ED0DFF83882D8F868
:104BE000000000F00F00B8420CD2D8F8001021F0FD
:104BF0000F013943C8F80010D8F8000000F00F008A
:104C0000B84269D12078844D40070AD520692968C7
:104C100001F07001884204D9296821F07001014334
:104C2000296020787C4E361D00070AD560693168FE
:104C300001F07001884204D9316821F0700101430C
:104C400031602078C0060AD5A069316801F4E061BE
:104C5000884204D9316821F4E06101433160207851
:104C6000DFF8B4B180060BF1080B0CD5E1695846AA
:104C7000DBF8002002F07002914204D9026822F0B1
:104C800070020A430260207880070AD5E06829682C
:104C900001F00F01884204D9296821F00F01014376
:104CA00029602078C0073ED05B49A268286818397F
:104CB00020F47060104328606068022818D0032830
:104CC00019D00968012819D0490700294ADADFF804
:104CD00048A1AAF1080A00E044E0DAF8002022F036
:104CE00007020243CAF80020FEF7AAF8814612E044
:104CF00009688903E9E709688901E6E7C905E4E786
:104D0000FEF79EF8A0EB090141F28830814202D9FA
:104D10000320BDE8F09F6168DAF8000000F0380079
:104D2000B0EBC10FECD1207880070AD5E068296884
:104D300001F00F01884204D2296821F00F010143DC
:104D40002960D8F80010404601F00F01B9420BD994
:104D5000016821F00F0139430160006800F00F0085
:104D6000B84201D00120D4E7207840070AD5206955
:104D7000296801F07001884204D2296821F070018D
:104D800001432960207800070AD56069316801F085
:104D90007001884204D2316821F070010143316012
:104DA0002078C0060AD5A069316801F4E061884224
:104DB00004D2316821F4E06101433160207880063B
:104DC0000CD5E1695846DBF8002002F070029142F0
:104DD00004D2026822F070020A43026000F06CF80C
:104DE0000E492A682B68C2F3032203F00F038A5C82
:104DF000C95C02F01F0201F01F01D040084A20FAEE
:104E000001F111600749086007480068BDE8F05FDC
:104E1000FEF752B8002000521844025892ED0008E4
:104E2000CC000020C8000020C000002030B500F0F9
:104E300043F80B4A0B490C4B15681468C5F3032261
:104E400004F00F048A5C095D02F01F0201F01F01EB
:104E5000D040064A20FA01F119601060084630BDC2
:104E60001844025892ED0008CC000020C800002031
:104E700000B5FFF7DBFF05490968054AC1F30211D8
:104E8000515C01F01F01C84000BD00001C440258E5
:104E900092ED000800B5FFF7C9FF05490968054A0A
:104EA000C1F30221515C01F01F01C84000BD0000A8
:104EB0001C44025892ED0008454970B54548096800
:104EC000434B103B11F0380208D00111082A03D0DF
:104ED000102A0BD0182A0BD0084670BD1968890615
:104EE000FBD51968C1F3C101C84070BD3A4870BD17
:104EF0003749374D18310C1D24350A680968266872
:104F00002D6802F0030406F00102C1F30511C5F398
:104F1000CC0515FB02F200EE102AB8EE400AE9B308
:104F20002F4ADFED2E0AB7EE001A6CB1DFED2D1A15
:104F3000012C01D0022C43D002EE101A1068F8EEBA
:104F4000422A81EEA22A1EE01C68A40611D51B6825
:104F500001EE901A1168C3F3C103F8EE612AD8403C
:104F600001EE900AC1F30800F8EE611A81EEA22A60
:104F70000BE001EE901ADFED1C2A00BFF8EE611A7B
:104F8000106882EEA12AC0F3080001EE900AF8EE44
:104F9000611A40EE201A31EE810A00E015E022EE9F
:104FA000000A1068C0F34620401C00EE900AF8EE9C
:104FB000600A80EE201ABCEEC10A10EE100A70BD25
:104FC00001EE901ADFED092AD8E7002070BD00003D
:104FD000104402580090D00340787D010000003951
:104FE000304402580024744A0024744C20BCBE4B48
:104FF0002DE9F05F04007DD0FF4F2078FE4D18377B
:10500000DFF8F493103DC00748D0D9F800003968A4
:1050100000F03800102815D0182803D101F0030043
:1050200002280FD06068B0F5803F12D010B1B0F503
:10503000A02F18D0286820F480302860286820F439
:10504000802009E02868800328D560680028D2D035
:1050500024E0286840F480302860606888B1FDF75B
:10506000EFFE064609E0286840F480202860F0E75B
:10507000FDF7E6FE801B64286FD828688003F7D50B
:105080000CE0FDF7DDFE064605E000BFFDF7D8FEAB
:10509000801B6428F0D828688003F7D4207841F278
:1050A0000308D54E0C3E800769D5D9F80000396851
:1050B00010F038000ED0182801D188070AD0E06817
:1050C00090B3296821F0190101432960FDF7B8FE6A
:1050D000824631E02868400702D5E06800288AD07F
:1050E000E168286820F0190008432860FDF7A8FE51
:1050F000824607E0DFE000BFFDF7A2FEA0EB0A005A
:105100000228B9D828684007F6D500BFFDF792FEFF
:1051100040451BD82069402812D0316821F47C31E9
:1051200041EA003030602AE018E000BFFDF788FE59
:10513000A0EB0A0002289FD828684007F6D5E5E7CB
:10514000306820F47C3040F40030EBE7207C31689C
:1051500021F0FE4141EA0060E4E70DE1286820F01B
:1051600001002860FDF76CFE824605E0FDF768FE51
:10517000A0EB0A0002288DD828684007F6D42078D2
:10518000C0065DD5D9F80000DFF86CB2396800F0D0
:105190003800ABF1040B082810D0182803D101F017
:1051A000030001280AD0E0690028286838D040F0C0
:1051B00080002860FDF744FE824623E02868C00591
:1051C00023D5E069802876D11FE0206A202821D0ED
:1051D000316821F0F84141EA8060306030E000BF82
:1051E00094F82010DBF8002022F07C5242EA0161A2
:1051F000CBF8001024E000BFFDF722FEA0EB0A0070
:10520000022898D82868C005F6D5FDF713FE40455A
:10521000E6D8DAE7306820F0F84040F08040DCE77C
:1052200020F080002860FDF70BFE064605E000BF79
:10523000FDF706FE801B02289DD82868C005F7D41C
:105240002078000729D56C486169643000298046C0
:10525000016811D041F001010160FDF7F1FD064642
:1052600005E000BFFDF7ECFD801B0228C9D8D8F887
:1052700000008007F6D510E021F001010160FDF784
:10528000DFFD064605E000BFFDF7DAFD801B0228C2
:1052900072D8D8F800008007F6D42078800623D58D
:1052A000A0690028286810D040F480502860FDF7DD
:1052B000C7FD064605E036E1FDF7C2FD801B02286A
:1052C0005AD828688004F7D50EE020F48050286072
:1052D000FDF7B6FD064604E0FDF7B2FD801B02288F
:1052E0004AD828688004F7D4207840074FD5DFF8E3
:1052F0000C81D8F8001041F48071C8F80010FDF757
:105300009FFD064605E000BFFDF79AFD801B64285F
:1053100032D8D8F80000C005F6D5374EA068603600
:1053200001280AD008B1052813D0306820F0010008
:105330003060306820F0040002E0306840F0010086
:105340003060A06841F2883A90B1FDF779FD80465F
:105350000AE0306840F004003060EEE7FDF770FDD1
:10536000A0EB0801514507D830688007F6D50EE05C
:10537000FDF766FD804607E084E000BFFDF760FDB5
:10538000A0EB080151457DD830688007F6D4606AEB
:10539000B0B3DFF86480D9F8001008F120084FF6A8
:1053A000F87B08F10409C1F3C2010329A8F1040A3A
:1053B00069D00228286820F08070286003D0FDF7AB
:1053C0003FFD044684E0FDF73BFD064605E000BFD7
:1053D000FDF736FD801B022877D828688001F7D4B6
:1053E000E26A40F2F331386854F8283F884340EAD3
:1053F00002101843386004E0104402580048025874
:10540000B5E0217B434622894FF4FE0C208A4FF001
:10541000FE474902267D521E401EA1F50071C2F3CF
:1054200008088AB2761E0CEA004042EA08020243EB
:10543000504607EA06610A431A60DAF8002022F0B3
:105440000102CAF80020D9F80020266A22EA0B02DD
:1054500042EAC602C9F80020DAF80010A26921F079
:105460000C011143CAF800100168E26921F0020141
:1054700011430160016841F480310160016841F429
:10548000003101E021E027E00160016841F4802162
:105490000160016841F001010160286840F08070FE
:1054A0002860FDF7CDFC044605E000BFFDF7C8FC11
:1054B000001B022809D828688001F7D557E000BFF3
:1054C000FDF7BEFC001B022802D90320BDE8F09FB7
:1054D00028688001F4D44AE039680128D8F800002F
:1054E00021D0A26A01F0030393421CD1E26AC1F306
:1054F00005118A4217D1216BC0F30802491E8A4266
:1055000011D1616BC0F34622491E91420BD1A16BB0
:10551000C0F30642491E914205D1E16BC0F306601B
:10552000491E814201D00120D0E7A16C4E46D9F836
:105530000000C0F3CC00814219D0DAF800005546D3
:1055400020F00100CAF80000FDF77AFC4FEA0007DE
:10555000FDF776FCB842FBD0A26C306820EA0B0065
:1055600040EAC2003060286840F001002860002056
:10557000ACE7000070B504004FF0010041D094F892
:10558000210028B9002084F82000204600F042F8CD
:10559000022084F821002068C168C943C90631D5BA
:1055A000CA224262532120684162204602F06EFE08
:1055B00018BB2068164A816811408160D4E9000355
:1055C000A569226981682A431943114381602268D1
:1055D0002189E06840EA01401061204602F07AFE2D
:1055E00058B92168CA6C22F00302CA642268636950
:1055F000E169D56C19432943D1642268FF215162C6
:1056000008B170BD0020012184F8211070BD000098
:10561000BFFF8FFF10B5B0B00446C0216846FAF74F
:10562000A3FE0B492068884210D1010200208A1392
:105630002D92CDE900106846FEF7F4FD08B1FBF7A6
:105640005EFC0448016841F40041016030B010BDC7
:10565000004000587044025870B5016804460B4879
:10566000C860FDF7EDFB4FF47A76054607E000BF12
:10567000FDF7E6FB401BB04201D9032070BD206856
:10568000C0688006F4D5002070BD00005FFF0300F5
:1056900070477047704770472DE9F041044603207A
:1056A00084F830004FF480732A4A4FF400784FF0AA
:1056B000000541B1012927D002290ED0606B0125D8
:1056C00040F000601AE0A06D404504D0984202D03E
:1056D000A06B012813D1114608E0A06D4045FAD017
:1056E0009842F8D0A06B0128F5D003E0204603F0E3
:1056F00009FC20B1606B012540F080506063FDF72C
:105700009FFB0126074608E01249491EEEE700BF4D
:10571000FDF796FBC01B401C15D0204600F0C2F9D7
:105720000428F5D12068414602F0DFFE30B122683E
:10573000012509499163616B0143616384F830601D
:105740002846BDE8F0814FF00040606384F8306087
:105750000320F6E701FFFF80FF0FE01F2DE9FC5F4C
:105760000446806B0E46032184F83010002703287E
:105770005CD0B6F5004F59D0B6F5804F4FF000051C
:105780004FF400684FF0806904D006B3606B40F0BE
:1057900000603FE0009500210195206803F072F958
:1057A00080011CD46946204603F0A4F970BB01981F
:1057B00040032DD5B4F844102068090402F064FEBB
:1057C00020BB206802211DE0606B284322E0009589
:1057D00000210195206803F055F9800101D5454667
:1057E000F2E76946204603F085F978B90198C003CD
:1057F0000ED5B4F844102068090402F045FE28B91B
:105800002068002102F08AFE0028DDD00546DBE793
:105810004D46D9E76063606B4FF4007BDFF8B8A0BA
:1058200040B121680127C1F838A042E0606B40F028
:105830008050EFE700214FF48030FEF78FFB01002E
:1058400032D0264D3346D4E904C0B1FBF5F8D4E993
:105850000192804510D9A66D5E450DD0B6F5807FCA
:1058600011D04FEA6506E0B14FEA4008B1FBF8F805
:10587000B04501D9B1FBF5F04946CDE900C020683B
:1058800003F004F915E0164E30B14FEA4008B1FBC1
:10589000F8F8A84502D8EFE7A942EDD9B1FBF6F038
:1058A000EAE7B142E6D8E7E7606B012740F0006025
:1058B00060632068594602F018FE30B12268012763
:1058C000C2F838A0616B01436163012084F83000A5
:1058D0003846BDE8FC9F0000FF0FE01F80F0FA0291
:1058E00000E1F50570470000F0B5C26D920F0A7037
:1058F000C26DC2F383624A70C26DC2F301628A70E4
:10590000C26D120CCA70B0F85C20120A0A7190F8CD
:105910005C204A71026E120DCA80026EC2F303420D
:105920000A72B0F86020C2F3C0324A72B0F8602048
:10593000C2F380328A72B0F86020C2F34032CA7279
:10594000B0F860200026C2F300320A734E730122C1
:10595000836B4FF4007463B1012B3AD00368504954
:105960009963416B41F08051416380F83020012000
:10597000F0BDB0F86030456E9B051B0D43EA957392
:105980000B61436EC3F3C2630B75436EC3F30263D3
:105990004B75436EC3F342538B75436EC3F382431F
:1059A000CB75436EC3F3C2330B760D696D1C8564F2
:1059B0000B7E03F007039B1C9D4085640B7A4465B6
:1059C00003F00F0302FA03F35F0A7D43C0E91335C6
:1059D0000EE090F86050436EAD06AD0A45EA134301
:1059E0000B610B695B1C9B028364C0E91343446534
:1059F000B0F86430C3F380334B76B0F86430C3F34F
:105A0000C6138B7690F8643003F07F03CB76836EF9
:105A1000DB0F0B77836EC3F341734B77836EC3F356
:105A200082638B77836EC3F38353CB77836EC3F329
:105A3000405381F8203081F82160836EC3F3004326
:105A400081F82230B0F86830C3F3C03381F82330D6
:105A5000B0F86830C3F3803381F82430B0F8683090
:105A6000C3F3403381F82530B0F86830C3F3003316
:105A700081F82630B0F86830C3F3812381F82730ED
:105A8000B0F86830C3F3012381F8283090F868003B
:105A9000C0F3460081F8290081F82A200020F0BDDB
:105AA000FF0FE01F70B5B0F84410002504460068F1
:105AB000090402F0ECFD18B1616B0143616304E07D
:105AC0002068002102F0DEFF0546C5F3432070BDCB
:105AD0002DE9F041054690F8300090B00C460026C4
:105AE000032810D06946284603F09AF92A4F4FF050
:105AF000010860B12A68012697636A6B02436A63F2
:105B000085F8308039E0012010B0BDE8F0810099BF
:105B10004FF47F40C1F3811121700099C1F340110E
:105B20006170009900EA112242EA116161800199D5
:105B300009BA6160029921720299090A6172029997
:105B4000C1F30351A172DDE9022100EA1240C9B29A
:105B50000843A0810398C0F38520A0730398C0F385
:105B60000120E0730398C0F303102074039800F041
:105B70000F0060740498000EA07428684FF4007140
:105B800002F0B3FC28B12A6801269763686385F8A0
:105B900030803046B8E70000FF0FE01F2DE9F843E2
:105BA00004460068E56A416B09041BD5290719D52D
:105BB000D4E90950202813D30026206802F07CFF86
:105BC000020A2870010C6A70030EA970761CEB7033
:105BD000082E05F10405F0D3A06A2038C4E9095065
:105BE000BDE8F883416B0127DFF8EC810026C90589
:105BF00051D539024CF23A12816329072068C16BF2
:105C000021EA0201C1632068C16B21F08051C163A8
:105C10002068C16821F04001C16018D515F0220F3D
:105C200009D0206802F080FD28B1616B01436163F7
:105C30002046FFF757FE2168AA07C1F8388084F88C
:105C40003070E66223D1204600F0DAF9C8E7280672
:105C5000C6D5206815F0220F86622068C6622068CB
:105C6000066509D0206802F05FFD28B1616B014331
:105C700061632046FFF736FE15F0300F84F8307070
:105C8000E66202D0204600F0BBF9A807A8D0204663
:105C900000F0AAF9A4E7416B490421D529071FD5D3
:105CA000D4E9075020289BD30026287800906978F3
:105CB00040EA01200090A97840EA01400090E9788C
:105CC0002D1D40EA016000902068694602F00CFF3B
:105CD000761C082EE9D3206A2038C4E907507FE7F4
:105CE000416B11F03A0F416B58D0890703D5616BB6
:105CF00041F002016163416B090703D5616B41F01B
:105D000008016163416B890603D5616B41F0200195
:105D10006163416BC90603D5616B41F0100161639A
:105D2000C0F838802068C16B21F49D71C163206880
:105D3000C16821F04001C1602068C16A41F400518E
:105D4000C1622068C16841F08001C160206802F032
:105D5000EBFC626B2B074FF4006140EA02006063CA
:105D60002068C26822F08002C2602068816303D587
:105D700084F83070E6620DE028068BD5606B002851
:105D800088D02068C16B21F08051C163206806650E
:105D900084F830702046FFF7A5FD21E7C9009ED5A5
:105DA0004FF0805181632068006D40074FEA8560A5
:105DB00008D40028204602DAFFF76DFC10E7FFF751
:105DC00068FC0DE70028204602DAFFF763FC07E7CE
:105DD000FFF75EFC04E700003A0F0018F0B504007E
:105DE00085B020D094F83000002518B920462576DB
:105DF00000F098F8042084F83000204600F03CF8C9
:105E000088B969462046FFF763FE60B99DF8101017
:105E1000A26B9DF81100012A08D0A5652046E16813
:105E2000FFF79CFC58B1012005B0F0BD014302D042
:105E30004FF4007001E04FF48070A065EEE7FCF7CE
:105E4000FFFF0127064604E0FCF7FAFF801B401C19
:105E50000AD02046FFF726FE0428F5D16563E562E7
:105E600084F830700020DFE74FF00040606384F872
:105E700030700320D8E700002DE9FC414FF0000806
:105E800004464FF480304146FEF768F805004FF0B5
:105E9000010723D02048434642464146B5FBF0F671
:105EA000CDE90086206802F0F1FD206802F0FEFDD9
:105EB0001EB17000B5FBF0F52DB11848B0FBF5F040
:105EC000401CFCF71BFE204602F050FF60B100BFF3
:105ED00084F83070616B0143616319E04FF000603A
:105EE00084F83070606313E0204602F075FE0028ED
:105EF000EED120684FF4007102F0F7FA002808D0C4
:105F0000226807499163616B0143616384F83070D3
:105F10000120BDE8FC81000000350C0010210100CB
:105F2000FF0FE01FF0B5B7B00446142130A8FAF710
:105F30001BFAC0216846FAF717FA274920688842F9
:105F400047D1002014904FF480310446CDE9001071
:105F50006846FEF767F908B1FAF7D1FF1F480168F4
:105F600041F480310160006800F4803035901B48B6
:105F70000C30016841F004010160016801F0040186
:105F80003591016841F0080101600068022532AADC
:105F900000F0080035904FF4F850CDE930050326A5
:105FA0000F480C2782E8D00030A9FCF723FE04201C
:105FB00032AACDE930050B4830A982E8D000FCF7C1
:105FC00019FE002231201146FDF708F83120FCF7B8
:105FD000F7FF37B0F0BD000000700052D444025803
:105FE00000080258000C0258044910B5884201D03C
:105FF000012000E00020FAF741FE10BDCC04002093
:10600000044910B5884201D0012000E00020FAF7D1
:1060100036FE10BDCC040020704700002DE9F04191
:1060200004460068002102694369876894F881602A
:1060300002EA03055FEA035C0AD5120708D5816905
:1060400041F400618161204600F017FABDE8F0815B
:1060500015F0600F08D1680706D5616F20468847A4
:10606000216F20468847012105F04100012805D114
:10607000680703D4216F20468847012105F02200DC
:10608000022806D1680704D4616F2046BDE8F041BC
:1060900008470029DAD128074FF0010859D52068B0
:1060A000816941F0080181612068816941F0100136
:1060B00081612068816941F4006181612068016922
:1060C00021F0080101612068806810F4404F1ED063
:1060D00021E0E0680F2806D92068616E006B086037
:1060E000606E001D0DE0616E0728206804D9008EE7
:1060F0000880606E801C04E090F830000870606ECC
:10610000401C6066B4F86A00401EA4F86A00B4F847
:106110006A000028DDD1204602F070FF84F88180FB
:10612000D4F8840018B12046FFF776FF8EE7052EDD
:1061300007D0042E09D0032E88D1204600F0BAFAE9
:1061400084E7204600F0B7FA80E7204600F094F993
:106150007CE715F4587FE9D068060AD5D4F88400A6
:1061600040F00400C4F884002068816941F04001D7
:106170008161A8050AD5D4F8840040F00100C4F874
:1061800084002068816941F400718161E8050AD5C5
:10619000D4F8840040F00800C4F8840020688169C5
:1061A00041F480718161A8060AD5D4F8840040F0DA
:1061B0008000C4F884002068816941F02001816179
:1061C000D4F884000028B1D0206840F26B32C7F3C5
:1061D00081310368032923F001010160206801690E
:1061E00021EA0201016102D084F881809BE72068E6
:1061F000104D816821F440418160E06F50B1056528
:10620000E06FFBF7E3FD28B1D4F8840040F04000D4
:10621000C4F88400A06F002888D00565A06FFBF744
:10622000D5FD00288CD0D4F8840040F04000C4F89C
:1062300084000BE7B99000082DE9F047040029D04D
:10624000594A4FF000092068584B594D9042C4F804
:10625000289006D0984204D0A84202D0E1680F29C5
:1062600018D8E1684FF0010AE76B0831C9080AEB5A
:1062700057167143904205D0984203D0A84201D0EE
:10628000082907D8904203D0984201D0A84204D1EF
:10629000102902D90120BDE8F08794F8810020B9C7
:1062A000204684F8809000F085F8022084F8810070
:1062B0002068016821F0010101602068A1698268FD
:1062C000B1F1806F02F4F81110D16268B2F5800F5D
:1062D00001D01AB10AE0A26B22B107E0A26BB2F1C1
:1062E000805F03D1026842F480520260606840021D
:1062F00009D5E068072806D32068236D026822F4D8
:1063000080721A4303E02068026822F480720260FF
:10631000A66AE069E26B25683043E3680A431043EC
:106320001843A860D4E90D02D4E90581636A2569A0
:106330001843D4F820C00A43266810432843A56DAB
:10634000D4E90172D4E9123140EA080040EA0C00B5
:1063500038430843104318432843F060606868B925
:106360002068816821F4C05141F400618160206897
:10637000816821F4C06141F4806181602068016D11
:1063800021F0010101656068400206D52068626D58
:10639000C16821F000411143C160C4F8849084F8C1
:1063A00081A0002077E70000003001400038004065
:1063B000003C0040F0B5B7B00446142130A8F9F70E
:1063C000D3FFC0216846F9F7CFFF274920688842EC
:1063D00048D14114002019900446CDE900106846C8
:1063E000FDF720FF08B1FAF78AFD2048016841F463
:1063F00000510160006800F4005035901B481038CF
:10640000016841F010010160006830AD0221184FB1
:1064100000F0100035904FF4B040052385E81300DC
:1064200003223846CDE9332330A9FCF7E3FB0022F1
:1064300054201146FCF7D2FD5420FCF7C1FD012683
:106440000C484FF400453095CDE9316430A93394C0
:10645000FCF7D0FB309530A9CDE931643846339450
:10646000FCF7C8FB37B0F0BD00340140F0440258DF
:1064700000100258000C0258704770472DE9F84F81
:10648000994617468A460446FCF7DAFC064694F815
:106490008100012839D1BAF1000F7CD0002FFCD047
:1064A00094F88000012830D0A26800254FF0010840
:1064B00084F88080032184F88110C4F88450C4F8E3
:1064C0005CA06566A4F86850656725672C34B2F552
:1064D000C02FA786E786E58754F82C0D18D0C16831
:1064E00021F4C02141F40031C160206841686FF39C
:1064F0000F01394341602068016841F001010160EA
:106500006068B0F5800F08D00CE00220BDE8F88F7D
:10651000016841F400610160E7E72068016841F427
:1065200000710160E0680F281CD820E020684169F4
:1065300089070BD5E16D09680162E06D001DE0651A
:10654000B4F86200401EA4F862000BE0FCF778FC8F
:10655000811B494503D3B9F1FF3F03D09BE0B9F15B
:10656000000F31D0B4F862000028DFD177E00728AF
:106570002ED870E02068416989071DD5B4F86210F3
:1065800001290DD9E16B59B1E16D09680162E06D36
:10659000001DE06500E07CE0B4F86200801E08E0C9
:1065A000E16D09880184E06D801CE065B4F862004B
:1065B000401EA4F862000BE0FCF742FC811B494539
:1065C00003D3B9F1FF3F03D065E0B9F1000F62D00A
:1065D000B4F862000028CDD141E020684169890704
:1065E0002DD5B4F8621003290CD9E16B402909D9E3
:1065F000E16D09680162E06D001DE065B4F86200BC
:10660000001F19E0B4F8621001290BD9E16B49B100
:10661000E16D09880184E06D801CE065B4F86200DA
:10662000801E09E0E16D097880F82010E06D401CC3
:10663000E065B4F86200401EA4F862000BE0FCF7CD
:10664000FFFB811B494503D3B9F1FF3F03D022E093
:10665000B9F1000F1FD0B4F862000028BDD10022AC
:106660004B4608212046009602F012FE28B1D4F8CD
:10667000840040F02000C4F88400204602F0BEFCF4
:1066800084F88180D4F8840084F8805000283FF496
:106690003DAF01203AE7204602F0B0FCD4F8841068
:1066A00084F8805041F48071C4F8841084F88180AB
:1066B00003202BE770477047024A136883430B435C
:1066C0001360704704040058401EB0F1807F10B57D
:1066D00001D3012010BD4FF0E02460610F2160174D
:1066E00005F036FB0020A0610721216110BD704735
:1066F00070477047F0B590F83C20012A3BD01F4E00
:10670000012480F83C40022280F83D2002681C4DA4
:106710005368B242D2F808C001D0AA4203D14F68F0
:1067200023F470033B430F6823F070031F4357604B
:106730000268B24213D0B2F1804F10D0114B9A428E
:106740000DD0114B9A420AD0104B9A4207D0AA4260
:1067500005D00F4B9A4202D00E4B9A4204D1896861
:106760002CF0800319439160002180F83D4080F8AF
:106770003C100846F0BD0220F0BD000000000140C2
:10678000000401400004004000080040000C0040EC
:10679000001800400040014010B5040003D094F8F8
:1067A0003D0010B107E0012010BD002084F83C003E
:1067B000204600F023F8022084F83D002068211DC7
:1067C00002F068FE012084F8480084F83E0084F856
:1067D0003F0084F8400084F8410084F8420084F8C7
:1067E000430084F8440084F8450084F8460084F8A7
:1067F000470084F83D00002010BD000008B5006887
:106800000B49884212D10B48016841F00101016037
:1068100000680022114600F0010000901920FCF7EA
:10682000DDFBBDE808401920FCF7CABB08BD00002D
:1068300000000140F044025890F83D10012901D0B9
:1068400001207047174A022180F83D100168CB688B
:1068500043F00103CB600068904214D0B0F1804F48
:1068600011D0114988420ED0104988420BD01049EE
:10687000884208D00F49884205D00F49884202D08B
:106880000E49884207D181680D4A1140062906D079
:10689000B1F5803F03D0016841F0010101600020A3
:1068A0007047000000000140000400400008004064
:1068B000000C00400004014000180040004001406E
:1068C0000700010070B5044690F83C00002501283F
:1068D00014D03A4B012684F83C60022084F83D0035
:1068E00022689068184020F47F4090600868702803
:1068F0002FD010DC10F00F0F03D022E04FF0020079
:1069000070BD4FEA2012072A1BD2DFE802F0535372
:1069100053534B394100B0F1101F4BD009DCB0F597
:10692000805F0FD0B0F5005F1ED0B0F5801F08D19A
:1069300040E0A0F5801120393CD010293AD0202920
:1069400038D0012584F83D60002084F83C002846BA
:1069500070BD4A682068D1E9021302F001FE206888
:10696000816841F0770109E04A682068D1E90213A3
:1069700002F0F6FD2068816841F480418160E1E722
:10698000CA684968206802F0FFFD2068502106E0CF
:10699000CA684968206802F008FE2068602102F099
:1069A000E9FDCFE7CA684968206802F0EDFD20687C
:1069B0004021F4E7226801461046F0E788FFCEFF49
:1069C00070472DE9F041044600680027C668056954
:1069D000A90713D5B10711D5FA1E0261012121774C
:1069E000206880698007204602D0FFF7E9FF04E0B5
:1069F00000F08BF8204600F089F82777680716D555
:106A0000700714D5226802206FF00401116120770D
:106A10002068806910F4407F204602D0FFF7D0FF45
:106A200004E000F072F8204600F070F8277728079D
:106A300015D5300713D5226804206FF008011161C5
:106A400020772068C0698007204602D0FFF7B8FF92
:106A500004E000F05AF8204600F058F82777E806DE
:106A600016D5F00614D5226808206FF010011161C8
:106A700020772068C06910F4407F204602D0FFF7DD
:106A80009FFF04E000F041F8204600F03FF8277730
:106A9000E80708D0F00706D021686FF00100086110
:106AA000204600F035F8280601D4A80408D53006A1
:106AB00006D521686FF4025008612046FFF718FEE2
:106AC000E80508D5300606D521686FF480700861A6
:106AD0002046FFF70CFE680608D5700606D521682B
:106AE0006FF040000861204600F064F8A8060AD55F
:106AF000B00608D521686FF0200008612046BDE887
:106B0000F041FFF7F6BDBDE8F08170477047000027
:106B100030B40068224988423FD1224801780029D8
:106B20003BD0214B00F110018278DFED200A521C8E
:106B3000D2B282701A7044789C540C7090ED021A94
:106B4000BCEEC10A10EE102AD2B24A7000EE102A32
:106B5000B8EE400A31EE400A20EE200ABCEEC00A30
:106B600010EE102A8A70052290ED031ABCEEC10ABD
:106B700010EE100AC0B2C87000EE100AB8EE400A5B
:106B800031EE400A20EE200ABCEEC00A10EE100AD8
:106B9000087130BC064806F061B830BC7047000090
:106BA0000000014000000020640100200000C842F5
:106BB0002C0E0020704730B590F88410012918D0B1
:106BC000012280F884202421C0F88810002220248B
:106BD00001680B680D6823F0005325F001050D6076
:106BE000426601680B60C0F8884080F88420104637
:106BF00030BD022030BD70B50446D0F88C000025B1
:106C0000202801D0022070BD69B162B10123E36682
:106C100000202067204603F027FAE06E012804D008
:106C20000125284670BD012070BD21681020086232
:106C3000216851E8000F40F0100041E80002002AEE
:106C4000F6D1EEE770B5184A05460068904229D1A2
:106C500016480068C269920701D502220262FF2924
:106C60004FF4807404D912482146F9F77DFB12E0F5
:106C7000481EFF2808D20E4A0020505400F0B4FBF2
:106C800019210B4A002004E000F0AEFB192114206A
:106C900008A200F06DFC22462846BDE87040044979
:106CA000FFF7A9BF70BD0000001001402C0E0020AE
:106CB000640200204255464645522069732066759D
:106CC0006C6C2100704770B5044690F88400012870
:106CD0001DD0012284F884202420C4F88800206874
:106CE0000568026822F0010202602068826822F0D2
:106CF00060620A438260204602F06AFC226820211A
:106D000000201560C4F8881084F8840070BD02204B
:106D100070BD70B5044690F8840001281DD0012292
:106D200084F884202420C4F888002068056802685C
:106D300022F0010202602068826822F060420A4369
:106D40008260204602F044FC226820210020156069
:106D5000C4F8881084F8840070BD022070BD7047AC
:106D6000704770472DE9F04107680025044640F65A
:106D70000F030226F8693968BA6818420AD18306F7
:106D80007ED501F0200302F0805C53EA0C0377D03B
:106D9000616F7EE1D44BDFF854C3134001EA0C0C61
:106DA00053EA0C0C6CD05FEAC07C0CD05FEAC15C8B
:106DB00009D54FF0010CC7F820C0D4F8907047F007
:106DC0000107C4F89070870709D5D70707D027684F
:106DD0003E62D4F8906046F00406C4F8906046071E
:106DE0000AD5D60708D0276804263E62D4F89060FA
:106DF00046F00206C4F8906006070CD501F02006A4
:106E00001E4308D0266808233362D4F8903043F03C
:106E10000803C4F8903003050BD54B0109D526684B
:106E20004FF400633362D4F8903043F02003C4F889
:106E30009030D4F89030002B3DD0800609D501F079
:106E4000200002F08051084303D0616F09B1204651
:106E500088472168D4F890008968490602D410F068
:106E6000280F2AD0204602F097FC20688068400650
:106E70001ED52068083050E8001F21F0400100E0D6
:106E800021E040E80012002AF3D1D4F8800078B164
:106E900097490165D4F88000FAF798FF00280AD0D6
:106EA000D4F88000016D00E02046BDE8F0410847BD
:106EB0002046FFF756FFBDE8F0812046FFF751FF5F
:106EC000C4F89050F7E7D4F86CC02023BCF1010F50
:106ED0007ED15FEAC06C7BD55FEAC16C78D51020AB
:106EE000386220688068400673D5D4F880208149D4
:106EF0001068884234D07F491831884230D07D49AB
:106F0000303188422CD07B494831884228D0794999
:106F10006031884224D077497831884220D0754941
:106F2000903188421CD07349A831884218D07249E8
:106F3000884215D070491831884211D06E493031DD
:106F400088420DD06C494831884209D06A49603185
:106F5000884205D068497831884201D0664990312D
:106F600040684FF480770004000C40D0B4F85C1007
:106F700081423CD9A4F85E00D069B8422FD0216884
:106F800051E8000F20F4807041E80002002AF6D199
:106F90002068083050E8001F21F0010140E800128D
:106FA000002AF5D12068083050E8001F21F0400188
:106FB00040E80012002AF5D1C4F88C30E56620685C
:106FC00050E8001F21F0100140E80012002A01E003
:106FD0004AE019E0F3D1D4F88000FAF747FD2667BC
:106FE000B4F85C00B4F85E10401A81B208E0B4F85E
:106FF0005C1081427FF466AFD069B842FAD126674F
:107000002046FFF71FFE56E7B4F85C00B4F85E10A8
:10701000B4F85E20401A81B2002AF4D00029F2D0E0
:10702000226852E8000F20F4907042E80007002F19
:10703000F6D1324F206800F1080050E8002F02EA34
:10704000070240E8002CBCF1000FF3D1C4F88C30EB
:10705000E5666567226852E8000F20F0100042E8FC
:107060000003002BF6D1CAE7C60209D5560207D5A0
:107070004FF4801038622046BDE8F041FFF770BE43
:1070800006060AD501F0800602F40002164304D079
:10709000A16F00297FF408AF0DE7420611D54A061B
:1070A0000FD52046016851E8002F22F0400241E848
:1070B0000024002CF6D1C0F88830856700F02FF945
:1070C000F9E6020206D54A0004D52046BDE8F041A3
:1070D000FFF745BEC00196D5002994DA2046BDE8E9
:1070E000F041FFF7EFBD0000010000102001000497
:1070F000879700081000024010040240FEFFFFEFD7
:1071000010B5040003D0D4F8880010B107E00120C6
:1071100010BD002084F88400204600F027F82420C9
:10712000C4F888002068016821F001010160A06AAC
:1071300010B1204602F06EFA204602F0BFFD012891
:10714000E6D02068416821F4904141602068816860
:1071500021F02A0181602068016841F0010101608D
:107160002046BDE8104002F0B9BA00002DE9F04118
:10717000B6B00746142130A8F9F7F6F8C0216846E2
:10718000F9F7F2F834493868884261D100201F903D
:1071900001210446CDE900106846FDF743F808B127
:1071A000F9F7ADFE2D48016841F01001016000685B
:1071B00000F01000359029481038016841F00101B5
:1071C0000160006830AD022100F0010035904FF4FD
:1071D000C060072385E8130003222148CDE933234B
:1071E00030A9FBF707FD1F4E29221F494FF4806885
:1071F000304686E816008B15C6E903487461C6E977
:10720000064334627462FBF797FA08B1F9F777FE28
:10721000144D2A22144940237835C7F8806018316C
:10722000B763284685E81E016C61AC61EC612C6295
:107230006C62FBF781FA08B1F9F761FE0022FD6785
:1072400025201146AF63FBF7C9FE2520FBF7B8FEEA
:1072500036B0BDE8F081000000100140F044025853
:1072600000000258C00E00201000024070472DE9B7
:10727000F8430446D0F88800984616460D46202864
:1072800002D00220BDE8F883A5B19EB10021C4F868
:1072900090102120C4F888001834FBF7D1FD8146F6
:1072A00054F8100CA687E6872027183CB0F5805FBD
:1072B00002D003E00120E5E7206910B12E46002549
:1072C00010E000260EE08021204602F055FFC0B9F4
:1072D000DEB116F8010B21688862B4F85600401E32
:1072E000A4F85600B4F856004B464FF00002CDF813
:1072F00000800028E7D14FF04001204602F03CFF1B
:1073000048B1C4F888700320BCE735F8020B216847
:10731000C0F30800E0E7C4F888700020B2E77047C7
:10732000FEE70000F0B500230A251C46302637276B
:1073300011E000BFB5EB107F02D906EB107C01E035
:1073400007EB107C01F813C001EB430C00015B1C40
:107350008CF80140DBB29342ECD3F0BD00B587B0AE
:1073600014216846F9F700F80948016841F0040162
:10737000016000680021012200F004000590022055
:107380008DE8070003486946FBF734FC07B000BDF1
:10739000E04402580008025870B5114D02212846F9
:1073A000FBF73EFD0F4C18B100206070207870BDD7
:1073B0000A20FBF7A3FB02212846FBF731FD00283A
:1073C000F4D160780028F1D102212846FBF728FD8E
:1073D0000028F9D020780121401C20706170E5E779
:1073E000000802585000002070B5134C6189A08934
:1073F000491E8AB2401E83B20021084600F002FAFC
:1074000001220E48D103FBF710FD04F110050F20F7
:10741000E8602846FEF710FF6289A089A1884243F0
:1074200089B2284600F020F90720E8602846BDE828
:107430007040FEF701BF0000480D00200010025808
:107440002DE9F05FDFF8A0E0203A0023274E02F09C
:10745000FF0A894683461A46DEF80800194626E0E8
:10746000234DD0F80080B5F800C0AF880AFB048532
:107470001FFA8CFCBFB2002413F805505FEAC578F0
:1074800002D026F812C001E026F81270B0F804808D
:10749000491C521C89B26D0892B2884501D1002165
:1074A00003E0641CA4B2082CE8D35B1C9BB20489E3
:1074B0009C42D5D8C288A9F101018388ABF10100B3
:1074C0001144744618448BB2494682B2584600F0C3
:1074D00099F9A0688188C088BDE8F05F41430348FE
:1074E00089B200F021BA00001800002048050020F1
:1074F000480D002030B50546094887B00C46007A93
:107500008DED000B50B107A102A804F00DFC02AAFA
:107510002146284600F02CF807B030BD03A1F3E760
:10752000480D0020252A2E2A6C66000025302A2EC0
:107530002A6C66007FB51E46094B05460C46187A34
:107540001346324648B107A1684604F0EDFB6A468F
:107550002146284600F00CF87FBD03A1F4E70000A7
:10756000480D0020252A640025302E2A64000000E2
:107570002DE9F0410B4F15460B4E8846044608E0B6
:1075800041462046FFF75CFFB8686D1C80882044A8
:1075900084B27089A04202D92A78002AF0D1BDE8CD
:1075A000F081000018000020480D002010B502688E
:1075B00040F26F335169946944F0080494610268A1
:1075C000946944F0100494610268146824F0010482
:1075D0001460026814699C4314610268936823F480
:1075E0004043936090F88120042A0CD08A060AD583
:1075F000D0F8842042F08002C0F8842002689369A9
:1076000043F02003936190F88120032A0CD04A06AE
:107610000AD5D0F8842042F00402C0F88420026821
:10762000936943F0400393618A050AD5D0F884201A
:1076300042F00102C0F884200268936943F40073A9
:107640009361C9050AD5D0F8841041F00801C0F84B
:10765000841001688A6942F480728A610021A0F86E
:107660006210A0F86A1010BD2DE9FC5F8A4690F800
:107670008010044616460020019001294FF47A77C5
:107680000DD04FF0010884F88080FBF7D9FB8146CC
:1076900094F881000025012804D0022017E0022080
:1076A000BDE8FC9F96B1A16803204AEA0A4B84F822
:1076B0008100C4F884506566A4F86850A4F86A5044
:1076C000B1F5C02F6567256704D008E0012084F874
:1076D0008050E5E72068016841F40061016020689E
:1076E00041686FF30F0141602068016841F00101BA
:1076F00001606068B0F5800F04D12068016841F432
:10770000007101602068416989070DD5B4F86210E5
:10771000012905D9E16B19B1C0F820B0B61E17E0F8
:10772000A0F820A0761E13E0FBF78AFBA0EB09006F
:10773000B8420DD32046FFF739FFD4F8841084F8FF
:10774000805041F48071C4F8841084F8818033E063
:10775000002ED7D100224B464FF48051204600978F
:1077600000F02EF828B1D4F8840040F02000C4F8CE
:1077700084002068016841F48061016000224B466A
:107780004FF400612046009700F01AF828B1D4F8B1
:10779000840040F02000C4F884002046FFF706FF74
:1077A0002068826942F40062826184F8805084F823
:1077B0008180D4F8840008B1012071E701986FE757
:1077C0002DE9F041984616460D460746069C09E00D
:1077D000FBF736FBA0EB0800A04202D3601C01D0EF
:1077E0000BE054B13868406935EA000007D000204A
:1077F000B042EDD00020BDE8F0810320FBE701207E
:10780000F6E700002DE9F041984615460E4607467A
:107810002A2000F0A9F80F4CA07B384480B200F079
:10782000B7F8A07B284480B200F0B2F82B2000F01B
:107830009BF8E07B304480B200F0AAF8E17B01EBDA
:10784000080080B200F0A4F8BDE8F0412C2000F060
:107850008BB80000480D0020014988607047000087
:10786000180000204FF478414FF4FC6301EA102126
:10787000C0F3C40203EA50100143024811434160BF
:1078800070470000480D00204FF478414FF4FC632E
:1078900001EA1021C0F3C40203EA50100143024878
:1078A0001143016070470000480D00202DE9F041B0
:1078B000194C002514264FF0F0084FF48C776072B5
:1078C00098B1022816D0012819D003280BD13620F0
:1078D00000F04AF85FF0C00000F072F8A573E6739C
:1078E000A4F80A80A781BDE8F081362000F03CF8BA
:1078F000702008E0362000F037F80020ECE7362052
:1079000000F032F8A02000F05BF8A673E573678101
:10791000A4F80C80E7E70000480D00200149087238
:1079200070470000480D002070B501220C46054646
:107930000B48D103FBF779FA0A4E0F20F06030466E
:10794000FEF77AFC4FF47A73224629463046FEF75A
:1079500095FD0720F0603046BDE87040FEF76CBC36
:1079600000100258580D002001B5074800224FF4BE
:107970000041FBF75AFA054801224FF47A73694631
:10798000FEF77CFD08BD000000100258580D0020D5
:10799000012238B5D10304460748FBF746FA200A0E
:1079A0008DF80000054802224FF47A7369468DF87D
:1079B0000140FEF763FD38BD00100258580D00204D
:1079C000012201B50548D103FBF72FFA0448012233
:1079D0004FF47A736946FEF751FD08BD0010025856
:1079E000580D00208068C0F3C00070478068C0F365
:1079F000800070478068C0F380007047C06810F452
:107A0000406F01D000207047012070471FB5FBF781
:107A1000A1FA01218DF80F1000208DF80E1012230D
:107A20008DF8083003248DF80B408DF800104FF0CE
:107A300010528DF80D108DF80A0001928DF801009A
:107A40008DF809008DF80C006846FBF755FA042004
:107A5000FBF78EFA1FBD000070B58AB0002468469F
:107A60001C21079408940994F8F77EFC1F48012113
:107A70001D4B04258A040360C0E90124C0E90345C5
:107A8000047544758161047744628462C46204634E
:107A9000446380F83840C163F9F73EFD08B1F9F757
:107AA0002EFA124807A90794F9F78EFA08B1F9F7E8
:107AB00026FA06200E4940F2FF76CDE90010CDE906
:107AC00002060A486946CDE904548DF81940F9F7D1
:107AD0000FFB08B1F9F713FA044800213246F9F711
:107AE00025FA0AB070BD00000020024064030020A7
:107AF0001000C01070B588B01C216846F8F734FC3F
:107B00001A4800240121184B04258A040360C0E9A7
:107B10000124C0E90345047544758161047744621A
:107B20008462C4620463446380F83840C163F9F737
:107B3000F3FC08B1F9F7E3F90D48062140F2FF76AE
:107B40008DE8530009486946CDE904548DF8194081
:107B5000F9F7CEFA08B1F9F7D2F904480021324614
:107B6000F9F7E4F908B070BD00600258C8030020BE
:107B7000020030040D4808B5016841F001010160C0
:107B800000680022114600F0010000900B20FBF776
:107B900025FA0B20FBF714FA00220C201146FBF704
:107BA0001DFABDE808400C20FBF70ABAD844025879
:107BB0002DE9F04186B014216846F8F7D5FB2B4833
:107BC000016841F004010160016801F004010591C0
:107BD000016841F080010160016801F080010591B8
:107BE000016841F002010160016801F002010591A4
:107BF000016841F010010160016801F01001059178
:107C0000016841F001010160016801F00101059185
:107C1000016841F00801016000684FF40056144FFC
:107C2000002200F00800314605903846FBF7FDF8C9
:107C3000DFF84080002204214046FBF7F6F80024DC
:107C40000096012569463846CDE901540394FAF7B8
:107C5000D1FF04200090CDE90154694640460394C9
:107C6000FAF7C8FF06B0BDE8F0810000E044025812
:107C700000080258000402580C4800210A4A7F23D9
:107C800010B5FF2404C080E81A00C1604161816121
:107C90000161001FFDF76EFC002803D0BDE8104015
:107CA000F9F72DB910BD0000004000582C04002049
:107CB000002110B5084C4FF480430622C0E9004172
:107CC000C0E90213C0E904120C46FEF787F800B1C0
:107CD0000124204610BD00000070005270B5154808
:107CE0004FF480050021124CEB010722C0E903216B
:107CF000C0E90513C1615A000162202341626E117F
:107D00008162C162C0E90D21C0E90F314164816423
:107D1000C16401654165816580E87000FEF78CFAF9
:107D2000002803D0BDE87040F9F7E9B870BD000045
:107D300000340140580D002010B588B019480024C7
:107D4000174945F6BF5242F20F7300940194029412
:107D5000039404940594069480E81600C0E9033463
:107D600044618461FEF718FD08B1F9F7C8F84FF4D3
:107D7000805000900B486946FEF7A4FD08B1F9F762
:107D8000BEF820200694CDE90404064804A9FEF7B5
:107D9000B1FC002801D0F9F7B2F808B010BD00001E
:107DA00000000140E00D00201848002110B5164CDD
:107DB0000C224FF4E1330460C0E90131C160C0E935
:107DC00004128161C161016241628162FFF798F929
:107DD00008B1F9F794F80D480021FEF79AFF08B1B1
:107DE000F9F78DF809480021FEF76DFF08B1F9F7A2
:107DF00086F80648FEF7DFFE002803D0BDE81040F5
:107E0000F9F77DB810BD0000001001402C0E0020D5
:107E100070B519490022194802F00AFE08B1F9F7B5
:107E20006EF81749154803F020F808B1F9F767F81C
:107E30001449124802F0BEFB08B1F9F760F80F4888
:107E400003F098F808B1F9F75AF8FBF77DFE4FF404
:107E50007A75FAF7F5FF094E044604E0FAF7F0FFE9
:107E6000001BA84203D896F89C020328F6D1BDE86F
:107E70007040C820FAF742BE54000020B00F002026
:107E800028010020A8000020FEE7FEE70148FBF7DC
:107E900037BA0000AC2600202DE9F0410446807975
:107EA0000D462027236801284FF4004604F29C4227
:107EB00003EB4511D3F840C0D1F8080B09D0DFF827
:107EC0009CE0F4453AD1020433D500BFC1F8086BF9
:107ED00040E0234B5FEA007E04D59C453AD900047C
:107EE000F4D437E05FEA806E02D5C1F8087B31E058
:107EF00010F0280F2ED19C4501D90004E6D4D1F80A
:107F0000101B05EBC50004EB8000C1F31201D0F893
:107F10007432A3EB0101C0F8681200F51570ADB919
:107F200003691BB1C2681144C1600FE020680121E0
:107F30000AE080060AD5C1F8087B07E035B9D4F815
:107F4000640218B90021184603F094FB2046E9B2F8
:107F5000FBF7BFF80020BDE8F08100000A31544F64
:107F60000A30544F2DE9F84F0E460568814601EB63
:107F7000C60100EB8104D4E909201434904202D9EF
:107F80000120BDE8F88FA168101A814200D208468E
:107F9000C01C05EB461887081BE000BFA268A0EBD9
:107FA000010A524500D2924699F806100AF10300E0
:107FB00000911FFA8AF3E16887082846F2B203F0BD
:107FC0009DFEE16801EB0A00E060616901EB0A00D7
:107FD0006061D8F8180980B2B84205D3D4E9040129
:107FE000814201D20028D9D1D4E90401884208D8BD
:107FF000D5F83418012006F00F0290408143C5F8EF
:1080000034180020BDE7704770B5B0B0C021684695
:10801000F8F7AAF9022000234FF4002200920C2462
:10802000CDE90130C025CDE9034029932026CDE9D3
:108030000605CDE9086305906846FCF7F3F80028CB
:1080400001D072B6FEE730B070BD00002DE9F047F8
:10805000454D044689464FF0000A2868C043800712
:108060000AD0414E283E306820F080603060FAF738
:10807000E7FE0746B04608E00120BDE8F08700BFF4
:10808000FAF7DEFEC01B022867D8D8F8000000010E
:10809000F6D4206829684FF4FE0721F47C313E02B3
:1080A00041EA00302860207AA389B4F804C0400275
:1080B0002D4D2D495B1E227CACF1010C1035091DA4
:1080C000A0F5007080B2521ECCF3080C07EA0343FF
:1080D00040EA0C00184306EA026210432860086870
:1080E000626920F0C000104308600A68A06922F0AD
:1080F000200202430A60281D0A6822F010020A606A
:1081000002684FF6F873E4699A4342EAC4020260D7
:108110000868B9F1000F40F010020A6011D0086839
:10812000B9F1010F11D040F400100860D8F8000038
:10813000444640F08060C8F80000FAF781FE05462A
:108140000DE0086840F40020EFE740F48010ECE711
:10815000FAF776FE401B022801D903208DE720683C
:108160000001F5D5504688E7284402582DE9F0472C
:10817000454D044689464FF0000A2868C0438007F1
:108180000AD0414E283E306820F080503060FAF727
:1081900057FE0746B04608E00120BDE8F08700BF63
:1081A000FAF74EFEC01B022867D8D8F800008000FE
:1081B000F6D4208829684FF4FE0721F07C713E0236
:1081C00041EA00502860207AA389B4F804C0400234
:1081D0002D4D2D495B1E227CACF1010C1835091D7B
:1081E000A0F5007080B2521ECCF3080C07EA0343DE
:1081F00040EA0C00184306EA02621043286008684F
:10820000626920F44060104308600A68A06922F4A3
:10821000007202430A60281D0A6822F480720A6014
:1082200002684FF6F873E4699A4342EAC4020260B6
:108230000868B9F1000F40F480720A6011D0086834
:10824000B9F1010F11D040F080700860D8F800003B
:10825000444640F08050C8F80000FAF7F1FD0546AA
:108260000DE0086840F48000EFE740F40000ECE720
:10827000FAF7E6FD401B022801D903208DE72068AC
:108280008000F5D5504688E7284402582DE9F04192
:10829000044600680025C168490617D4691EC160FC
:1082A000FAF7CEFD032706464FF47A7808E000BFC0
:1082B000FAF7C6FD801B404502D9032584F82170DA
:1082C0002068C068400601D4032DF1D12846BDE8DE
:1082D000F08100002DE9F041124C032706460025ED
:1082E000E06820F08000E060A068800607D4304697
:1082F000FDF7B2F990B1032586F821700EE0A06871
:1083000020F02000A0603046FDF7A6F910B103254B
:1083100086F82170A06840F02000A0602846BDE8E3
:10832000F08100000040005810B588B01C2168465C
:10833000F8F71AF80620124A002140F2FF730424CD
:10834000CDE90020CDE90441CDE902030D488DF8C7
:1083500019106946F8F7CCFE08B1F8F7D0FD0948C6
:10836000F9F7E0FA07480A21F9F74AFA0548F9F758
:10837000CFF804460348F9F759FB08B0204610BD72
:108380002000F0146403002030B587B01C2168463B
:10839000F7F7EAFF00201D49042540F2FF7401228F
:1083A0000523CDE904508DE81E008DF819006946BB
:1083B0001748F8F79DFE08B1F8F7A1FD00252C46F7
:1083C0001348F9F7AFFA12480A21F9F719FA1048D9
:1083D000F9F79EF805440E48F9F728FB0520FAF74F
:1083E0008DFB641CE4B20A2CEAD30A20B5FBF0F042
:1083F000DFED080A9FED081A07B000EE100AB8EE8C
:10840000400AC0EE201A21EE810A30BD020030047D
:10841000C803002000FF7F473333534010B588B0B6
:108420001C216846F7F7A0FF0620124A002140F2FF
:10843000FF730424CDE90020CDE90441CDE9020316
:108440000D488DF819106946F8F752FE08B1F8F793
:1084500056FD0948F9F766FA07480A21F9F7D0F9F5
:108460000548F9F755F804460348F9F7DFFA08B06C
:10847000204610BD1000C010640300200148FDF725
:108480008DBB00005004002030B585B00446372075
:108490004FF480720DF1080CCDE9001000236946FD
:1084A000150120468CE82C0000F00AFB372141F230
:1084B0008832204600F090F905B030BD30B585B067
:1084C000044629204FF480720DF1080CCDE900100C
:1084D00000236946150120468CE82C0000F0F0FAD4
:1084E000204600F035FA05B030BD30B50446102006
:1084F00085B00DF1080C02010502CDE90010002342
:1085000069468CE82C00204600F0DAFA102141F28E
:108510008832204600F060F905B030BD30B585B036
:10852000044606204FF480720DF1080CCDE90010CE
:1085300000236946150120468CE82C0000F0C0FAA3
:10854000062141F28832204600F046F905B030BDE0
:1085500030B585B00546002469464FF4805000943C
:1085600001940294CDE90340284600F0A9FA0B4A91
:108570004FF4FA5041F288311268B2FBF0F04843F0
:10858000401E03D24FF0004005B030BD696B0906B4
:10859000F6D503492046A963F6E70000C80000208D
:1085A000C500200030B50821044685B04FF4D570D1
:1085B0004A0100234D028DE82F006946204600F055
:1085C0007FFA204600F02EFA05B030BD30B585B0F8
:1085D000044607204FF480720DF1080CCDE900101D
:1085E00000236946150120468CE82C0000F068FA4B
:1085F000072141F28832204600F0EEF805B030BD88
:1086000010B585B00446002102204FF44072C30229
:108610000493CDE90010CDE902216946204600F01F
:108620004FFA204600F06AF905B010BD30B585B0AC
:10863000044609200DF1080C0023CDE900104FF489
:10864000407269464FF4805520468CE82C0000F0BB
:1086500037FA204600F052F905B030BD10B585B0AC
:108660000446002133204FF48072CDE90221CDE988
:108670000010130169462046049300F021FA3321CB
:1086800041F28832204600F0A7F805B010BD30B5A1
:1086900085B004460D204FF480720DF1080CCDE931
:1086A000001000236946150120468CE82C0000F0DC
:1086B00007FA0D2141F28832204600F08DF805B00E
:1086C00030BD30B585B00C460021054603204FF47F
:1086D0008072CDE90221CDE90010130169462846D8
:1086E000049300F0EDF903212246284600F054F9E6
:1086F00005B030BD10B585B0044600210D204FF403
:108700008072CDE90221CDE90010130169462046AF
:10871000049300F0D5F90D2141F28832204600F093
:108720005BF805B010BD000010B585B004464FF4ED
:10873000807200200C2113018DE80700CDE90303AE
:10874000E06840F08000E060E06820F04000E06019
:108750006946204600F0B4F9074A0C21204600F093
:108760003BF8E168B0F1007F21F08001E16000D1C9
:10877000002005B010BD000000E1F50530B585B062
:10878000044606204FF480720DF1080CCDE900106C
:1087900000236946150120468CE82C0000F090F972
:1087A000062141F28832204600F016F805B030BDAF
:1087B00070B50A6842624A688262C46AD1E90225D9
:1087C000D1E9043624F0FF012A4333431A4311430D
:1087D000C162002070BD000030B5464D4FF4FA5321
:1087E000434C2D68B5FBF3F353435B1E02D24FF0AD
:1087F000004030BD426B2242F7D09204F5D4426B68
:10880000520703D504218163084630BD426BD2076D
:1088100002D00121816306E0354A80328263026919
:10882000D2B28A4201D0012030BD002100F02AF9E5
:108830003149084201D1002030BD002802DA4FF052
:10884000007030BD410001D5402030BD810001D510
:10885000802030BDC10002D54FF4807030BD0101D1
:1088600002D54FF4007030BD410102D54FF4806055
:1088700030BDC10102D54FF4006030BD010202D508
:108880004FF4805030BD410202D54FF4005030BD4E
:10889000810202D54FF4804030BDC10202D54FF4B1
:1088A000004030BD410302D54FF4003030BD81039C
:1088B00002D54FF4802030BDC10302D54FF4002013
:1088C00030BD010402D54FF4801030BD410402D503
:1088D0004FF4001030BD810402D54FF4800030BD4C
:1088E000000702D54FF4000030BD4FF4803030BD9A
:1088F00045002000C800002008E0FFFD124B4FF4A7
:10890000FA5141F288321B68B3FBF1F15143491E21
:1089100002D24FF000407047426B12F0450FF6D084
:108920009204F4D4416B490703D5042181630846BE
:108930007047416BC90703D0012181630846704726
:108940000249816300207047C8000020C500200054
:108950000F4B4FF4FA5141F288321B68B3FBF1F12F
:108960005143491E02D24FF000407047426B12F053
:10897000450FF6D09204F4D4416B490703D5042186
:1089800081630846704703498163002070470000F7
:10899000C8000020C500200030B5204D4FF4FA5328
:1089A00041F288342D68B5FBF3F363435B1E02D2BA
:1089B0004FF0004030BD446B14F0450FF6D0A404D6
:1089C000F4D4436B5B0703D504218163084630BDB3
:1089D000436BDB0702D00121816303E00369DBB253
:1089E0008B4201D0012030BD0D498163002100F090
:1089F00049F810F4604F04D0410406D54FF40050FC
:108A000030BD000C1080002030BD000402D54FF4B2
:108A1000805030BD4FF4803030BD0000C8000020D1
:108A2000C5002000144B4FF4FA5141F288321B6804
:108A3000B3FBF1F15143491E02D24FF000407047A1
:108A4000426B12F0450FF6D09204F4D4416B490703
:108A500003D50421816308467047416BC90703D0E1
:108A60000121816308467047416B490601D54021C9
:108A70008163002070470000C8000020006800F0FB
:108A800003007047084440697047000030B5114347
:108A90004268DDE903542B43034D194321432A4027
:108AA0000A434260002030BD002CC0FF016841F045
:108AB0000301016000207047D0F88000704700007B
:108AC00070B5084D0A688260C368D1E90126D1E912
:108AD00003412B4032430C4322431343C360002025
:108AE00070BD0000C0E0FEFF0968C0F880100020E3
:108AF000704700002DE9F04F87B00D460446FAF7A5
:108B00009FF90026069020680821B3463746FFF7F4
:108B1000ECFC002833D1B4F8441020680904FFF7B6
:108B2000B3FC00282BD1431E4FF008094FF0020A76
:108B30004FF0300C4FF00108CDF80CA08DE8081272
:108B4000CDE9046820686946FFF732FE2068FFF728
:108B500085FD002813D140F22A582068416B11EAA4
:108B6000080F06D1416B090315D4BBF1000F09D0E2
:108B700011E0416B090717D5C0F83890082007B0FD
:108B8000BDE8F08FFFF798FF06462068FFF794FFD7
:108B900007464FF0010BFAF753F90699401A401CAB
:108BA000DBD14FF00040EAE7416B890703D5C0F8FD
:108BB00038A00220E3E7416B890603D520218163B9
:108BC0000846DCE7034A39BA33BA82630020C5E9B4
:108BD0000013D4E73A0F001870B58CB0044600209B
:108BE000ADF82C00FAF72CF905462068FFF746FF90
:108BF000002853D0A06B032841D02068FFF700FD68
:108C0000002849D120680021FFF73CFFE0660421DD
:108C10002068FFF737FF206708212068FFF732FF41
:108C200060670C212068FFF72DFFA16BA067032967
:108C300025D041F2883600BFBDF82C0088B3A06B68
:108C400003281CD0BDF82C10616420680904FFF7CC
:108C5000EDFC002820D120680021FFF713FFE0651C
:108C600004212068FFF70EFF206608212068FFF727
:108C700009FF60660C212068FFF704FFA06604214D
:108C80002068FFF7FFFE000D694620642046FCF7D0
:108C90002BFEA8B14FF080500CB070BD4FF080603B
:108CA000FAE7FFE720680BA9FFF70BFD0028F3D1D7
:108CB000FAF7C6F8401BB042BED34FF00040EBE7D6
:108CC000B4F8441020680904FFF780FCE4E70000D2
:108CD000224910B5884286B03ED12148016841F44E
:108CE00080310160006800F4803005901C480C3031
:108CF000016841F004010160016801F0040105917F
:108D0000016841F00801016000680221012200F0C1
:108D10000800059003230C244FF4F8508DE81F0041
:108D200010486946F9F766FF042000900E4869462E
:108D3000F9F760FF0A485838016841F48031016052
:108D4000016821F48031016000220E213120FAF700
:108D500045F93120FAF734F906B010BDCC040020F3
:108D6000D444025800080258000C02582DE9F84F6C
:108D7000002604463546B04600960068FFF7E8FB3B
:108D8000002829D12068FFF70DFCB0F1004F4FF00B
:108D900001094FF0805B4FF6FF7702D0C4F83C909A
:108DA00008E0E6632068FFF7D3FB002814D1E06BEE
:108DB00001281ED120680021FFF766FB58B918E092
:108DC00020680021FFF760FB002805D1206851468C
:108DD000FFF774FB10B15846BDE8F88F20680021FA
:108DE000FFF750FE4FEAD07805460098401C0090EF
:108DF00002E0DFF828A00098B84202D2B8F1000FD4
:108E0000DED00098B84202D34FF08070E4E76800EB
:108E1000A66301D5C4F838900020DDE7000010C13A
:108E20002DE9F04186B00D460446FAF709F8002115
:108E300007462068FFF726FE800104D54FF4006046
:108E400006B0BDE8F08120684021FFF74EFBC0B9B5
:108E5000B4F8441020680904FFF716FB88B94021D4
:108E60004FF0FF3060224FF0010C022300268DE806
:108E70004F1020686946FFF79BFC2068FFF73AFC1B
:108E800098B1616B6163DBE7406B000407D5002696
:108E90002068FFF711FE761C082E01C5F8D3F9F7FC
:108EA000CFFFC01B401C02D127E04FF000482068D4
:108EB000416B11F4957FE7D0416B090701D508207C
:108EC000BEE7416B890701D50220B9E7406B8006F8
:108ED0000AD52020B4E700BFFFF7EEFD01C5F9F782
:108EE000AFFFC01B401C08D02068416BC904F3D4FD
:108EF0000146034888630020A2E74046A0E700003F
:108F00003A0F00182DE9F04F9BB00F46002504469C
:108F100040216846F7F728FA0026F9F791FF8046C6
:108F2000A06DE0B3FF285FD92068C56240212068AA
:108F3000FFF7DBFA002838D112AB4FF00209401ED0
:108F40004FF0010A4021602283E80702CDE9165A5A
:108F5000206812A9FFF72CFC20683946FFF70EFCA9
:108F6000050022D140F22A5B21684A6B12EA0B0FFE
:108F70001ED1486B00040BD500272068FFF79CFD2D
:108F800007EBC6027F1C082F4DF82200F5D3761C94
:108F9000F9F756FFA0EB0800401CE5D100E00DE01A
:108FA0004FF00040606384F830A01BB0BDE8F08F44
:108FB000486B000705D50820886315E04FF08060F6
:108FC000F3E7486B800701D5484603E0486B80060D
:108FD00002D520208863E8E7044888639DF80D00E7
:108FE000800701D44FF080552846DEE73A0F00187D
:108FF0000148FDF713B80000580D002010B50268B5
:1090000040F26F335169946944F008049461026836
:10901000946944F0100494610268146824F0010417
:109020001460026814699C4314610268936823F415
:109030004043936090F88120042A0CD08A060AD518
:10904000D0F8842042F08002C0F88420026893693E
:1090500043F02003936190F88120032A0CD04A0644
:109060000AD5D0F8842042F00402C0F884200268B7
:10907000936943F0400393618A050AD5D0F88420B0
:1090800042F00102C0F884200268936943F400733F
:109090009361C9050AD5D0F8841041F00801C0F8E1
:1090A000841001688A6942F480728A610021A0F804
:1090B0006210A0F86A1010BD10B5806B002101226B
:1090C000A0F86A10A0F8621080F88120FCF7A4FFD5
:1090D00010BD000010B5FEF701FE0A20F9F70EFDE5
:1090E0003620FEF741FC0020FEF76AFC3A20FEF72E
:1090F0003BFC0520FEF764FCB220FEF735FC0C209B
:10910000FEF75EFC0C20FEF75BFC0020FEF758FC2F
:109110003320FEF755FC3320FEF752FCB720FEF754
:1091200023FC3520FEF74CFCBB20FEF71DFC19206C
:10913000FEF746FCC020FEF717FC2C20FEF740FC93
:10914000C220FEF711FC0120FEF73AFCC320FEF717
:109150000BFC1220FEF734FCC420FEF705FC202097
:10916000FEF72EFCC620FEF7FFFB0F20FEF728FCC3
:10917000D020FEF7F9FBA420FEF722FCA120FEF789
:109180001FFCE020FEF7F0FBD020FEF719FC0420C6
:10919000FEF716FC0D20FEF713FC1120FEF710FC65
:1091A0001320FEF70DFC2B20FEF70AFC3F20FEF7F4
:1091B00007FC5420FEF704FC4C20FEF701FC1820AD
:1091C000FEF7FEFB0D20FEF7FBFB0B20FEF7F8FB86
:1091D0001F20FEF7F5FB2320FEF7F2FBE120FEF750
:1091E000C3FBD020FEF7ECFB0420FEF7E9FB0C20CC
:1091F000FEF7E6FB1120FEF7E3FB1320FEF7E0FB92
:109200002C20FEF7DDFB3F20FEF7DAFB4420FEF7C3
:10921000D7FB5120FEF7D4FB2F20FEF7D1FB1F20F8
:10922000FEF7CEFB1F20FEF7CBFB2020FEF7C8FB8E
:109230002320FEF7C5FB2120FEF796FB1120FEF749
:1092400093FB7820F9F75AFC2920FEF78DFB0220CA
:10925000FEF72CFB0020FEF705FB6FF07F40FEF7CA
:1092600013FBFEF7C1F8074901220548886000207A
:1092700005490872D103BDE810400448F9F7D5BD8F
:109280003800002018000020480D0020000C025873
:109290002DE9F0411C4616460D460746DDF81880BC
:1092A0000AE000BFF9F7CCFDA0EB0800A04202D312
:1092B000601C01D00BE054B13868406935EA000009
:1092C00007D00020B042EDD00020BDE8F08103209F
:1092D000FBE70120F6E770470178407841EA00207B
:1092E0007047F9F7B3BD0000F0B59DB04C2168465A
:1092F000F7F73AF8202113A8F7F736F80220FAF723
:10930000F9FB274800242749026842F440420260E2
:1093100002680A6842F001020A60096801F001016E
:109320001B9101688904FCD5FAF716FCF9F782FD58
:109330001D4901220B68022008252526C70323F0BA
:1093400018030B6005210292CDE900670AAF06926F
:10935000C0230990042687E80B00CDE90D06CDE96E
:1093600010540F9068461294FBF742FE08B172B693
:10937000FEE740201A903F210301CDE91650032259
:10938000CDE9180313AB13A883E816000421FBF7FB
:109390001FFC002801D072B6FEE71DB0F0BD000032
:1093A000184802582C040058704402582C48F0B554
:1093B0002C4A016841F470010160106800F00F0050
:1093C000072804D2106820F00F00C01D1060264945
:1093D0000020254C10340B68244D43F001030B6032
:1093E00020600B682B400B60136803F00F03072B02
:1093F00004D9136823F00F03DB1D13601A4C1C4AB9
:1094000018341C4B261D371D2060174C1A4D28346C
:109410003060261D3860371D23603B1D35601C1DE4
:109420003A60251D2E1D1860331D226028603260B1
:1094300018600A680C4B114C22F4802260330A60D9
:10944000186020686FF30F00B0F1005F03D20C4981
:109450000120C1F8080143F2D2000A490860F0BDBA
:1094600088ED00E000200052004402587FEDF6EA4B
:1094700080020101000202020000FF010010005CF6
:1094800000800051004000520148FDF79ABA0000E8
:10949000E00D00202DE9F047294B4FF0804A294D7F
:1094A00002689842284E294F294C09D0504507D0D0
:1094B000A84205D0B04203D0B84201D0A04205D1A5
:1094C000D1F804C022F070024CEA0202DFF884C036
:1094D000DFF884809842DFF884900FD050450DD09B
:1094E000A8420BD0B04209D0B84207D0A04205D064
:1094F000604503D0404501D0484503D1CD6822F4F2
:1095000040722A438E684D6922F08002C6620E685E
:109510002A439842866207D0A04205D0604503D016
:10952000404501D0484501D1096901630368012123
:1095300043F00403036041610260BDE8F08700006E
:10954000000001400004004000080040000C004002
:109550000004014000400140004401400048014037
:1095600042EA032283680A4323F47F410A4382606C
:1095700070470000034B82681A400A4342F007011B
:10958000816070478FFFCFFF10B5036A046A23F034
:109590000A0324F00104046284690B4324F0F001FF
:1095A00041EA02118161036210BD10B5036A046AC9
:1095B00023F0A00324F010040462846943EA01113B
:1095C00024F4704343EA02328261016210BD00005C
:1095D00030B5416EB9B101680D4B03F108048A68DA
:1095E0008968C2F34262490F5D5C615C2D01B5FB85
:1095F000F1F1A0F86A10995CA25C0901B1FBF2F1EB
:10960000A0F8681030BD0121A0F86A10F8E700004A
:1096100082ED000890F82810090706D50168836BD1
:109620004A6822F400421A434A6090F82810C90799
:1096300006D00168C36A4A6822F400321A434A60BD
:1096400090F82810890706D50168036B4A6822F450
:1096500080321A434A6090F82810490706D50168FD
:10966000436B4A6822F480221A434A6090F828101B
:10967000C90606D50168C36B8A6822F480521A4372
:109680008A6090F82810890606D50168036C8A68FC
:1096900022F400521A438A6090F82810490611D526
:1096A0000168436C4A6822F480121A434A60416C94
:1096B000B1F5801F06D10168836C4A6822F4C002AC
:1096C0001A434A6090F82810090606D50168C26C52
:1096D000486820F400201043486070472DE9F843A3
:1096E00000250446C0F89050F9F7AAFB8046206890
:1096F00020266FF07E470068000713D500224346FE
:1097000031042046009700F037FD58B1216851E838
:10971000000F20F0800041E80002002AF6D1C4F8D2
:10972000886021E020680068400722D50022434677
:109730004FF480012046009700F01EFDC8B120685C
:1097400050E8001F21F4907140E80012002AF6D181
:109750002068083050E8001F21F0010140E80012A5
:10976000002AF5D1C4F88C60032084F88450BDE849
:10977000F883C4F88860C4F88C60E566256700202B
:1097800084F88450F3E710B5806B0021A0F85E10D8
:10979000FDF7E7FA10BD000010B5026852E8001F9F
:1097A00021F4907142E80013002BF6D10E4B0268B1
:1097B000083252E8001F194042E80014002CF6D18C
:1097C000C16E012908D1026852E8001F21F0100182
:1097D00042E80013002BF6D100212022C0F88C2093
:1097E000C166416710BD0000FEFFFFEF10B5D0F865
:1097F0008C10B0F860202229016804D0886940F0FC
:109800000800886110BD496A836D11401980816D1F
:10981000891C8165B0F85E10491EA0F85E10B0F892
:109820005E100029EED1016851E8002F22F49072F9
:1098300041E80023002BF6D10168083151E8002FE0
:1098400022F0010241E80023002BF5D1184B002142
:1098500002682024C0F88C40416701679A420BD00F
:109860005268120208D5036853E8002F22F0806284
:1098700043E80024002CF6D1C26E012A02D0FDF785
:10988000F5FC10BDC166026852E8001F21F010010E
:1098900042E80013002BF6D10168CA69D243D20610
:1098A00001D410220A62B0F85C10FDF7CBF910BDAC
:1098B000000C00582DE9F04704460068C569D0F84F
:1098C00000A0D0F80890D4F88C10B4F86060222979
:1098D00005D0816941F008018161BDE8F087B4F8E5
:1098E00068704FF0000844E02068A16D406A304085
:1098F0000880A06D801CA065B4F85E00401EA4F82E
:109900005E002068C569690730D0E9070AD05FEAC0
:10991000CA5107D501210162D4F8900040F001003E
:10992000C4F89000A8070BD55FEAC97008D0216879
:1099300002200862D4F8900040F00400C4F89000BF
:1099400068070BD55FEAC97008D021680420086257
:10995000D4F8900040F00200C4F89000D4F89000D1
:1099600020B12046FDF7FDF9C4F89080B4F85E0000
:1099700000B30FB1A806B7D4B4F85E000028ACD08D
:10998000B4F868108142A8D92068083050E8001F58
:1099900021F0805140E80012002AF5D12A48606782
:1099A000216851E8000F40F0200041E80002002A41
:1099B000F6D192E7216851E8000F20F4807041E869
:1099C0000002002AF6D1214A2068083050E8001F22
:1099D000114040E80013002BF6D11D4A20232168D6
:1099E0004046C4F88C30C4F87480C4F8708091424A
:1099F0000BD04968090208D5226852E8001F21F0FF
:109A0000806142E80013002BF6D1E16E012903D0FA
:109A10002046FDF72BFCAFE7E066216851E8000F18
:109A200020F0100041E80002002AF6D12068C16948
:109A3000C943C90601D410210162B4F85C10204664
:109A4000FDF700F998E70000ED970008FEFFFFEF33
:109A5000000C005810B5D0F88C10B0F86020222906
:109A6000016804D0886940F00800886110BD496A27
:109A7000836D11401970816D491C8165B0F85E10CD
:109A8000491EA0F85E10B0F85E100029EED1026801
:109A900052E8001F21F4907142E80013002BF6D128
:109AA0000168083151E8002F22F0010241E800234B
:109AB000002BF5D1184B002102682024C0F88C40FF
:109AC000416701679A420BD05268120208D50268BA
:109AD00052E8003F23F0806342E80034002CF6D1C6
:109AE000C26E012A02D0FDF7C1FB10BDC16602683B
:109AF00052E8001F21F0100142E80013002BF6D1BC
:109B00000168CA69D243D20601D410220A62B0F8B1
:109B10005C10FDF797F810BD000C00582DE9F047D8
:109B200004460068C569D0F800A0D0F80890D4F8C1
:109B30008C10B4F86060222905D0816941F00801D9
:109B40008161BDE8F087B4F868704FF0000844E028
:109B50002068A16D406A30400870A06D401CA0656F
:109B6000B4F85E00401EA4F85E002068C56969076D
:109B700030D0E9070AD05FEACA5107D50121016256
:109B8000D4F8900040F00100C4F89000A8070BD56D
:109B90005FEAC97008D0216802200862D4F89000FA
:109BA00040F00400C4F8900068070BD55FEAC97064
:109BB00008D0216804200862D4F8900040F0020028
:109BC000C4F89000D4F8900020B12046FDF7C9F801
:109BD000C4F89080B4F85E0000B30FB1A806B7D403
:109BE000B4F85E000028ACD0B4F868108142A8D95F
:109BF0002068083050E8001F21F0805140E8001232
:109C0000002AF5D12A486067206850E8001F41F01B
:109C1000200140E80012002AF6D192E7216851E8BD
:109C2000000F20F4807041E80002002AF6D1214A9A
:109C30002068083050E8001F114040E80013002B56
:109C4000F6D11D4A202321684046C4F88C30C4F860
:109C50007480C4F8708091420BD04968090208D51D
:109C6000226852E8001F21F0806142E80013002BB7
:109C7000F6D1E16E012903D02046FDF7F7FAAFE7F0
:109C8000E066206850E8001F21F0100140E8001253
:109C9000002AF6D12068C169C943C90601D4102140
:109CA0000162B4F85C102046FCF7CCFF98E7000096
:109CB000559A0008FEFFFFEF000C00582DE9F04315
:109CC00004468068D84E87B0D84B2168D4E9042771
:109CD000D4F81CC010430A68002547EA0C07384333
:109CE000324002430A602068E268416821F4405132
:109CF000114341602268A1699A4201D0206A014360
:109D00009768DFF82CC3CB4ECB4807EA0C070F430C
:109D100097602168676ACA6A22F00F023A43CA62F2
:109D20002268B2420ED1006800F03800182873D0C3
:109D300047DCB8B3082879D010286FD178E02828FC
:109D40007ED17BE0BD498A4209D1006800F007005E
:109D5000062875D2DFE800F0546A6C6E7072B8495C
:109D60008A4209D1006800F00700062868D2DFE8BF
:109D700000F0475D5F616365B2498A4209D10068BE
:109D800000F0070006285BD2DFE800F03A5052549A
:109D90005658AD498A420BD1006800F007000628EA
:109DA0004ED200E010E0DFE800F02B414345474988
:109DB000A6498A420AD1006800F03800182839D034
:109DC000B7DD2028BBD13CE001203AE0A0498A421F
:109DD00009D1006800F00700062831D2DFE800F062
:109DE0001026282A2C2E9B498A420BD1006800F0AD
:109DF0000700062824D2DFE800F003191B1D1F21ED
:109E000000201EE09A421BD18B48001D006800F024
:109E10000700062814D202E00CE007E010E0DFE8BB
:109E200000F0030507090B0D02200AE0042008E0FA
:109E3000082006E0102004E0202002E0402000E09E
:109E400080208549DFF814829A42854A4FF4004306
:109E50004FEA21174FF000064ED110281AD006DC29
:109E6000022809D004280BD008287CD10DE0202836
:109E70003ED0402877D13DE0F9F776FE014610E06C
:109E80006846F9F727FF01990BE003A8F9F7C4FF2B
:109E9000049906E01068800605D51068C0F3C1007B
:109EA000C140002970D0606A676838F8102007EB5D
:109EB0004703B1FBF2F0834255D8B0EB073F52D8CD
:109EC000002308461946F6F705FA02467808130EED
:109ED000120243EA012110183A4671410023F6F7B5
:109EE000F9F9604AA0F5407191423CD821688FE0B1
:109EF0003946D8E71946D6E7D4F81CC04FF6EF79B3
:109F00009C4546D1082819D005DC58B101280CD051
:109F1000042875D10DE0102815D0202835D0402810
:109F20006ED134E0FAF7A4FF01E0FAF7B3FF01467F
:109F300010E06846F9F7CEFE01990BE003A8F9F7A7
:109F40006BFF049906E01068800604D51068C0F322
:109F5000C100C140C1B1636A606838F81330B1FB19
:109F6000F3F1490000E04BE001EB5001B1FBF0F0F0
:109F7000A0F11001494543D84FF6F0732168C0F3B2
:109F800042021840104343E043E03946E3E71946F4
:109F9000E1E7082819D005DC58B101280CD00428C5
:109FA0002ED10DE0102815D020282BD0402827D105
:109FB0002AE0FAF75DFF01E0FAF76CFF014610E0D6
:109FC0006846F9F787FE01990BE003A8F9F724FF2B
:109FD000049906E01068800604D51068C0F3C1003B
:109FE000C140B1B1636A606838F81330B1FBF3F176
:109FF00001EB5001B1FBF0F0A0F11001494505D98A
:10A00000012506E03946EDE71946EBE7216880B205
:10A01000C8600120A4F86A00A4F8680028466667B2
:10A02000A66707B0BDE8F083F369FFCF000C0058C6
:10A03000FFF4FF1100100140544402580044004056
:10A0400000480040004C0040005000400014014017
:10A0500000780040007C00400090D0036AED0008CA
:10A0600000440258FFFC0F0070B58368002481652E
:10A070004FF48056A0F85C20B342A0F85E204FF069
:10A08000FF01446704D1036903BB40F2FF111DE0E7
:10A090004FF07F05C3B1B3F1805F1AD0A0F86040E4
:10A0A0002221C0F89040C0F88C100168083151E8B6
:10A0B000003F43F0010341E80034002CF5D1416E2C
:10A0C000B1F1005F0CD02FE0036933B9A0F8601044
:10A0D000E6E7016909B13F21F8E7A0F86050DFE742
:10A0E000B0F8681091421FD88168B14201D101696E
:10A0F000B9B11D490269416742B1026852E8001FC7
:10A1000041F4807142E80013002BF6D10168083158
:10A1100051E8002F42F0805241E80023002BF5D196
:10A1200020E012494167F1E78168B14201D101693C
:10A1300069B10F49026941675AB1016851E8002FBE
:10A1400042F4907241E80023002BF6D10AE009495D
:10A150004167026852E8001F41F0200142E8001305
:10A16000002BF6D1002070BD1D9B0008B59800089B
:10A17000559A0008ED9700082DE9F04799461746D3
:10A180000D460446089E4FF0000833E0701C31D0A5
:10A19000F8F756FEA0EB0900B04218D8BEB120680F
:10A1A0000168490726D5802D24D0402D22D0C169D1
:10A1B000C94309070DD4082505622046FFF7ECFACC
:10A1C000C4F89050012084F88480BDE8F087032013
:10A1D000FBE7C069C04300050CD421684FF4006060
:10A1E00008622046FFF7D8FA2021C4F8901084F8BE
:10A1F0008480ECE72068C06935EA000004D00020C4
:10A20000B842C3D00020E0E70120F9E70148FCF79D
:10A21000A9BD00002C0E00202DE9F0410C46D0F81D
:10A22000D412D0F8C83200EB8101D1F8C01229B3A2
:10A2300004F00F02002702EB820500EB8506B569EA
:10A240004DB102EBC20203EB8202D269B5FBF2F31D
:10A2500002FB1352A2B1C1F81472D0F8D42200EB61
:10A260008200D0F8C40203692BB1D1F8080201F5CD
:10A270000471224698470020BDE8F0810320FBE7E7
:10A28000002321461A46B76100F0D1FDF3E770B50F
:10A290000546D0F8D40205EB8000D0F8C04294B156
:10A2A000284600F0A0FCC4F80C02D5F8D40205EB57
:10A2B0008000D0F8C412D4F80402CA6804F503710F
:10A2C0009047002070BD032070BD000070B5224D86
:10A2D0000446297800F0C8FB2878002600F00F001B
:10A2E00000EB800004EB800086842046697800F053
:10A2F000BBFB687800F00F0000EB800004EB8000EF
:10A30000A0F864612046A97800F0AEFBA87800F0C0
:10A310000F0000EB800004EB80008684C684D4F834
:10A32000D40204EB8000D0F8C01299B1D0F8C40276
:10A3300040688047D4F8D40204EB8000D0F8C00213
:10A3400000F09DFFD4F8D40204EB8000C0F8C06296
:10A35000C4F8BC62002070BDD400002010B5D0F855
:10A36000D41200EB8100D0F8C04284B1D0F8C412FE
:10A3700059B194F80002FF2807D08B68214694F861
:10A3800001229847FF2084F80002002010BD03201E
:10A3900010BD00000A21018000487047D80000204D
:10A3A00070B5822106460D4800F0E1FA012105460C
:10A3B0000A4800F0DCFA81210446084800F0D7FA88
:10A3C0000DB11021A9714FF0400104B1A18000B17D
:10A3D000818043203080014870BD0000E4000020EF
:10A3E00070B5822106460D4800F0C1FA01210546EC
:10A3F0000A4800F0BCFA81210446084800F0B7FA88
:10A400000DB11021A9714FF4007104B1A18000B108
:10A41000818043203080014870BD0000E4000020AE
:10A4200070B5822106460D4800F0A1FA01210546CB
:10A430000A4800F09CFA81210446084800F097FA87
:10A440000DB11021A9714FF0400104B1A18000B1FC
:10A45000818043203080014870BD0000E40000206E
:10A460002DE9F0474FF407750446284600F008FF31
:10A4700006004FF0000965D02946F5F775FFD4F8BE
:10A48000D40201273C4D4FF4007A4FF0100804EB42
:10A490008000C0F8C062C4F8BC62207CF0B32978A8
:10A4A00040230222204600F00CFC2878402300F0D4
:10A4B0000F0000EB800004EB8000878402226978A3
:10A4C000204600F0FEFB697808230322204601F0B5
:10A4D0000F0101EB810104EB8101A1F86471A978FE
:10A4E00001F00F0101EB810104EB8101A1F826804D
:10A4F000A97800F0E6FBA978C84601F00F0101EB4E
:10A50000810104EB81018F84C6F80492D4F8D4024F
:10A5100004EB8000D0F8C402006800E01AE006F501
:10A5200001768047C6F81080C6F8148032687AB188
:10A53000207CF8B140236978204600F0CEFB002053
:10A54000BDE8F087D4F8D41204EB8101C1F8C092C1
:10A550000220F5E7297802225346204600F0B1FB9D
:10A560002878534600F00F0000EB800004EB8000D9
:10A570008784A3E75346DEE7D400002010B5D0F867
:10A58000D41200EB8101D1F8C01259B1027C084C01
:10A59000002AD1F8042207D04023617800F09DFB07
:10A5A000002010BD032010BD4FF40073F5E700003C
:10A5B000D400002039B1D0F8D42200EB8200C0F8DA
:10A5C000C4120020704703207047D0F8D42200EB5B
:10A5D0008200D0F8C00218B1C0F804120020704701
:10A5E00003207047D0F8D43200EB8300D0F8C002CB
:10A5F00028B1C0F81022C0F80812002070470320CC
:10A6000070472DE9FC410646D0F8D4020C460021E3
:10A6100006EB80000D46D0F8C0728DF80010ADF842
:10A62000041037B1217811F060022CD0202A48D1D3
:10A6300002E00320BDE8FC81E288E2B109060BD507
:10A64000D0F8C4023946836860789847E288072AC0
:10A6500000D9072239462CE0607887F80002E088AC
:10A66000402800D340203946C2B2304687F8012244
:10A6700000F057F82AE0D0F8C4020022214683688F
:10A680006078984722E0607830B101281ED00A280F
:10A6900009D00B2815D110E096F89C02032810D1A0
:10A6A000022201A905E096F89C02032809D10122A3
:10A6B0006946304600F04FF808E096F89C020328FF
:10A6C00004D02146304600F021F803252846B1E7A2
:10A6D00010B5D0F8B82200245268904700B1032486
:10A6E000204610BD002070470020704713460A46E0
:10A6F000002110B500F0F1FA002010BD13460A4603
:10A70000002110B500F093FB002010BD10B5802192
:10A71000044600F06DFB2046BDE81040002100F02B
:10A7200067BB10B5C0F858210323C0F89432C0F8B5
:10A730005C2113460A46002100F0CFFA002010BD2C
:10A7400010B50521C0F8941200231A46194600F0EE
:10A75000C4FA002010BD10B582610223C0F8943203
:10A76000C26113460A46002100F061FB002010BDC3
:10A7700010B50421C0F8941200231A46194600F0BF
:10A7800056FB002010BD000004A00A46024910B587
:10A7900000F01BF9004810BD8C12002043444320F8
:10A7A000436F6E666967000012200880004870479A
:10A7B0007800002004A00A46024910B500F005F90F
:10A7C000004810BD8C12002043444320496E74653C
:10A7D00072666163650000000420088000487047CD
:10A7E0007400002004A00A46024910B500F0EDF8FC
:10A7F000004810BD8C12002053544D6963726F6580
:10A800006C656374726F6E696373000004A00A461E
:10A81000024910B500F0D9F8004810BD8C12002094
:10A8200053544D3332205669727475616C20436FF6
:10A830006D506F727400000010B51A2008800B482C
:10A840000A490830021F096800681468081809D00E
:10A8500007490822FCF766FD05490422204610310D
:10A86000FCF760FD0248801E10BD000000E8F11FEB
:10A870008E000020F8B504460D460020ADF800001B
:10A880004888010A062947D006DC01290FD0022991
:10A8900012D0032962D11DE0072946D00F295DD1CE
:10A8A000D4F8B402C26920E0694690473BE0D4F88E
:10A8B000B412207C0A68F7E7207C02260028D4F82E
:10A8C000B80205D0C16A684688470146467036E03E
:10A8D000816AF8E7C0B2062840D2DFE800F0030939
:10A8E0000D111519D4F8B4024268B2B3207CDBE72D
:10A8F000D4F8B4028268F8E7D4F8B402C268F4E786
:10A90000D4F8B4020269F0E7D4F8B4024269ECE783
:10A91000D4F8B4028269E8E7207CF0B9D4F8B80230
:10A92000416B68468847014609E0207CA8B9D4F805
:10A93000B802016B68468847014607204870EA88DC
:10A940008AB1BDF8000040B1824200D902462046DB
:10A95000ADF80020FFF7FFFEF8BDFFE729462046CF
:10A96000FFF7D4FEF8E72046FFF702FFF4E778B5DB
:10A9700042880D460178002604468A4212D9ADF875
:10A9800000100AE0694600F019F84178052904D161
:10A9900081780646A94205D000266188BDF80020CE
:10A9A0009142EFD8304678BD002102E0491C401C9E
:10A9B000C9B20278002AF9D1084670470A8803789C
:10A9C0001A440A8001780844704770B5002816467A
:10A9D0000D4620D00446FFF7E7FF02220146100291
:10A9E00002EB4101814204D82046FFF7DDFF400021
:10A9F000801C30803378032102202B700022697084
:10AA000006E0431C2954D8B2411C641C2A54C8B225
:10AA100021780029F5D170BD01004FF0000004D06D
:10AA2000012901D0022901D003207047012070477D
:10AA300078B10023C0F8B832C0F8C432C0F8D032C0
:10AA400009B1C0F8B4120121027080F89C1200F024
:10AA5000CFB80320704710B5D0F8C802F8F77BFBD9
:10AA6000BDE81040FFF7D8BF10B5D0F8C802F8F71E
:10AA70004DFBBDE81040FFF7CFBF2DE9F041174671
:10AA800004464FF0000521B194F89C02032842D0FF
:10AA90004CE0D4F8941204F11400022935D1D0E925
:10AAA00002639E4206D9F21A394682602046FFF7B9
:10AAB00025FE0FE0B34214D14068984211D3D4F878
:10AAC000981288420DD2002220461146FFF716FE4A
:10AAD000C4F8985200231A461946204600F0FDF8A3
:10AAE00013E094F89C02032808D1D4F8B802C16896
:10AAF00021B1C4F8D452C16820468847802120463D
:10AB000000F076F92046FFF71BFE94F8A00268B12A
:10AB100084F8A0520AE0D4F8B802426932B1C4F80D
:10AB2000D452426920469047002800D10020BDE859
:10AB3000F08170B5134604464FF0000221B194F83D
:10AB40009C02032830D03AE0D4F8941204F5AA709D
:10AB5000032934D1D0E902518D420AD96A1A8260A0
:10AB60000846824200D3024619462046FFF7BEFD42
:10AB700025E094F8AA0210F01F0003D0012802D0AB
:10AB8000022800D0002294F89C02032808D1D4F8AF
:10AB9000B802016921B1C4F8D4220169204688476E
:10ABA0002046FFF7E5FD0AE0D4F8B802836933B127
:10ABB000C4F8D422826920469047002800D10020A2
:10ABC00070BD0020704710B5D0F8B812012280F88F
:10ABD0009C22002429B103794A68D9B2904700B178
:10ABE0000324204610BDD0F8C802F8F7E1BA0000EF
:10ABF00070B5017839BB15490925154C022300228F
:10AC0000C1F8E004C0F8C81208460C600D71CB71A1
:10AC10008A714B728A72CA720A734A738A73CA73D0
:10AC2000F8F740FE08B1F6F76AF908488021F8F70E
:10AC30001CFA064840220021F8F71BFA034880223C
:10AC40000121F8F716FA002070BD0000AC260020A4
:10AC500000000840D0F8C82201F07F000B0600EB8E
:10AC6000C00002EB800001D5807D704790F856024D
:10AC7000704710B5D0F8D42200EB8202D2F8B82287
:10AC800022B190F89C32032B02D004E0032010BDC7
:10AC9000126A02B19047002010BD10B5D0F8D4223E
:10ACA00000EB8202D2F8B82222B190F89C32032B3A
:10ACB00002D004E0032010BD526A02B19047002088
:10ACC00010BD10B51C46D0F8C80213462246F8F74E
:10ACD00078FABDE81040FFF79FBE10B5D0F8C80263
:10ACE000F8F7A0FABDE81040FFF796BE2DE9F04155
:10ACF000044601250020D4F8B812064684F89C5278
:10AD0000C4F894026060C4F8A40284F8A00231B1CF
:10AD10004A6822B100212046904700B10326204610
:10AD2000002240231146FFF7CCFF4027A4F86451CE
:10AD300000223B4680212046C4F86071FFF7C1FF26
:10AD4000A58430462762BDE8F08190F89C12042962
:10AD500003D190F89D1280F89C120020704710B526
:10AD600090F89C12032905D1D0F8B81211B1C96925
:10AD700001B18847002010BD01740020704710B554
:10AD8000D0F8C802F8F762FEBDE81040FFF744BEF5
:10AD900070B5044600F2AA20054600F051F894F878
:10ADA000AA020123B4F8B01210F01F02C4F89432C2
:10ADB000C4F898120AD0012A0ED0022A12D000F04C
:10ADC00080012046BDE8704000F012B829462046B8
:10ADD000BDE8704000F0D0B829462046BDE870407C
:10ADE00000F013BA29462046BDE8704000F05BB978
:10ADF00010B5D0F8C802F8F72FFABDE81040FFF7F9
:10AE00000BBE10B5D0F8C802F8F73AFEBDE8104006
:10AE1000FFF702BE90F89C12042903D090F89C1210
:10AE200080F89D12042180F89C120020704710B514
:10AE3000D0F8C802F8F749FABDE81040FFF7ECBDBA
:10AE400070B5054608788C1C2870487868702046D4
:10AE5000FEF742FAA41C68802046FEF73DFAA8805F
:10AE6000A01CFEF739FAE88070BD38B50446002012
:10AE7000ADF80000A1B1C4F8B812D4F8D40204EBC4
:10AE80008000D0F8B802C16A19B168468847C4F892
:10AE9000D002D4F8D802401CC4F8D802002038BD33
:10AEA000032038BDD0F8B83202460020002B02D073
:10AEB0001B681046184770472DE9F0412C4E044698
:10AEC000887800258846C1B20129317006D94146EB
:10AED0002046FFF71BFC0320BDE8F08194F89C029C
:10AEE000022702280CD003281DD041462046FFF738
:10AEF0000DFC31782046FFF7EBFB03252846EBE7F6
:10AF000089B320466160FFF7CDFF050004D04146BC
:10AF10002046FFF7FBFB1DE02046FFF729FC03203E
:10AF200084F89C02EAE7C1B1606888421BD0C1B2D4
:10AF30002046FFF7CDFB317820466160FFF7B2FF76
:10AF4000050010D041462046FFF7E0FB217920465E
:10AF5000FFF7BEFB84F89C72D0E7616084F89C72B6
:10AF60002046FFF7B5FB2046FFF702FCC6E70000CE
:10AF7000D0000020FFF745BF2DE9F0410A784FF0DF
:10AF8000000512F060020CD0202A01D0402A7DD1A9
:10AF9000D0F8D42200EB8202D2F8B822926890470F
:10AFA00031E04B78002201260A2B6FD2DFE803F054
:10AFB00041666E586E08056E2D29FFF75BFC67E051
:10AFC00004468888D8B9C888C8B94888802816D265
:10AFD00094F89C2200F07F07032A10D039462046BF
:10AFE00084F89E72FFF7CBFE2046FFF7C1FB1FB12E
:10AFF000022084F89C024BE084F89C6248E02046E2
:10B0000044E0FFF759FF054642E0CB88012B3DD1D4
:10B0100090F89C32012B04D0022B02D0032B35D1A7
:10B0200004E000F108018260012216E00122011D06
:10B0300013E090F89C22012A03D0022A01D0032AAF
:10B0400024D1CA88022A21D1D0F8A412C66009B13D
:10B050000321C160022200F10C01FFF77CFB17E025
:10B060004A88012A02D0022A03D00FE0C0F8A46265
:10B0700016E08988090A80F8A01211E090F89C3245
:10B08000012B08D0022B06D0032B04D0FFF73EFB88
:10B090002846BDE8F08149880129F9D1C0F8A422E9
:10B0A000FFF766FBF4E72DE9F0410A780E460979CF
:10B0B000054612F060004FF00008CCB20BD02028FB
:10B0C00001D040286AD121462846FFF70BFBFF2814
:10B0D00000D0D8B396E07078C8B3012824D00328F4
:10B0E0005CD195F89C02022802D0032856D10CE0CE
:10B0F000002C53D0802C51D021462846FFF778FEF3
:10B1000080212846FFF774FE7CE0708840B93CB18E
:10B11000802C05D0F08818B921462846FFF768FE34
:10B120002846FFF725FB6DE095F89C020228DFD04A
:10B13000032863D1708880BB600603D0214628466F
:10B14000FFF789FC2846FFF713FBBCE700E00AE0A5
:10B15000C5F8D402D5F8B8028268F2B13146284663
:10B16000904780464EE095F89C020027022802D0C6
:10B17000032843D113E00CB1802C3FD1200604F00A
:10B180007F0000EB800005EB800101D5143101E068
:10B1900001F5AA7102220F602CE033E02EE02006B8
:10B1A00004F00F0000EB800005EB800009D5808CD7
:10B1B00020B304F07F0000EB800005EB800614361E
:10B1C0000AE0B0F86401C8B104F07F0000EB800031
:10B1D00005EB800606F5AA764CB1802C07D02146F7
:10B1E0002846FFF737FD10B10120306000E03760DE
:10B1F000022231462846FFF7AEFA03E031462846E0
:10B20000FFF784FA4046BDE8F08170B5054608783E
:10B210000E464FF0000410F0600003D0202801D04B
:10B22000402827D195F89C02012803D0022801D09C
:10B2300003281FD1B088C1B201291AD8C1B228464B
:10B24000FFF752FAFF280CD058B9D5F8B8128A681F
:10B250003AB1C5F8D40228468A6831469047044678
:10B2600000E00324F088204307D12846FFF780FA46
:10B2700003E031462846FFF749FA204670BD704783
:10B28000004870478C24002070B54D7801230A785F
:10B29000012D1C4C02F00F0503FA05F3D0F81C58E1
:10B2A00017D000EB421245EA0343C0F81C38D2F82D
:10B2B000000B00040BD40B890979D2F8000BC3F3FF
:10B2C0000A03184344EA81410843C2F8000B0020F6
:10B2D00070BD9EB23543C0F81C5800EB4213D3F842
:10B2E00000090004F3D40D890979D3F80009C5F3E6
:10B2F0000A058904284341EA825108432043C3F8E0
:10B300000009E4E700800010D0F800196FF30A018B
:10B31000C0F80019D0F8041841F48071C0F804187E
:10B320000020704770B50D460446C2F307211E4643
:10B330000498012922D0E06840F04000E0602046F7
:10B3400000F03CF8C6F307210029A16B2ED021F4B0
:10B350008031A163C5F3074101290ED1E16D154A82
:10B3600089B2E165E16D1143E165A16841F0060133
:10B37000A160A16841F02001A16070BDA26BC3B2C1
:10B380000D49012B22F48030A063E06800EA01003F
:10B39000E060E06820F44010E06003D1E06840F431
:10B3A0008010E060204600F009F8D3E741F48031D6
:10B3B000CFE700000000EE03BFFFBDFF08B500218E
:10B3C0004FF070620091009B5B1C009393420CD87D
:10B3D0000369002BF7DA0091016941F00101016175
:10B3E0000099491C0091914201D9032008BD0169CF
:10B3F000C907F5D1002008BD70B50A7801234C7843
:10B40000012C00EB42122CD0D2F8004B002C0BDAAE
:10B41000D2F8004B44F00064C2F8004BD2F8004B65
:10B4200044F08044C2F8004B0C78D0F83C5804F04B
:10B430000F0403FA04F425EA0444C0F83C480978F0
:10B44000D0F81C4801F00F018B401C4924EA03434B
:10B45000C0F81C38D2F8000B0840C2F8000B0020DE
:10B4600070BDD2F80049002C0BDAD2F8004944F044
:10B470000064C2F80049D2F8004944F08044C2F8A0
:10B4800000490D78D0F83C4805F00F050C4E03FA42
:10B4900005F5ADB2AC43C0F83C48D0F81C4809787B
:10B4A00001F00F018B4099B28C43C0F81C48D2F8D0
:10B4B00000093040C2F80009D1E700000078F3EF3E
:10B4C000007833ECD0F8001E21F00301C0F8001E14
:10B4D000D0F8041821F00201C0F8041800207047C9
:10B4E000D0F8001E21F00301C0F8001ED0F80418A7
:10B4F00041F00201C0F80418002070472DE9F04F18
:10B5000000250F46904604462E46284604EB80014F
:10B51000C1F80451401C0F28F8D3C3F307405FEA79
:10B520000009204610D0806B40F40011C4F8381098
:10B53000C8F30720C4F8005E0128204617D0D0F8D1
:10B54000001841F0030119E0D0F8040840F00201AE
:10B55000C4F80418A06B20F40011A163206840F027
:10B5600040012160206840F080012160E0E7D4F8CC
:10B570000018380E204601D041F00101C0F8001833
:10B58000102100F08CFA00B10126204600F06BFA81
:10B5900000B101264FF67F3A4FF0006CC4F8105806
:10B5A0004FF0904BC4F81458C4F81C580020FAB25D
:10B5B00014E000BF04EB4011D1F80039002B06DA8B
:10B5C00010B1C1F800B904E0C4F800C901E0C1F845
:10B5D0000059C1F81059C1F808A9401C8242E9D8A5
:10B5E000002013E004EB4011D1F8003B002B06DAF9
:10B5F00010B1C1F800BB04E0C4F800CB01E0C1F811
:10B60000005BC1F8105BC1F808AB401C8242E9D86E
:10B61000D4F81008C7F30742002A6FF0804120F4E5
:10B620008072C4F81028A561616103D1A06940F05F
:10B630001000A061A069C8F30741094A1043A06146
:10B6400019B1A06940F00800A061B9F1010F03D160
:10B65000A06904490843A0613046BDE8F08F0000AE
:10B6600000383C8004000040816821F001018160C5
:10B670000020704710B5144C036CA34203D9D0F8D6
:10B68000003B002B1EDB0023C0F8103B0129D0F843
:10B69000101B41F40021C0F8101BD0F8101B41F022
:10B6A0001801C0F8101BD0F8101B41F0C041C0F8C1
:10B6B000101B07D1C0F8142BD0F8001B41F08021DB
:10B6C000C0F8001B002010BD0A30544F0B784A7898
:10B6D000012A00EB43100BD0D0F8002B22F400120B
:10B6E000C0F8002B0979032914D0022912D017E0E1
:10B6F000D0F8002922F40012C0F8002909790329A2
:10B7000001D002290CD1D0F8001941F08051C0F8C5
:10B71000001905E0D0F8001B41F08051C0F8001B73
:10B72000002070470A784B78D1B2012B00EB421011
:10B7300012D0D0F8002B002A06DB29B1D0F8001B6C
:10B7400021F08041C0F8001BD0F8001B41F400112B
:10B75000C0F8001B00207047D0F80029002A06DB43
:10B7600029B1D0F8001921F08041C0F80019D0F8B3
:10B77000001941F40011C0F80019EBE7F8B50B7897
:10B780006FF060464F788C4DDCB2012F00EB431315
:10B790002BD0D3F8107B002C07EAC544C3F8104B1C
:10B7A000D3F8104B04EA0504C3F8104B7ED00D69A2
:10B7B000002D7CD08C6825446D1EB5FBF4F5ADB230
:10B7C0006C430C6206EAC545D3F8104B2C43C3F812
:10B7D000104BD3F8104B0D6AC5F3120554EA05045B
:10B7E000C3F8104B012A73D0CEE00F6907B3D3F82A
:10B7F00010796FF31207C3F81079D3F8107907EABC
:10B800000507C3F810791CB3D1F810C08D68D3F8C0
:10B810001079AC44ACF1010CBCFBF5F5ADB206EA15
:10B82000C5463743C3F810790E79012E1CD02AE0A3
:10B83000D3F810692E40C3F81069D3F8105945F4B5
:10B840000025C3F81059D3F810596FF3120520E002
:10B850000E698D68AE4200D90D61D0F8106946F4CA
:10B860000026C0F810690EE0D3F810694FF0C04709
:10B8700007EA457726F0C046C3F81069D3F8105997
:10B880003D43C3F810590E69D3F81059C6F3120698
:10B890003543C3F81059012A1BD000EB4413D3F8E9
:10B8A000004944F00444C3F8004901E047E05AE08D
:10B8B0000C79012C2ED00A695AB30B78D0F83418C1
:10B8C000012203F00F039A401143C0F8341871E0CD
:10B8D00056E0CA691AB100EB4413C3F81429097978
:10B8E00001290ED1D0F80818C90500EB4411D1F890
:10B8F000002902D442F0005201E042F08052C1F827
:10B90000002900EB4410D0F8001941F00441C0F8C0
:10B9100000194FE0D0F80848E405D3F8004902D4F4
:10B9200044F0005401E044F08054C3F80049009210
:10B930000B8A0A78C9689BB200F0E0F93AE00C691A
:10B940000CB18C680C618C680C62C4F31205D0F8E1
:10B95000104B2C43C0F8104BD0F8104B44F400248B
:10B96000C0F8104B3EE78D68D3F8104BC5F31205B5
:10B970002C43C3F8104BD3F8104B44F400242FE7AA
:10B98000CA680AB1C3F8142B097901290CD1D0F87F
:10B990000808C005D3F8000B02D440F0005001E0C5
:10B9A00040F08050C3F8000BD3F8000B40F0044087
:10B9B000C3F8000B0020F8BDFFFF07E038B50022F8
:10B9C00042F21074002300920A784D78012D00EBAA
:10B9D000421219D0D2F8005B002D3CDAD2F8005B9D
:10B9E00045F00065C2F8005B0A7800EB4212D2F81D
:10B9F000005B45F08045C2F8005B009A521C009243
:10BA0000A24221D9012326E0D2F80059002D22DAE2
:10BA1000D2F8005945F00065C2F800590A7800EBE9
:10BA20004212D2F8005945F08045C2F80059009AF8
:10BA3000521C0092A242E5D80A7800EB4212D2F8DA
:10BA40000029002AF3DB06E00A7800EB4212D2F864
:10BA5000002B002AD1DB184638BD816841F0010176
:10BA600081600020704708B500214FF0706200919E
:10BA7000009B5B1C009393420AD80369002BF7DA02
:10BA80000091102303610099491C0091914201D952
:10BA9000032008BD0169C906F5D4002008BD18B50A
:10BAA00000224FF070630092009C641C00949C4242
:10BAB0000CD80469002CF7DA2024009244EA8111A2
:10BAC00001610099491C0091994201D9032018BDD8
:10BAD00001698906F5D4002018BDD0F8080810F0D7
:10BAE000060004D0022803D0062801D00F2070479A
:10BAF00002207047406900F001007047D0F8181824
:10BB0000D0F81C08084080B27047D0F81818D0F858
:10BB10001C080840000C704710B5D0F8102801F040
:10BB20000F0300EB4114D0F83418D4F80809D940B9
:10BB300001F0010142EAC111084010BD00EB4111C2
:10BB4000D1F8081BD0F81408084070474169806993
:10BB5000084070470346084630B5940802F00301D8
:10BB6000002203F5805303E01D68521C40F8045B7B
:10BB7000A242F9D300290CD01C680023491EDD0025
:10BB8000090403F10103090C24FA05F200F8012B62
:10BB9000F4D130BD70B50446C06801294FF00005EE
:10BBA00020F0C040E06001D079B120E0E06840F0D2
:10BBB0000050E0600A20F6F7A1FF60690A3510F036
:10BBC000010F10D1C82DF5D30DE0E06840F08040A2
:10BBD000E0600A20F6F792FF60690A3510F0010F65
:10BBE00001D0C82DF5D3C82D01D0002070BD012093
:10BBF00070BDD0F800284FF4FE6303EA011322F46D
:10BC0000FE62C0F80028D0F800181943C0F80018E8
:10BC100000207047022A3ED1264A274B0A449A4206
:10BC200001D20F2138E0254A254B0A449A4201D21D
:10BC30000E2131E0234A244B0A449A4201D20D21BD
:10BC40002AE0224A224B0A449A4201D20C2123E0E4
:10BC5000204B214A0B44934201D20B211CE01F4B85
:10BC60001F4A0B44934201D20A2115E01D4B1E4A84
:10BC70000B4493420FD31D4B1D4A0B44934201D2F8
:10BC8000082109E01B4B1C4A1944914201D20721AB
:10BC900002E0062100E00921C2684FF4705322F44B
:10BCA0007052C26003EA8123C1681943C160002059
:10BCB00070470000405327FF00350C00401E1BFF5B
:10BCC00040420F0000DC0BFF804F1200808CF9FE19
:10BCD00020D6130060B6E5FE60E3160000D3CEFE6A
:10BCE00040771B00C05BB3FEC091210000CA91FEEB
:10BCF00020753800E05459FEE09C410010B5029CCC
:10BD000074B900EB0232DB1C00209B0802F5805264
:10BD100004E000BF51F8044B1460401C9842F9D372
:10BD2000002010BDFEE700000FB4084B10B504A9B9
:10BD300002AA039800F070FA044602A9002000F05D
:10BD4000EEFD204610BC5DF814FB00001FC9000882
:10BD5000090700284FEA116104DB00F1E02080F8B8
:10BD60000014704700F00F0000F1E02080F8141D6F
:10BD7000704700000000000070B5DFF8DCC1002251
:10BD80002DED020B2DED108BDDE91010604505DA6D
:10BD900020F00043634501D809D141B19DED100B5E
:10BDA000BDEC108B02B0BDE8704000F04DB9B0F5AD
:10BDB000801F24DA19430BD0002814DA012000F088
:10BDC00063F9BDEC108B02B0BDE8704000F040B9E3
:10BDD000022000F059F900F027F9B1EE400BBDEC5C
:10BDE000108B02B070BD9DED100B6FF035029FED12
:10BDF0005C1B20EE010B10EE900A8DED100B02EB98
:10BE00002051A1F2FF325849C0F31300014401F45C
:10BE1000801181F07F6383F04053034311939DEDC4
:10BE2000100B02EB21549FED521B811CC1F3130137
:10BE300030EE418B9FED50BB9FED51CB032931D2AA
:10BE40005148784490ED000BB4EE408BF1EE10FABF
:10BE50000ED1002C02BFBDEC108B02B070BD00EE05
:10BE6000104AB8EEC01B21EE0B0B01EE0C0BB6E72F
:10BE700028EE081B9FED462B9FED470B002C08EE8C
:10BE8000420B21EE000B08BF38EE400BA7D001EEAD
:10BE9000104AB8EEC11B01EE4C0B30EE480B11EE10
:10BEA0000B0B9CE79FED3E0B3F49C0F1510638EE6E
:10BEB000000B45183D4806F5D726032188EE009B68
:10BEC00000EE104AB8EEC0AB29EE09DB2DEE0DEB0B
:10BED000B0EE4E0B784400F06DF820EE0EFB3448C7
:10BEE000B0EE4E0B0421784400F064F820EE0D0B08
:10BEF00045EA0600002830EE0F1B1ADD002C9FEDEE
:10BF0000260B28EE000B20EE080B30EE011B04BFC1
:10BF100009EE410B38EE400B3FF461AF21EE091BF7
:10BF20000AEE0C1B30EE410B30EE480B1AEE0B0BF9
:10BF300055E754B138EE410B20EE090B0AEE4C0BDD
:10BF400030EE480B1AEE0B0B49E738EE411BB0EE12
:10BF5000480B09EE410B42E70000F07F00000000B3
:10BF60000000000000005043645F09000000000072
:10BF7000000000000000F03F0000E0FE422EE63F1F
:10BF8000763C7935EF39EA3D9A2F00000000000039
:10BF9000555555555555D53F000000000000E03F70
:10BFA000000000000000004086EBF9FFD02E0000EA
:10BFB000D62E0000491E00EBC102B0EE401B92EDF0
:10BFC000000B31F006020DD0491E00EBC102B0EEAD
:10BFD000403B92ED002B31F00602B0EE420B03EE37
:10BFE000010BF1D1022914D004290AD0062918BF67
:10BFF000704790ED0A2B00EE012B90ED080B02EE3E
:10C00000010B90ED062B00EE012B90ED040B02EEE0
:10C01000010B90ED022B00EE012B90ED000B02EED8
:10C02000010B7047000000009FED031B9FED042BE8
:10C0300081EE020B70470000000000000000F03F9E
:10C04000000000000000000030EE000B7047000010
:10C050009FED031B81EE010B704700000000000004
:10C06000000000000000000002E008C8121F08C124
:10C07000002AFAD170477047002001E001C1121F69
:10C08000002AFBD17047000001490860704700009A
:10C09000600100202DE9FF5F82B00021DDE904305E
:10C0A000020DDDF840B0034318D044F61050A2F260
:10C0B000FF3242431514119801281FD0A5EB0B0045
:10C0C000401C5FEA000A4FF000064E4FDFF838913F
:10C0D000B046504615D5CAF1000413E0119801246A
:10C0E0004AA3012801D16FEA0B010298119AC0E915
:10C0F0000031C0E9024206B0BDE8F09FCBF100007C
:10C10000DFE704460021404A491842EB0450CDE9DC
:10C11000001012E0E00707D032463B464046494651
:10C12000F4F709FA8046894632463B4610461946DE
:10C13000F4F701FA06460F466410002CEAD1DDE957
:10C140000401DDE90023BAF1000F06DAF4F7F3F990
:10C1500042464B46F4F7EFF905E0F4F75EFA424643
:10C160004B46F4F75AFA04460E460022284BF4F7E1
:10C17000DBFA03D84FF0FF30014607E00022254BE1
:10C1800020463146F4F730F9F4F7B6FA102409E006
:10C19000002C0ADB0A220023F4F79CF8039B3032C0
:10C1A0001A55641E50EA0102F2D1641C039AC4F1CC
:10C1B00011031444119A012A03D0012208430DD11E
:10C1C0000AE0084304D000204FF0110B119072E7F1
:10C1D000A3EB0B056D1E0DE05B4504DD4FF0000287
:10C1E00005F1010504E003DA4FF00002A5F10105B5
:10C1F000002AECD002981199C0E90231C0E900454B
:10C2000079E70000000014400000F03F300000001B
:10C210000000F0430000E03F2DE9FF4F95B09A4643
:10C22000884606460025EEE1252877D100242746DA
:10C23000F94A0121039400E0044316F8013F203B32
:10C2400001FA03F01042F7D130782A2811D06FF0AC
:10C250002F033078A0F13002092A16D8039A44F04F
:10C26000020402EB820203EB42021044761C0390AC
:10C27000EFE758F8042B0392002A03DA504244F403
:10C280000054039044F00204761C30782E2816D116
:10C2900016F8010F44F004042A280DD06FF02F0285
:10C2A0003078A0F13003092B09D807EB870302EBA4
:10C2B0004303C718761CF3E758F8047B761C3078E4
:10C2C0006C280FD006DC4C2817D068280DD06A28BF
:10C2D00014D104E0742810D07A280FD10DE044F472
:10C2E00000140AE044F4801401E044F4401472782D
:10C2F000824202D104F58014761C761C30786628C0
:10C300000BD013DC582877D009DC002875D04528DD
:10C31000F6D04628F4D047281AD193E118E06328D4
:10C3200035D0642879D0652812D18BE1702873D07C
:10C3300008DC6728F1D069286FD06E280DD06F28EF
:10C3400006D1ACE073282CD0752874D0782853D04F
:10C350005246179990476D1C54E1C4F302500228CD
:10C3600009D003280DD0D8F8001004280DD00D6096
:10C3700008F1040846E1D8F80010EA17C1E90052B4
:10C38000F6E7D8F800100D80F2E70D70F0E718F826
:10C39000041B8DF8001000208DF80100EB460120F1
:10C3A00003E058F804BB4FF0FF3061074FF0000185
:10C3B00002D40DE009F101018946B9420FDA814545
:10C3C000F8DB1BF809100029F4D108E009F101019C
:10C3D00089468142FADB1BF809100029F6D103983F
:10C3E0005346A0EB090721463846179A00F080FA19
:10C3F000284400EB090507E044E008E10DE01BF8E4
:10C40000010B524617999047B9F10109F7D25346EB
:10C4100021463846179AF2E039E00A21C4F3025265
:10C420004FF0000B0091022A06D058F8040BC117F8
:10C43000032A09D00AE023E008F1070020F00702F0
:10C44000F2E80201904605E000B2C117042A01D1CA
:10C4500040B2C117002906DA0A460021404261EBCA
:10C4600002012D2202E0220504D52B228DF80420A2
:10C47000012203E0E20701D02022F7E7914657E0CE
:10C480000A2100E010214FF0000B00910BE0102179
:10C490004FF0000B44F004040827009103E008204B
:10C4A0004FF0000B0090C4F30252022A05D058F856
:10C4B000040B0021032A08D008E008F1070020F04F
:10C4C0000702F2E80201904603E080B2042A00D19C
:10C4D000C0B24FF0000922072AD53278702A07D05F
:10C4E000DDF800C08CF0100C5CEA0B0C05D00EE0FF
:10C4F00040228DF80420012208E050EA010306D012
:10C5000030238DF804308DF8052002229146009BDF
:10C5100083F0080353EA0B030AD150EA010201D168
:10C52000620705D530228DF804204FF001097F1EE7
:10C530003278582A04D039A20C920CAA02920BE04D
:10C540003BA2F9E75B46009AF3F7C4FE0C9B9B5CA9
:10C55000029A521E0292137050EA0102F2D102981E
:10C5600004A9081A00F1200B600702D524F48034D6
:10C5700000E001275F4502DDA7EB0B0000E0002093
:10C5800000EB0B01009003984944401A0390E0032C
:10C5900006D453462146179A039800F0A9F905449A
:10C5A000002706E001A85246C05D179990476D1C10
:10C5B0007F1C4F45F6DBE0030CD553462146179A06
:10C5C000039800F095F9054404E03020524617998D
:10C5D00090476D1C0099481E00900029F5DC08E08A
:10C5E0000298029952460078491C02911799904787
:10C5F0006D1CBBF10001ABF1010BF1DC5BE100F064
:10C6000065F90544761C307800287FF40DAE19B02A
:10C610002846BDE8F08F0000092801003031323390
:10C62000343536373839616263646566000000006E
:10C630003031323334353637383941424344454658
:10C6400000000000600700D4062708F1070020F072
:10C650000700F0E80223804603F0004C5FEA0C007C
:10C6600001D097A009E0200501D596A005E0E007DC
:10C6700001D095A001E0AFF24C001390307823F088
:10C68000004365280CD006DC452809D046281DD07B
:10C6900047287FD13BE0662818D067287AD136E05A
:10C6A0000021112F01DB112000E0781CCDE90001F1
:10C6B00004A90CA8FFF7EEFCDDE90D010C9A4FF080
:10C6C000000B07F10109109200914EE04FF000407D
:10C6D0000097CDE9011004A90CA8FFF7DBFCDDE908
:10C6E0000D020C9B0F994FF0000B91461093009296
:10C6F00011B9791C00EB0109B7EB090003D4C0F1B3
:10C70000FF3B07F10109A9EB0700019042E0012F6F
:10C7100000DA01270021112F01DD112000E0384649
:10C72000CDE9000104A90CA8FFF7B4FCDDE90D0177
:10C730000C9A00914FF0000BB946109221070FD4CC
:10C74000009A4A4503DA914601E0A9F10109B9F1DD
:10C75000010F05DD109AA9F10101515C3029F4D0D7
:10C76000B84202DA10F1040F03DA0121CDE9011019
:10C7700010E0002803DC8344A9EB000102E0411C27
:10C78000494500DD8946A0EB0B00401C01904FF0AD
:10C7900000400290200705D40198484502DB4FF085
:10C7A000FF30019000208DF84B0002980DF14B07EF
:10C7B000B0F1004F25D002200C902B200D90029854
:10C7C00000280CDA404202902D200D9007E00A214B
:10C7D0000298F3F7D4FD3031029007F8011D0C994F
:10C7E000481E0C900029F2DC02980028EFD1791E37
:10C7F0000D980870307800F0200040F0450007F8F0
:10C80000020D11A8C01BC01D02901398007800B142
:10C81000012000EB0901019801EBE071029801444D
:10C820000398401A401E0390E00306D45346214665
:10C83000179A039800F05CF805441398007818B133
:10C840005246179990476D1CE00323D55346214665
:10C85000179A039800F04CF805441BE0BBF1000F59
:10C8600007DB0098584504DD1098179910F80B0065
:10C8700001E0179930205246904701980BF1010BC7
:10C88000401E05F10105019004D12E205246179952
:10C8900090476D1CB9F10001A9F10109DEDC05E04A
:10C8A00017F8010B5246179990476D1C0299481EC4
:10C8B00002900029F4DC53462146179A03989EE61D
:10C8C0002D0000002B000000200000002DE9F041A9
:10C8D000044600251E461746880404D405E0394660
:10C8E0002020B0476D1C641EF9D52846BDE8F081B4
:10C8F0002DE9F041044600251E469046C80301D5A7
:10C90000302700E02027880404D505E0414638465A
:10C91000B0476D1C641EF9D52846BDE8F0810A6851
:10C92000531C0B60107070470A2010B5F4F756F9CD
:10C9300000EE100A9FED151ADFED151AB8EE400A49
:10C94000DFED140A20EE012A82EE210A31EE401AB0
:10C95000C1EE201A80EE211A80EE810AB7EEC00ADD
:10C96000FFF70AFAB7EEC00BDFED0B2A9FED0B2A9B
:10C97000F7EE001A9FED0A1AC0EE220A32EE600AA4
:10C98000C1EE800A30EEC10A10BD000033335340BF
:10C9900000FF7F4700401C4600E076450FCF5B3B21
:10C9A000339388432DED0A8BFBF730F88749002439
:10C9B0000868800311D4BFF34F8FBFF36F8F844893
:10C9C0000460BFF34F8FBFF36F8F086840F40030EF
:10C9D0000860BFF34F8FBFF36F8F0868C00322D486
:10C9E0007A4870300460BFF34F8F001F43F6FF7C1E
:10C9F0000068774D1035C0F34E32C0F3C9030CEA1E
:10CA00004216184646EA80772F60401EFAD2521E20
:10CA1000F5D2BFF34F8F086840F480300860BFF351
:10CA20004F8FBFF36F8FF6F719FAFCF75DFCFBF73A
:10CA3000EBFAFBF7BDF8FBF79DF8FBF71DF9FBF7E9
:10CA40004DF9FBF7B1F9FBF7E3F9FBF705F8FBF755
:10CA500051F8FBF771F95F4801220421F6F7E5F977
:10CA60006420F6F74BF85C48F9F7E6FEFAF776FC37
:10CA7000FCF730FB0020F4F7D3F8584D6860FBF763
:10CA800093F957494FF480725648FAF7B4F868683A
:10CA90004FF47A77544E00284FF0000035D0FAF763
:10CAA000E1FEFAF7A1FC3046FAF7EEFE4F48FAF73E
:10CAB000D3FE4FA219211420FAF75AFD3846F6F793
:10CAC0001DF8FAF791FC0120FAF728FF9FED4B9B28
:10CAD0004C4E9FED4DBAB7EE00AB9FED4CCBB0EE98
:10CAE000498B00BFFAF758FCC0071AD0F4F789F851
:10CAF0006870FFF719FF00210A2085ED020A45A2A0
:10CB0000FAF736FD0120287011E0FAF7ABFEFAF7CC
:10CB10006BFC3046FAF7B8FE3448FAF79DFE40A2A7
:10CB2000C8E700210A2041A2FAF722FD2C70322129
:10CB3000002041A2FAF71CFD6A780523322141202A
:10CB4000FAF7F8FC462100203DA2FAF711FD95ED19
:10CB5000020A02230522B7EEC00A46215020FAF746
:10CB6000C9FC5A21002039A2FAF702FD32780323CA
:10CB70005A214620FAF7DEFCB27F03235A216420B3
:10CB8000FAF7D8FCFBF700FC20EE0B0A6E21002020
:10CB900085ED030A2FA2FAF7EBFC95ED030A0223B9
:10CBA0000122B7EEC00A6E214620FAF7A3FC38EE48
:10CBB0000A8BB4EE4C8BF1EE10FA03D1FAF714FCA9
:10CBC000B0EE498B6420F5F799FF8BE714ED00E098
:10CBD00050EF00E000040258E00D002000000020AB
:10CBE000640200202C0E002080FF80004400002002
:10CBF0005344204572726F72000000000000000074
:10CC00000000000064010020B81E45400000000044
:10CC100000408F407374617274207374756479007E
:10CC200053442053756363657373000073746F70AE
:10CC300020737475647900006C696768743A000049
:10CC400074656D707572653A000000005344696E3A
:10CC5000666F3A00506F7765723A000070B5FA2A35
:10CC60001446C0B0064600D9FA246D46AA208DF8B5
:10CC7000000002228DF80120E81C22468DF80240B7
:10CC8000F3F759FB9DF800109DF801209DF8020074
:10CC900051404140002004E02A18401CC0B2D27824
:10CCA0005140A042F8D328196423221DC17069465F
:10CCB0003046FAF7DCFA40B070BD0000000000001A
:10CCC0000000000000000000000000000000000064
:10CCD0000000000000000000000000000000000054
:10CCE0000000000000000000000000000000000044
:10CCF0000000600060006000600060006000600094
:10CD00004000200020002000000000000000600023
:10CD100060006000000000000000000000006006ED
:10CD20006006300398018800440000000000000005
:10CD300000000000000000000000000000000000F3
:10CD400000000000000000000000000000000000E3
:10CD500000001002100210021002FE07FE07080277
:10CD60000801080108010801FE07FE07040104018B
:10CD700004010401000000000000000000000000A9
:10CD800040004000F00158034C03CC034C00580015
:10CD90007000E000C001C00140034C035C034C0381
:10CDA0004801F000400040000000000000000000CA
:10CDB00000000E010A019100910091005100510004
:10CDC0003A00AE03A002500450044804480448044A
:10CDD0008402840300000000000000000000000046
:10CDE000000038006C006C006C006C006C002C00C3
:10CDF00098071C011A01330133016301E300C308E2
:10CE0000C6093C07000000000000000000000C0004
:10CE10001C001000100008000400000000000000CA
:10CE20000000000000000000000000000000000002
:10CE300000000000000000000000000000000004EE
:10CE4000000200018000800040004000200020001F
:10CE50002000200020002000200040004000800032
:10CE60008000000100020004000000000000020039
:10CE700004000800100010002000200040004000C6
:10CE80004000400040004000400020002000100012
:10CE90001000080004000200000000000000000074
:10CEA0000000000000004000C0004000460C4E0F93
:10CEB000D001F0015E0F460C400040004000000031
:10CEC0000000000000000000000000000000000062
:10CED0000000000000000000400040004000400052
:10CEE0004000FE0F400040004000400040000000B5
:10CEF0000000000000000000000000000000000032
:10CF00000000000000000000000000000000000021
:10CF100000000000000000000000000000000C0005
:10CF20001C001000100008000400000000000000B9
:10CF300000000000000000000000000000000000F1
:10CF40000000FE07000000000000000000000000DC
:10CF500000000000000000000000000000000000D1
:10CF600000000000000000000000000000000000C1
:10CF700000000000000000000000000000001C0095
:10CF80001C001C0000000000000000000000000465
:10CF90000006000200030001000180008000400044
:10CFA0004000600020002000100010000800080071
:10CFB0000C00040006000200000000000000000059
:10CFC00000000000F00098010C030C0306060606A2
:10CFD0000606060606060606060606060C030C03EB
:10CFE0009801F000000000000000000000000000B8
:10CFF0000000000040007C006000600060006000F5
:10D000006000600060006000600060006000600020
:10D010006000FC03000000000000000000000000B1
:10D0200000000000F8008401020306030603000369
:10D0300000018001C000600020001000080204020E
:10D040000602FE03000000000000000000000000D7
:10D05000000000007800C600860186018001800182
:10D06000C0007000800100010003000306030603F6
:10D070008601F80000000000000000000000000031
:10D080000000000080018001C001A001A00190010A
:10D090008801880184018201FE0F800180018001E6
:10D0A0008001E00700000000000000000000000018
:10D0B00000000000FC03040004000400040004005D
:10D0C000F4008C010403000300030603060382013D
:10D0D0008401F800000000000000000000000000D3
:10D0E00000000000E00118030C030C00040006001F
:10D0F000E60116030E0606060606060604060C02E0
:10D100001803F00000000000000000000000000014
:10D1100000000000F8070C060402040100010001F1
:10D12000800080004000400040006000600060001F
:10D13000600060000000000000000000000000002F
:10D1400000000000F8010C030606060606060C02A5
:10D150001C03F000C8010C030606060606060606B8
:10D160000C03F001000000000000000000000000BF
:10D1700000000000F0000C010C0306020606060683
:10D18000060606078C0678060006000300030C015D
:10D190008C0178000000000000000000000000008A
:10D1A0000000000000000000000000000000E0009F
:10D1B000E000E00000000000000000000000E000CF
:10D1C000E000E0000000000000000000000000009F
:10D1D00000000000000000000000000000006000EF
:10D1E00060000000000000000000000000000000DF
:10D1F00060006000400020002000000000000000EF
:10D200000000000400020001800040002000100027
:10D210000800040008001000200040008000000109
:10D2200000020004000000000000000000000000F8
:10D230000000000000000000000000000000FE07E9
:10D24000000000000000FE070000000000000000D9
:10D2500000000000000000000000000000000000CE
:10D2600000000400080010002000400080000001C1
:10D2700000020004000200018000400020001000B5
:10D280000800040000000000000000000000000092
:10D2900000000000E0031806040C040C0C0C0C0C3D
:10D2A0000007800140004000400000000000E00056
:10D2B000E000E000000000000000000000000000AE
:10D2C0000000E00018030C02CC0564056605A60505
:10D2D000B604B604B604B604B602E4010C040C02AB
:10D2E0001803F00000000000000000000000000033
:10D2F00000000000600060005000D000900090002E
:10D30000880088010801F8010403040304020202F2
:10D3100002060F0F000000000000000000000000E7
:10D3200000000000FE008C030C030C030C030C0334
:10D330008C01FC000C030C020C060C060C060C06FF
:10D340000C03FE01000000000000000000000000CF
:10D3500000000000E00318030C060C04040406009F
:10D360000600060006000600060006040C040C0277
:10D370001803F000000000000000000000000000A2
:10D38000000000007F008C010C030C030C060C064F
:10D390000C060C060C060C060C060C060C030C0303
:10D3A0008C017F0000000000000000000000000071
:10D3B00000000000FF0306030604060406008600C2
:10D3C0008600FE008600860086000600060406042D
:10D3D0000602FF0300000000000000000000000043
:10D3E00000000000FF030603060406040600860092
:10D3F0008600FE0086008600860006000600060005
:10D4000006001F00000000000000000000000000F7
:10D4100000000000F00018010C020C0204020600DB
:10D42000060006000600C60F060306030C030C03E5
:10D430001803F000000000000000000000000000E1
:10D44000000000000F0F0606060606060606060682
:10D450000606FE0706060606060606060606060673
:10D4600006060F0F00000000000000000000000092
:10D4700000000000FC0360006000600060006000CD
:10D48000600060006000600060006000600060009C
:10D490006000FC030000000000000000000000002D
:10D4A00000000000F807C000C000C000C000C000BD
:10D4B000C000C000C000C000C000C000C000C0006C
:10D4C000C000C000C60066003C0000000000000074
:10D4D00000000000CF038601C600460026001600AB
:10D4E00036002E006E004600C6008600860106014A
:10D4F00006038F070000000000000000000000008D
:10D50000000000001F0006000600060006000600DE
:10D5100006000600060006000600060006040604D3
:10D520000602FF03000000000000000000000000F1
:10D53000000000000707860386038E038E034E0358
:10D540004E034A035A035A033A03320332033203A7
:10D550001203870700000000000000000000000028
:10D56000000000008E0F0C021C021C023402340268
:10D57000640264024402C402840284038403040338
:10D5800004031F0200000000000000000000000073
:10D5900000000000F00098010C030C0206060606CD
:10D5A0000606060606060606060606060C020C0316
:10D5B0009801F000000000000000000000000000E2
:10D5C00000000000FF000603060606060606060623
:10D5D00006068603FE00060006000600060006009A
:10D5E00006001F0000000000000000000000000016
:10D5F00000000000F00098010C030C02060606066D
:10D600000606060606060606060676064C02CC0345
:10D610009801F000800700030000000000000000F7
:10D6200000000000FF0106030606060606060606C1
:10D630000603FE004600C6008600860106030603B8
:10D6400006060F0E000000000000000000000000B1
:10D6500000000000F8020C030602060206000E009D
:10D660003C00F800E00380030007020602060606FD
:10D670000C03F001000000000000000000000000AA
:10D6800000000000FE07620461086108600060009D
:10D69000600060006000600060006000600060008A
:10D6A0006000F80100000000000000000000000021
:10D6B000000000001E070C020C020C020C020C02FF
:10D6C0000C020C020C020C020C020C020C020C02EA
:10D6D0001801F00000000000000000000000000041
:10D6E000000000000F070602040104010C010C01F8
:10D6F00088008800980098005000500070003000AA
:10D7000020002000000000000000000000000000D9
:10D7100000000000F70E620442044604460464025E
:10D720006402E402E4029C029C01980198018801D1
:10D7300088008800000000000000000000000000D9
:10D74000000000009E070C01080118019000B000C5
:10D750006000200060006000D00090008801080197
:10D7600004038E070000000000000000000000001D
:10D77000000000000F0F060404020C02080118014B
:10D78000B800B000700060006000600060006000E1
:10D790006000F80100000000000000000000000030
:10D7A00000000000FC070C0206030201800180005B
:10D7B00040004000200020001000180008040C0465
:10D7C0000402FE0300000000000000000000E0036F
:10D7D0002000200020002000200020002000200049
:10D7E0002000200020002000200020002000200039
:10D7F000200020002000E0030000000000000000E6
:10D8000000000400040008000800100010001000D0
:10D810002000200040004000C00080008000000187
:10D8200000010002000200020004000000007C0071
:10D8300040004000400040004000400040004000E8
:10D8400040004000400040004000400040004000D8
:10D850004000400040007C0000000000600090009C
:10D8600008010000000000000000000000000000AF
:10D8700000000000000000000000000000000000A8
:10D880000000000000000000000000000000000098
:10D890000000000000000000000000000000000088
:10D8A0000000000000000000000000000000000078
:10D8B0000000000000000000FF0F00000000180042
:10D8C00060000000000000000000000000000000F8
:10D8D0000000000000000000000000000000000048
:10D8E0000000000000000000000000000000000038
:10D8F0000000000000000000000000000000F00137
:10D900000C030C030003E0031C030E0306030603D1
:10D910008E0B7C0E000000000000000000000000E4
:10D92000000008000E000C000C000C000C00CC01E4
:10D930003C031C060C060C060C060C060C060C021E
:10D940001C03E401000000000000000000000000D3
:10D950000000000000000000000000000000F000D7
:10D960008C018C01860106000600060006020C02EE
:10D970000C01F000000000000000000000000000AA
:10D9800000000002C003000300030003000378034B
:10D990008C030C03060306030603060306030403B5
:10D9A0008C0778010000000000000000000000006B
:10D9B0000000000000000000000000000000E00186
:10D9C000180308020C060C06FC070C000C001804D7
:10D9D0001802E0010000000000000000000000004C
:10D9E00000000000C0036006300630003000FE0179
:10D9F00030003000300030003000300030003000A7
:10DA00003000FC01000000000000000000000000E9
:10DA10000000000000000000000000000000F0070F
:10DA2000D8068C018C018C019801F8000C00FC00D8
:10DA3000CC03060306038E03F8000000000000007C
:10DA4000000008000E000C000C000C000C00EC01A3
:10DA50001C030C030C030C030C030C030C030C033E
:10DA60000C039E0700000000000000000000000002
:10DA700000000000600060000000000040007C002A
:10DA80006000600060006000600060006000600096
:10DA90006000FC0300000000000000000000000027
:10DAA00000000000C001C001000000000001F00102
:10DAB000800180018001800180018001800180015E
:10DAC000800180018001CC007C000000000000008B
:10DAD000000008000E000C000C000C000C008C0371
:10DAE0008C008C004C006C005C008C008C010C01E4
:10DAF0000C039E0700000000000000000000000072
:10DB0000000040007C006000600060006000600079
:10DB10006000600060006000600060006000600005
:10DB20006000FC0300000000000000000000000096
:10DB300000000000000000000000000000003707A7
:10DB4000EE066606660666066606660666066606ED
:10DB50006606FF0F0000000000000000000000004B
:10DB60000000000000000000000000000000EE01C6
:10DB70001C030C030C030C030C030C030C030C031D
:10DB80000C039E07000000000000000000000000E1
:10DB90000000000000000000000000000000F00095
:10DBA00098010C03060606060606060606060C0382
:10DBB0000C03F00000000000000000000000000066
:10DBC0000000000000000000000000000000EE0166
:10DBD0001C030C060C060C060C060C060C060C03AB
:10DBE0001C03EC010C000C003E00000000000000D3
:10DBF00000000000000000000000000000007802AB
:10DC00008C030C0306030603060306030603040342
:10DC10008C03780300030003C0070000000000002D
:10DC200000000000000000000000000000009F0352
:10DC300058063806180018001800180018001800B8
:10DC40001800FF00000000000000000000000000BD
:10DC50000000000000000000000000000000F003D1
:10DC60001C030C020C023800F000C0030403040380
:10DC70008C03FC0100000000000000000000000018
:10DC80000000000000002000200030003000FE01F5
:10DC90003000300030003000300030003000300202
:10DCA0003002E00100000000000000000000000061
:10DCB00000000000000000000000000008028E03C9
:10DCC0000C030C030C030C030C030C030C030C03DC
:10DCD0009C07780100000000000000000000000028
:10DCE00000000000000000000000000000001E070F
:10DCF0000C020801080118019000B000B00060009B
:10DD00006000200000000000000000000000000093
:10DD10000000000000000000000000000000F70EFE
:10DD20006204460464026402EC029C0198019801BA
:10DD30009801080000000000000000000000000042
:10DD40000000000000000000000000000000BC0710
:10DD500018011001B00060006000E00090000801B0
:10DD600008039E0700000000000000000000000003
:10DD700000000000000000000000000000009E07FE
:10DD800008010801080190009000B00060006000E8
:10DD900060002000200024001C00000000000000A3
:10DDA0000000000000000000000000000000FC0176
:10DDB0008401C40044006000200030001802080202
:10DDC0000C03FC0100000000000000000000000344
:10DDD0008000800080008000800080008000800043
:10DDE0004000200040008000800080008000800013
:10DDF00080008000800000030000400040004000E0
:10DE00004000400040004000400040004000400012
:10DE10004000400040004000400040004000400002
:10DE200040004000400040004000000000000C00A6
:10DE30001000100010001000100010001000100062
:10DE40002000400020001000100010001000100002
:10DE50001000100010000C00000000001C00220444
:10DE6000C204800300000000000000000000000069
:10DE700000000000000000000000000000000000A2
:10DE80000000000000000000000000000000000092
:10DE90000000000000000000000000000000000082
:10DEA0000000000000000000000000000000000072
:10DEB00000000000000000003000300030003000A2
:10DEC0003000200020002000200020000000000082
:10DED000300030000000000000000000D800D80032
:10DEE0006C00240012000000000000000000000090
:10DEF0000000000000000000000000000000000022
:10DF00000000000000000000000084008400840085
:10DF1000FF0184008400C60042004200FF0142006D
:10DF2000420042000000000000000000000000006D
:10DF30002000F80024012401A40128003000600022
:10DF4000A00020012C0124012401F8002000200061
:10DF500000000000000000000000860049004900A9
:10DF6000290029001900D6002801280128012401D0
:10DF70002401C200000000000000000000000000BA
:10DF800000000C00120012001200EA0046004600D9
:10DF900025002900390011003201CC0000000000EA
:10DFA000000000000600060004000200010000005E
:10DFB0000000000000000000000000000000000061
:10DFC00000000000000000000000000000018000D0
:10DFD0004000200020002000100010001000100061
:10DFE00010001000200020002000400080000001F0
:10DFF0000000000001000200040008000800080002
:10E0000010001000100010001000100008000800A0
:10E0100008000400020001000000000000000000F1
:10E0200000000000200020002603AE0370007000F6
:10E03000AE032603200020000000000000000000C6
:10E0400000000000000000000000000010001000B0
:10E0500010001000FF011000100010001000000060
:10E0600000000000000000000000000000000000B0
:10E0700000000000000000000000000000000000A0
:10E08000000000000000000006000600040002007E
:10E09000010000000000000000000000000000007F
:10E0A00000000000FE03000000000000000000006F
:10E0B0000000000000000000000000000000000060
:10E0C0000000000000000000000000000000000050
:10E0D0000000000000000000060006000000000034
:10E0E0000000000000020001000180008000C0006C
:10E0F00040006000200030001000180008000800F8
:10E100000400040002000000000000000000000005
:10E110000000780084008400020102010201020173
:10E120000201020102018400840078000000000066
:10E130000000000000000000000010001C001000A3
:10E14000100010001000100010001000100010004F
:10E1500010007C0000000000000000000000000033
:10E1600000007C00820002010201020180004000E8
:10E1700020001000080004010201FE010000000060
:10E18000000000000000000000003C00420082008F
:10E1900082004000700080000001000102010201C5
:10E1A00082007C0000000000000000000000000071
:10E1B0004000400060005000480048004400420019
:10E1C0004200FE01400040004000F001000000005D
:10E1D00000000000000000000000FC01040004003A
:10E1E0000400040074008C0000010001020102011F
:10E1F00082007C0000000000000000000000000021
:10E200000000F00008010401040002007A0086000A
:10E2100002010201020104018400780000000000F4
:10E2200000000000000000000000FE01820042002B
:10E23000400020001000100008000800080008003E
:10E2400008000800000000000000000000000000BE
:10E2500000007800840002010201020184007800BD
:10E260008400020102010201840078000000000025
:10E270000000000000000000000078008400820020
:10E280000201020102018401780100018000820084
:10E2900042003C0000000000000000000000000000
:10E2A000000000000000000030003000000000000E
:10E2B00000000000000000003000300000000000FE
:10E2C000000000000000000000000000000000004E
:10E2D000000010000000000000000000000000002E
:10E2E00000001000100010001000000000000000EE
:10E2F000800040002000100008000400020004001C
:10E300000800100020004000800000000000000015
:10E3100000000000000000000000000000000000FD
:10E32000FF01000000000000FF01000000000000ED
:10E3300000000000000000000000000000000000DD
:10E34000020004000800100020004000800040008F
:10E35000200010000800040002000000000000007F
:10E3600000000000000000007800840002010601A7
:10E370000601000180004000200020002000000075
:10E38000300030000000000000000000000000002D
:10E3900000007800C400F20159014901450125013E
:10E3A0002501A500D90002018400780000000000CA
:10E3B0000000000000000000000010001000280015
:10E3C000280028002800440044007C00440082000B
:10E3D0008200C701000000000000000000000000F3
:10E3E00000003F0042004200420022003E00420086
:10E3F000820082008200820042003F000000000094
:10E40000000000000000000000007801840102010B
:10E4100002010100010001000100010001010201EF
:10E4200086007800000000000000000000000000EE
:10E4300000003F00C200820002010201020102014D
:10E44000020102010201820042003F0000000000C0
:10E4500000000000000000000000FF008200020138
:10E46000420042007E00420042000200020002011F
:10E470008200FF000000000000000000000000001B
:10E480000000FF0082000201420042007E004200C4
:10E49000420002000200020002000700000000002B
:10E4A000000000000000000000007001880104016D
:10E4B00002010200020002008203020102010401C3
:10E4C0000C01F0000000000000000000000000004F
:10E4D0000000C70182008200820082008200FE00EC
:10E4E00082008200820082008200C70100000000DA
:10E4F00000000000000000000000FE0010001000FE
:10E50000100010001000100010001000100010008B
:10E510001000FE00000000000000000000000000ED
:10E520000000FC012000200020002000200020002E
:10E5300020002000200020002000210011000E00FB
:10E5400000000000000000000000E701420022007F
:10E55000220012001A00160022002200420042008F
:10E560008200C70100000000000000000000000061
:10E570000000070002000200020002000200020088
:10E5800002000200020002018200FF000000000001
:10E5900000000000000000000000C701C600C60027
:10E5A000C600AA00AA00AA00AA00AA00920092002F
:10E5B0009200D701000000000000000000000000F1
:10E5C0000000C70186008A008A008A00920092003B
:10E5D000A200A200C200C200C2008700000000002A
:10E5E000000000000000000000003800C6008200AB
:10E5F000010101010101010101010101010182008B
:10E60000C60038000000000000000000000000000C
:10E6100000007F00820002010201020182007E00F0
:10E6200002000200020002000200070000000000D9
:10E63000000000000000000000003800C60082005A
:10E640000101010101010101010101011901A600FE
:10E65000A60078004001C00000000000000000009B
:10E6600000003F0042008200820042003E00120093
:10E6700022002200420042008200870100000000C8
:10E680000000000000000000000078018401020189
:10E69000020002000C007000800000010201020173
:10E6A00086007A000000000000000000000000006A
:10E6B0000000FE00110111011000100010001000F8
:10E6C00010001000100010001000380000000000C2
:10E6D00000000000000000000000C701820082006E
:10E6E000820082008200820082008200820082001A
:10E6F000440038000000000000000000000000009E
:10E700000000C7018200820044004400440044002D
:10E710002800280028003800100010000000000029
:10E7200000000000000000000000BB019200920009
:10E7300092009200AA00AA00AA006A0044004400C5
:10E740004400440000000000000000000000000041
:10E750000000CE0184004400480028003000100072
:10E7600030002800480048008400CE01000000006E
:10E7700000000000000000000000C701820044000B
:10E7800044002800280010001000100010001000A5
:10E790001000380000000000000000000000000031
:10E7A0000000FC01840082004000400020001000B6
:10E7B00010000800080004018400FE0000000000B2
:10E7C00000000000F0011000100010001000100008
:10E7D00010001000100010001000100010001000B9
:10E7E00010001000F0010000000000000000020016
:10E7F00004000400080008000800100010002000B9
:10E8000020002000400040008000800080000001C7
:10E81000000000003E00200020002000200020001A
:10E8200020002000200020002000200020002000E8
:10E83000200020003E0000000000000038002800FA
:10E840004400000000000000000000000000000084
:10E8500000000000000000000000000000000000B8
:10E8600000000000000000000000000000000000A8
:10E870000000000000000000000000000000000098
:10E880000000000000000000FF030000180020004E
:10E890000000000000000000000000000000000078
:10E8A0000000000000000000000000000000000068
:10E8B0000000000000000000000000000000000058
:10E8C00000007C0082008200F0008C008200820048
:10E8D000C202BC03000000000000000000000000B5
:10E8E000000003000200020002003A00460082001D
:10E8F000820082008200820046003A000000000090
:10E900000000000000000000000000000000000007
:10E910000000780084008200020002000200020170
:10E9200084007800000000000000000000000000EB
:10E930000000C000800080008000B800C400820099
:10E940008200820082008200C400B8010000000042
:10E9500000000000000000000000000000000000B7
:10E960000000780084000201FE01020002000201A2
:10E97000840078000000000000000000000000009B
:10E980000000E001100210001000FC001000100058
:10E9900010001000100010001000FC00000000002B
:10E9A0000000000000000000000000000000000067
:10E9B0000000F801840084008400840078000400D2
:10E9C0007C00840102010201FC0000000000000044
:10E9D000000003000200020002007A0086008200AC
:10E9E00082008200820082008200C70100000000D5
:10E9F00000000000000000000000180018000000E7
:10EA000000001C001000100010001000100010008A
:10EA100010007C000000000000000000000000006A
:10EA20000000600060000000000070004000400036
:10EA300040004000400040004000400040002200F4
:10EA40001E000000000000000000030002000200A1
:10EA50000200E200220012000A001600220042001A
:10EA60008200C7010000000000000000000000005C
:10EA700000001E0010001000100010001000100018
:10EA800010001000100010001000FE000000000038
:10EA90000000000000000000000000000000000076
:10EAA00000007F009200920092009200920092007B
:10EAB0009200B7010000000000000000000000000C
:10EAC000000000000000000000007B0086008200C3
:10EAD00082008200820082008200C70100000000E4
:10EAE0000000000000000000000000000000000026
:10EAF000000078008400020102010201020102010B
:10EB00008400780000000000000000000000000009
:10EB1000000000000000000000003B0046008200F2
:10EB2000820082008200820046003A000200020059
:10EB300007000000000000000000000000000000CE
:10EB40000000B800C40082008200820082008200BF
:10EB5000C400B80080008000C00100000000000078
:10EB600000000000000000000000CE012801180095
:10EB7000080008000800080008003E00000000002F
:10EB80000000000000000000000000000000000085
:10EB90000000BC00C200820006003800C0008200F5
:10EBA00086007A0000000000000000000000000065
:10EBB00000000000100010001000FC001000100009
:10EBC0001000100010001000900060000000000015
:10EBD0000000000000000000000000000000000035
:10EBE0000000C30082008200820082008200820056
:10EBF000C200BC0100000000000000000000000096
:10EC000000000000000000000000C7018200440076
:10EC100044004400280028001000100000000000FC
:10EC200000000000000000000000000000000000E4
:10EC30000000BB01920092009200AA00AA004400CA
:10EC4000440044000000000000000000000000003C
:10EC500000000000000000000000CE018400480019
:10EC600030003000300048008400CE010000000079
:10EC70000000000000000000000000000000000094
:10EC80000000EE0184008800480048005000300079
:10EC900020001000100010000C0000000000000018
:10ECA00000000000000000000000FE004200220002
:10ECB00020001000080084008200FE000000000018
:10ECC0000000000080014000400040004000400083
:10ECD0004000600010006000400040004000400024
:10ECE0004000400040008001000020002000200083
:10ECF0002000200020002000200020002000200014
:10ED00002000200020002000200020002000200003
:10ED100020000000060008000800080008000800A5
:10ED2000080018002000180008000800080008006B
:10ED3000080008000800060000001C00260222034C
:10ED4000C001000000000000000000000000000002
:10ED500000000000000000000000000000000000B3
:10ED60000000000610160006101601000200040044
:10ED7000060008000A000C0010002000400080007F
:10ED80000001010101030701000008040204080159
:10ED90000101000000000102030401020304060750
:10EDA000080900000000000004FA97999999D93FDA
:10EDB000AF788E1DC571CC3F9FC678D0099AC33FEE
:10EDC000935555555555E53F599322942449D23FC3
:10EDD000DE03CB966446C73F44523EDF12F1C23F8A
:10EDE000000000000000000008EE00080000002005
:10EDF000640100005A080008D8EE000864010020F1
:10EE00004C2E000078C000080134320113BACC1334
:10EE1000080C12183230138ADE13080A12147228F2
:10EE200013A9A71B08D9041AE504130DA81B083958
:10EE3000041A890C1AB504411704030904120114B9
:10EE40000202021640830440571D020102035503CB
:10EE50001A1A03138D0C1B0887041A83041AB104B1
:10EE60001AC904298882103C90D00304311481010E
:10EE700082130A0632022A40241C09024363111D30
:10EE8000C0320904BD1A020B130524161001052413
:10EE90000110090104240202052406170107058256
:10EEA00003081C10090499320A2E070501024007C5
:10EEB0002A8107111361A41408CDA24C0803A6C42B
:10EEC000135DA31B0819101A8F04C11AE1181AA1A7
:08EED000041A21301A950841D3
:040000050800029954
:00000001FF
