:020000040800F2
:10000000007B0120B10200084B8500082178000820
:10001000498500084F0C000879C300080000000063
:10002000000000000000000000000000139900081C
:10003000C90E000800000000C78600081F990008CC
:10004000CB020008CB020008CB020008CB0200085C
:10005000110F0008CB020008CB020008CB020008F9
:10006000CB020008CB020008CB020008990C000864
:10007000A50C0008CB020008CB020008CB02000848
:10008000CB020008CB020008CB020008CB0200081C
:10009000CB020008CB020008CB020008CB0200080C
:1000A000CB020008C59A0008CB020008CB0200086A
:1000B000D19A0008CB020008CB020008CB0200084E
:1000C000CB020008CB020008CB020008CB020008DC
:1000D000CB02000855A8000861A80008CB02000860
:1000E000CB020008CB02000800000000CB02000891
:1000F000CB020008CB020008CB020008CB020008AC
:10010000CB020008E9890008CB020008CB020008F6
:10011000CB020008CB020008CB020008CB0200088B
:10012000CB020008CB020008CB020008CB0200087B
:10013000CB020008CB020008CB020008CB0200086B
:1001400000000000000000000000000000000000AF
:10015000CB020008CB020008CB020008CB0200084B
:10016000CB020008CB020008CB020008CB0200083B
:10017000CB020008CB020008CB020008CB0200082B
:10018000CB020008CB020008CB020008CB0200081B
:100190002D960008CB020008CB020008CB02000815
:1001A000CB020008CB020008CB020008CB020008FB
:1001B000CB020008CB020008CB020008CB020008EB
:1001C000CB020008CB020008CB020008CB020008DB
:1001D000CB0200084D850008CB020008CB020008C6
:1001E000CB020008CB020008CB020008CB020008BB
:1001F000CB020008CB020008CB020008CB020008AB
:10020000CB020008CB020008CB020008CB0200089A
:10021000CB020008CB020008CB020008CB0200088A
:10022000CB020008CB020008CB020008000000004F
:10023000CB020008CB02000800000000CB0200083F
:10024000CB020008CB020008CB020008CB0200085A
:10025000CB020008CB020008CB020008CB0200084A
:10026000CB020008CB020008CB020008CB0200083A
:10027000CB020008CB020008CB02000800000000FF
:10028000CB020008CB020008CB02000800000000EF
:1002900000000000CB020008DFF810D000F0CEF91B
:1002A0000048004745B20208AFF30080007B012000
:1002B0000648804706480047FEE7FEE7FEE7FEE700
:1002C000FEE7FEE7FEE7FEE7FEE7FEE7E999000846
:1002D000990200082DE9F05F0546002092469B46F2
:1002E00088460646814640241BE02846414647464C
:1002F000224600F050F953465A46C01A914110D395
:1003000011461846224600F037F92D1A67EB01080E
:100310004F4622460120002100F02EF917EB00097C
:100320004E41201EA4F10104DFDC484631462A4636
:100330004346BDE8F09F40EA01039B0703D009E074
:1003400008C9121F08C0042AFAD203E011F8013BC1
:1003500000F8013B521EF9D27047D2B201E000F81A
:10036000012B491EFBD270470022F6E710B5134659
:100370000A4604461946FFF7F0FF204610BD421C0E
:1003800010F8011B0029FBD1801A704710B500221C
:1003900000E0521C835C8C5CA34201D1002BF8D19D
:1003A000D8B2E1B2401A10BD30B504460020034671
:1003B00000E05B1C934203D2E05CCD5C401BF8D0B4
:1003C00030BD034611F8012B00F8012B002AF9D1AA
:1003D0001846704730B505460020034600E05B1C18
:1003E000934205D2EC5CC85C201A01D1002CF6D1F6
:1003F00030BD00000FB400B58DB010A909900B906E
:1004000000914FF0FF300A9000200C9005480690B4
:10041000054807906A4609A80F9900F0E1F80DB069
:100420005DF814FBFD0500081B0600082DE9FF5FC1
:100430001D464FF0FF3BD5E9014691465F464FF020
:100440000008A9697F1C01988847296A8246884765
:100450000028F6D1BAF1FF3F0CD024F4C064002E7E
:1004600019DD600614D5BAF12B0F09D0BAF12D0FA2
:100470000ED103E0584604B0BDE8F09F44F4806418
:10048000A9697F1C01988847761E8246002E02DDEE
:10049000BAF1300F03D0B9F1000F26D032E0A969CC
:1004A000761E44F400747F1C019888478246002E13
:1004B00005DDBAF1780F06D0BAF1580F03D0B9F1C3
:1004C000000F10D01EE0B9F1000F02D0B9F1100FEB
:1004D00018D1A969761E24F400747F1C01988847FE
:1004E0008246102002E0082000E00A20814609E050
:1004F00008FB0908A969761E44F400747F1C019862
:1005000088478246002E05DD4946504600F053F8E4
:100510000028EDDAE96901988847A00502D46FF058
:100520000100A8E7E00725D1600613D5600502D5D4
:10053000C8F1000000E0404629680A1D2A600968E9
:10054000220501D5087015E0220701D5088011E0C9
:1005500008600FE02868011D29600068210502D5A8
:1005600080F8008006E0210702D5A0F8008001E0B5
:10057000C0F8008038467EE7202A04DB203A00FAE3
:1005800002F1002070479140C2F1200320FA03F3EA
:10059000194390407047202A04DB203A21FA02F0E8
:1005A0000021704721FA02F3D040C2F120029140AD
:1005B0000843194670473A2800D2303820F020020C
:1005C000412A01D3A2F13700884201D34FF0FF3016
:1005D00070470000026811441378016018467047A4
:1005E000D160044951610449116200211161114631
:1005F00000F03CB8D505000861060008426842B129
:10060000016811F8013B23B1521EC0E900121846DF
:1006100070470121C160881E704742685AB1C368A3
:10062000016843B983688B4205D0491E521CC0E95A
:100630000012002070474FF0FF307047064C074D06
:1006400006E0E06840F0010394E8070098471034A2
:10065000AC42F6D3FFF724FEBCB70408DCB70408AD
:10066000C0B24FF4F05100F099B900002DE9F34FFA
:100670008BB04FF0000801F10C000C464FF0010B5D
:1006800046460DF1080A01906269012101989047E0
:10069000051E2DD0252D2CD0216A8847C0B1626956
:1006A000012101989047216A88470028F7D1411E0F
:1006B00062690198904700E0761CA1690B98884711
:1006C000216A88470028F7D1E1690B988847DBE762
:1006D000A1690B9888470746A84201D1761CD3E749
:1006E000E1690B9888477F1C02D1B8F1000F6FD0E9
:1006F00047E1002762693D463946019890472A281C
:1007000004D162690121019890470125DFF88892A0
:100710006269012101989047A0F130010A290AD2AB
:100720004F45E5DC07EB870100EB4107303FDFD4A5
:1007300045F01005ECE7E90601D46FF000476C289E
:100740000AD04C2814D0682815D06A280DD07428F7
:100750001CD07A281AD01DE06269012101989047C7
:100760006C2802D045F0040514E045F002050DE0C8
:1007700045F020050AE06269012101989047682848
:1007800002D045F0080505E045F4006562690121E5
:1007900001989047C4E9015765283DD019DC5828D5
:1007A0007AD00CDC452837D004DC252826D0412817
:1007B00031D131E046282FD047282CD12CE05B28BE
:1007C00077D0612828D063287CD0642823D15AE0D0
:1007D000D1E06F2848D008DC66281DD067281BD0E0
:1007E000692821D06E2816D127E0702845D07328BB
:1007F00068D0752847D078280DD14DE0A1690B98B5
:100800008847054625283FF469AFE1690B9888477A
:100810006D1C3FF46AAFB4E023466A466FF00100F6
:100820000B99AFF300809FE045F040006060A8079F
:1008300023464FF0000236D43EE0E8077FF447AF8E
:100840002068011D21600068290501D506701BE79D
:10085000290701D5068017E7A90703D5F117C0E9D5
:10086000006111E706600FE745F040006060A807EF
:1008700023464FF0080216D41EE040F60E0125EA8A
:100880000100606016E045F040006060A807234664
:100890004FF00A0207D40FE045F040006060A8075F
:1008A00008D5234610226FF001000B99AFF30080AA
:1008B0005AE007E0234610226FF001000B99FFF782
:1008C000B5FD51E04FF000094F464B46632802D07A
:1008D0005B2807D041E02079C00601D40120A06048
:1008E00001273AE062690121019890475E2805D10D
:1008F0004FF001096269494601989047216939B969
:1009000000210A46534643F82120491C0829FADBF6
:10091000B0B3216969B9C11700EBD16253110AEB79
:10092000830122F01F02821A01200B6890400343CA
:100930000B6062690121019890475D28E8D1B9F107
:10094000000F09D00020514651F82020D24341F831
:100950002020401C0828F7DB02AB224600976FF0EE
:1009600001000B99AFF3008000280CDA401C08D17D
:10097000BBF1000F05D04FF0FF300DB0BDE8F08F98
:10098000FFE74046F9E7E90701D108F1010806440D
:100990004FF0000B78E60000CCCCCC0C7F2801D9BE
:1009A000002208E0064A02EB5002C007127800D18C
:1009B000120902F00F020120904008407047000029
:1009C0000CAF040870B58C1810F8015B15F0070324
:1009D00001D110F8013B2A1106D110F8012B03E0D8
:1009E00010F8016B01F8016B5B1EF9D12B0705D4E0
:1009F0000023521E0DD401F8013BFAE710F8013B29
:100A0000CB1A921C03E013F8015B01F8015B521E44
:100A1000F9D5A142D8D3002070BD000070B53A4985
:100A200005460068884202D0384A904202D1D1F887
:100A3000080302E03648D0F8080310F4403F11D014
:100A400004F0E6F904466868B0F5803F06D0B0F5DA
:100A5000003F03D0B0F5403F27D101E0000C18E083
:100A6000A40822E000214FF4002003F069FA0446B4
:100A700068688103890B18D181140C2915D2DFE82D
:100A800001F0140606060606060B0D0F1113800C66
:100A90004000B4FBF0F408E0240906E0640904E037
:100AA000A40902E0E40900E0240A02F0B5F941F2E9
:100AB0000301884208D8174884422868816813D8FF
:100AC00021F48071816070BD13496008884204D8A8
:100AD0002868816821F44071F4E71049884206D8FB
:100AE0002868816821F4407141F48071EAE70C497B
:100AF00088422868816804D821F4407141F400716B
:100B0000E0E741F44071DDE70020024000210240AF
:100B100000600258002D3101105E5F0020BCBE0055
:100B200040787D0170B50446006881688268C1F331
:100B3000400112F0010F28D039BB816801F00D018E
:100B4000012914D18168124A1140891C81602168F1
:100B50000320086002F066F9054612E002F062F92F
:100B6000401B02280DD920688068C00709D0606D3D
:100B700040F010006065A06D40F00100A06501200C
:100B800070BD20688068C007E8D1002070BD0000FB
:100B9000C0FFFF7F70B54FF0000508B1AD1E1CE02F
:100BA00000F020F8012802D06FF0060515E00C4C8B
:100BB000204608F0ABFB204607F072FB6FF00306FF
:100BC00028B94FF48041204604F0BAFD08B13546FB
:100BD00003E00221204604F051FD284670BD0000CC
:100BE000C812002010B16FF001007047012070475B
:100BF00038B564254FF00004002803FB05F001D050
:100C0000A41E06E00090044805F0E0F908B16FF07A
:100C10000304204638BD0000C812002070470000C1
:100C200038B564254FF00004002803FB05F001D01F
:100C3000A41E06E00090044805F0C2FA08B16FF067
:100C40000304204638BD0000C81200207047FEE7AC
:100C5000002070470020704705490022054810B564
:100C600009F0EAFF0449034809F0D9FF002010BD4C
:100C7000687300208C660020686B002001460448E1
:100C800010B509F0CCFF024809F0A2FF002010BD0A
:100C90008C66002000207047014801F065B9000013
:100CA0009C650020014801F05FB900001466002037
:100CB000294A016891423AD0274A1832914236D0E7
:100CC000254A3032914232D0234A483291422ED0C6
:100CD000214A603291422AD01F4A7832914226D06E
:100CE0001D4A9032914222D01B4AA83291421ED016
:100CF0001A4A91421BD0194A1832914217D0174A0A
:100D00003032914213D0154A483291420FD0134AE3
:100D1000603291420BD0114A7832914207D00F4A8B
:100D20009032914203D00D4AA832914211D1CAB2F9
:100D30001823103AB2FBF3F26FF30901032A02F011
:100D40000703074AD25CC26500D9091D81650846C0
:100D5000704721F0FF01F9E7100002401004024043
:100D6000B61E030830B5224A012301689142CAB277
:100D70001BD01F4C1434A14217D01D4C2834A14263
:100D800013D01B4C3C34A1420FD0194C5034A1421B
:100D90000BD0174C6434A14207D0154C7834A142D3
:100DA00003D0134C8C34A1420CD11421114C083ABD
:100DB000B2FBF1F10F4A803201F01F0504EB810113
:100DC000AB4010E00C4D1824103A0D44B2FBF4F186
:100DD000A82D00D80831094A01F01F0402EB810157
:100DE000064AA3408032603080E80E0030BD00002B
:100DF0000854025800580258F0FBFDBF000802409A
:100E000010B50279531E072B2DD8174C0168A1424B
:100E10001BD0154C1434A14217D0134C2834A142D6
:100E200013D0114C3C34A1420FD00F4C5034A1428E
:100E30000BD00D4C6434A14207D00B4C7834A14246
:100E400003D0094C8C34A14203D10849074C4431EA
:100E500002E00749064C443104EB8202C0E91B2141
:100E600001219940416710BD08540258FC580258AE
:100E7000FC08024010B583694FF0C074826A0146D5
:100E8000002053B1B3F5005F15D072B1012A0CD028
:100E9000022A0AD0032A09D104E01AB1012A06D095
:100EA000022A03D1C96AC90100D5012010BDC96A4F
:100EB000A142FAD010BD002AF7D0012AF2D0022AAE
:100EC000F3D0032AF3D010BD704772B6FEE70000DE
:100ED00030B584240D4BCD0744EA002007D0DC68F0
:100EE00024F4E664DC60DC6814430443DC608907B6
:100EF0000BD5D3F80C1121F4E661C3F80C11D3F82B
:100F00000C1111430143C3F80C1130BD00200052F5
:100F100001F094BDF8B50027044615460E4600972B
:100F200090F8500001280BD0012084F85000204692
:100F3000FFF7F8FD0100606D04D040F010002DE0D7
:100F40000220F8BD20F4885040F00200606520685F
:100F500006F4803205F08043134D1A4383682B401A
:100F60001A4342F000428260104A20680EE0009B63
:100F70005B1C0093934209D3606D84F8507020F09D
:100F8000020040F0100060650120F8BD8368DB0FAF
:100F9000EDD1606D20F0020040F001006065084670
:100FA00084F85070F8BD0000C0FFFE3F00F8C32574
:100FB0002DE9F0470F4690F850109AB004460129E9
:100FC0004FF0000915D00026DFF8F880012084F8E2
:100FD000500015961696216841450ED13A4D009560
:100FE000284606F0E9FF8246206806F0E5FF60B17A
:100FF0000EE002201AB0BDE8F087606D84F8506002
:1010000040F0200060650120F4E7BAF1000F09D03C
:10101000616D4FF0010941F020006065484684F899
:101020005060E7E720684146884201D0A84201D1DC
:10103000264800E0264840F61F72D7F800C0254B2E
:10104000BCF1000F23D0D0F808C0D7F804802CF4EE
:10105000404C4CEA080CC0F808C0D4F800C08C45DD
:1010600001D0AC4507D18968AB6801F0010103F0FC
:101070000103194302E0996801F001010029CDD173
:10108000BD683968836829439343194317E087682B
:1010900027F44047876027688F4201D0AF4207D1CD
:1010A0008968AB6801F0010103F00103194302E014
:1010B000996801F001010029B0D1816891438160F4
:1010C000ACE7000000200240002102400023024063
:1010D00000630258006002582DE9F84F0446EB4EB9
:1010E0000020DFF8ACB30090002794F850000D46C4
:1010F000DFF8A0A3012808D04FF0010984F8509030
:10110000206806F055FF18B171E10220BDE8F88FA4
:10111000286800280EDB21680303CA6928D090FAEA
:10112000A0F0B0FA80F000BF00F01F0309FA03F04E
:101130000243CA61D5E900124FF00C0C20681F234E
:10114000C1F384610CEA921C02F01F0260449340D8
:101150009140026B9A430A430263206806F028FF1D
:101160008046206806F020FF58EA000003D08DE09A
:10117000C0F38460D8E72A68042320684FF0070C86
:10118000A96803EAD25318444369C2F304520CFA23
:1011900002FC914023EA0C030B434361BE490968FA
:1011A000B9EB117F06D121686869C968C1F3820172
:1011B000490008E02068C168C906C1686869F5D5BA
:1011C00001F0100149088840296904292ED02368BC
:1011D0002A6803EB810102F0F8420B6E024303F030
:1011E000004010430866697E22682869012917D0EB
:1011F0005FF0000102EB8000026E22F000420A4321
:101200000266297E20682A6901290CD00021036921
:1012100002F01F02914023F4F0420A43026135E0DC
:101220004FF00041E6E74FF40061F0E720682978CD
:10123000026E02F0F842B2EB816F03D1016E21F031
:101240000041016620682978426E02F0F842B2EB54
:10125000816F03D1416E21F00041416620682978F9
:10126000826E02F0F842B2EB816F03D1816E21F001
:101270000041816620682978C26E02F0F842B2EB24
:10128000816F03D1C16E21F00041C1662068816881
:1012900011F0010F72D150F8C03F2A7BDFF8FCC17A
:1012A000296802F018022CFA02FCC1F3130823EAA1
:1012B00008030CEA010C43EA0C030360E968594592
:1012C0006CD177482268DFF8DCC1DFF8DCB18242FC
:1012D000DFF8D8E17648774BDFF8DC8122D1296846
:1012E000614524D0B1EB4C0C38D0A1F1496CBCF174
:1012F000080C35D0A1F1865CBCF1100C32D0DFF8BF
:10130000BCC1614528D071453AD0814230D0994264
:1013100032D06B48814201D16A4831E041452ED13B
:1013200069482DE0B2422AD12968614501D10120E6
:1013300026E0A1F1066CBCF1040C0FD0A1F1496CC0
:10134000BCF1080C0CD0A1F1865CBCF1100C09D0EA
:10135000DFF868C1614507D15C4811E058460FE0ED
:101360005B480DE05B480BE0714509D0814201D13B
:10137000184605E09942D1D1574801E03CE00020F1
:10138000D16903031AD090FAA0F0B0FA80F000BF40
:1013900000F01F0309FA03F00143D161D5F800C042
:1013A000BCF1000F28DA3E4B20684C49DFF8309141
:1013B000984201D0B04203D10A4602E0800EE7E72E
:1013C0004A469268984202F0E07201D0B04209D1D8
:1013D0009D68D6F8088005F0010508F0010845EA87
:1013E000080503E0DAF8085005F001054DB1606D1D
:1013F000012740F020006065002084F85000384646
:1014000084E6384DAC451CD115021AD45045F3D1B1
:10141000984202D0B04200D049468B6842F40000A6
:1014200023F0E07202438A6030492F480968B1FB1B
:10143000F0F04000801C00E0401E00900028FBD12E
:10144000DAE72B4DAC450CD1D5010AD45045D3D1A8
:10145000984202D0B04200D049468B6842F080707A
:101460000EE0244DAC45C7D15502C5D45045C3D17B
:10147000984202D0B04200D049468B6842F48000C6
:1014800023F0E07202438A60B6E7000000210240C8
:101490000000FF47006002580010005CFFFF0F00D3
:1014A0000020024002003004400020190004002AFD
:1014B0000008302E001060320000844B2000F01431
:1014C00000002143000052470000B84F0002B02541
:1014D0008000501D00018021002090360023024032
:1014E00000630258000084CB400D0300C4000020BC
:1014F000000052C70000B8CFF8B54FF00006040056
:101500003546009602D0606D10B107E00120F8BDAD
:10151000204600F005F9A66584F8506020688168CF
:10152000C1F3407119B18168704A1140816020682F
:101530008168C1F3007181B981686D4A114041F041
:10154000805181606C496B480968B1FBF0F0401C28
:1015500000E0401E00900028FBD120688168C1F3A4
:10156000007141B9616D012541F010016165A16D06
:1015700041F00101A16506F01BFD616DC90600D4B3
:1015800020B1606D012540F0100093E0606D20F403
:10159000807040F0020060652068816811F0010FE2
:1015A0001FD1564A564B904201D0984207D19168BC
:1015B0009E6801F0010106F00106314303E0514944
:1015C000896801F0010161B9904201D0984201D1CE
:1015D0004D4800E04D488268616822F47C120A435D
:1015E000826001F019FC41F20301884202D9A0682F
:1015F00010280CD0617D227FA368206B490341EA4B
:10160000024118430843217F01290CD010E0607D7E
:10161000227F216B400340EA024241F01000104358
:1016200040F00C00EFE7218C394A02EB41410843BE
:10163000616A29B1A26A01F47871014342EA0100AA
:101640002168344BCA681A400243CA60206806F019
:10165000AFFC0646206806F0A7FC30431DD1216888
:1016600044F20303267DE26AC86842EA8632984360
:101670001043C86094F8380001281ED02068016922
:1016800021F0010101612068626B016921F0704164
:10169000114301612046FFF7C1F9E0680128206885
:1016A0001CD0016B21F00F010163606D20F002007E
:1016B00040F0010060652846F8BD2068A28F164FF3
:1016C000D4E9101C154E07EB0247A36C026941EAEE
:1016D0000C013B43324019431143D3E7A269016B2C
:1016E000521E21F00F011143DEE70000C0FFFF5F33
:1016F000C0FFFF7F400D0300C40000200020024017
:10170000002102400060025800230240006302589A
:101710000000FEFF03C0F0FF0100FFFF1EF800FC09
:1017200030B587B0044614216846FEF71DFE254AF1
:101730002168254891422BD1234908390A6842F093
:1017400020020A60096801F020010591016841F05A
:1017500004010160016801F004010591016841F094
:1017600002010160006803240025694600F00200C0
:10177000059011208DE83100144801F029FA02206B
:1017800069468DE83100124801F022FA07B030BDF9
:10179000104A9142FAD1016841F0807101600168FC
:1017A00001F080710591016841F004010160006859
:1017B00000F0040005904FF00060014605F03EF98E
:1017C000E4E7000000200240E0440258000802580C
:1017D00000040258006002582DE9F041040003D0D3
:1017E00094F8350018B105E00120BDE8F0812046ED
:1017F00000F044F8A16902204FF0000E84F8350093
:1018000009B1C4F824E020681B4A01681140016056
:10181000D4E90452E168D4E9010C29431043A269D8
:10182000084354F8201B40EA0C001043B4E8E810C9
:101830000A68184328433043384340EA0C001043F9
:10184000086054F8300C343C102808D1A17FA08BDC
:101850002368E27F61F31F4040EA026098612068DC
:101860000121C26842F01E02C260C4F84CE084F854
:1018700035100020B9E7000007F0E0FF70B586B032
:10188000044614216846FEF76FFD374920688842F8
:1018900067D13648016841F001010160006800F03D
:1018A000010005903148001D016841F01001016000
:1018B000016801F010010591016841F0010101602A
:1018C000016801F001010591016841F00401016026
:1018D000016801F004010591016841F0080101600F
:1018E000016801F008010591016841F00201016001
:1018F000006800240D26694600F002000590732060
:10190000009002251A48CDE90154CDE9034601F0C3
:101910005FF950200090CDE9015416486946CDE9A1
:10192000034601F055F9C0200090CDE9015412485A
:101930006946CDE9034601F04BF908200090CDE956
:1019400001540E486946CDE9034601F041F9802073
:101950000090CDE901540A486946CDE9034601F0FB
:1019600037F906B070BD000000000248DC440258A0
:10197000001002580000025800080258000C0258DB
:10198000000402582DE9F84F044601F04BFA00908C
:101990003CB194F83500022806D080216165002012
:1019A000E4E00120BDE8F88FC74DC74EC6491835A1
:1019B00020683036DFF81483DFF814938842DFF8AC
:1019C00014A3DFF814B32ED0A8422CD0B0422AD0F2
:1019D000404528D0484526D0504524D0584522D0EF
:1019E000BD4A183290421ED0BC4A90421BD0BB4A1E
:1019F0001832904217D0B94A3032904213D0B74AC9
:101A0000483290420FD0B54A603290420BD0B34A70
:101A10007832904207D0B14A9032904203D0AF4A18
:101A2000A832904209D1026822F01E0202602068AA
:101A3000426922F08002426103E0026822F00E0255
:101A4000026027688F4238464DD0A8424BD0B04242
:101A500049D0404547D0484545D0504543D05845EA
:101A600041D09D4A183290423DD09C4A90423AD093
:101A70009A4A1832904236D0984A3032904232D048
:101A8000964A483290422ED0944A603290422AD0F0
:101A9000924A7832904226D0904A9032904222D098
:101AA0008E4AA83290421ED08D4A90421BD08C4A5A
:101AB0001432904217D08A4A2832904213D0884A72
:101AC0003C3290420FD0864A503290420BD0844A2A
:101AD0006432904207D0824A7832904203D0804AE2
:101AE0008C32974204D1206E026822F48072026028
:101AF00075492068884228D0A84226D0B04224D018
:101B0000404522D0484520D050451ED058451CD0D5
:101B100071491831884218D07049884215D06F49F0
:101B20001831884211D06D49303188420DD06B494F
:101B30004831884209D069496031884205D06749F7
:101B40007831884201D065499031016821F0010166
:101B500001600EE001F066F90099401A052808D9E5
:101B6000202262650321002084F8351084F83400B7
:101B700017E73868C007EDD1534A01212068904229
:101B80002ED0A8422CD0B0422AD0404528D048457B
:101B900026D0504524D0584522D04F4B1833984278
:101BA0001ED04E4B98421BD04C4B1833984217D046
:101BB0004A4B3033984213D0484B483398420FD0A9
:101BC000464B603398420BD0444B7833984207D051
:101BD000424B9033984203D0404BA833984208D1EF
:101BE00094F85C703F23A06D07F01F07BB40836033
:101BF00007E094F85C30A06D03F01F0301FA03F3D3
:101C00004360206890424DD0A8424BD0B04249D0AA
:101C1000404547D0484545D0504543D0584541D030
:101C20002D4A183290423DD02C4A90423AD02B4A4D
:101C30001832904236D0294A3032904232D0274A68
:101C4000483290422ED0254A603290422AD0234A10
:101C50007832904226D0214A9032904222D01F4AB8
:101C6000A83290421ED01E4A90421BD01C4A143209
:101C7000904217D01A4A2832904213D0184A3C3268
:101C800090420FD0164A503290420BD0144A643220
:101C9000904207D0124A7832904203D0104A8C32D8
:101CA00090420BD1D4E919024260E06E30B1026873
:101CB00022F480720260D4E91C024260002084F8A1
:101CC000351084F834006DE61000024058000240E0
:101CD0007000024088000240A00002401004024050
:101CE000085402582DE9F05F28B190F83510022908
:101CF00004D0802141650120BDE8F09F904C904BBD
:101D00000168183C18338E4ADFF83C92A1428D4C92
:101D1000DFF838E28E4FDFF83CB2DFF83CA28F4D9F
:101D20008F4E31D091422FD099422DD0A1422BD04D
:101D3000494529D0714527D0B94225D0DFF810C2D6
:101D40000CF1180C61451FD0DFF808C2ACF1600C33
:101D5000614519D0DFF8FCC1ACF1480C614513D0E6
:101D6000DFF8F0C1ACF1300C61450DD0DFF8E4C113
:101D7000ACF1180C614507D0594505D0514503D049
:101D8000A94201D0B1422CD1DFF8B4C14FF0040810
:101D900080F83580ACF1180C61451DD091421BD004
:101DA000994219D0A14217D0494515D0714513D099
:101DB000B94211D06648183081420DD0654860386C
:101DC000814209D063484838814205D061483038A3
:101DD000814201D05F481838086820F0010008608F
:101DE000ABE0D1F800C02CF00E08DFF854C1C1F808
:101DF0000080ACF1180C0168614527D0914225D0D4
:101E0000994223D0A14221D049451FD071451DD010
:101E1000B9421BD0DFF838C10CF1180C614515D060
:101E2000DFF830C1ACF1600C61450FD0DFF824C1A0
:101E3000ACF1480C614509D0DFF818C1ACF1300CA9
:101E4000614503D0DFF80CC1ACF1180CD1F800C02B
:101E50002CF0010CC1F800C0DFF8E4804FF0010C59
:101E60000168A8F11808414546D0914244D09942F2
:101E700042D0A14240D049453ED071453CD0B94204
:101E80003AD0334A1832914236D0324A603A9142BF
:101E900032D0304A483A91422ED02E4A303A9142BE
:101EA0002AD02C4A183A914226D0594524D051457F
:101EB00022D0A94220D0B1421ED02A4A91421BD042
:101EC000284A1432914217D0264A2832914213D020
:101ED000244A3C3291420FD0224A503291420BD0D8
:101EE000204A6432914207D01E4A7832914203D090
:101EF0001C4A8C32914218D1016E0A6822F4807219
:101F00000A6090F85C20816D02F01F020CFA02F268
:101F10004A60D0E919124A60C16E31B10A6822F4F0
:101F200080720A60D0E91C124A600022016D80F8BC
:101F300035C080F8342001B188470020DCE600007D
:101F40002800024058000240700002408800024011
:101F5000A00002407004024088040240A004024035
:101F6000B8040240085402582DE9FC5F0446F74EBD
:101F70000020DFF8D88300904FF41652F44808F19F
:101F80001808A56DDFF8C493DFF8C0A3016809F154
:101F9000300920680AF1480AB1FBF2F1B042019120
:101FA0002F68D5F800C0DFF8ACB335D04146884281
:101FB00032D0484530D050452ED058452CD0E54938
:101FC0001831884228D0E3493031884224D0E14991
:101FD0004831884220D0E04988421DD0DE4918317E
:101FE000884219D0DC493031884215D0DA4948316D
:101FF000884211D0DFF860E30EF1600E70450BD01F
:10200000D54A7832904207D0D34B9033984203D0D0
:10201000D149A83188427DD194F85C20082102F092
:102020001F0201FA02F23A424AD0B04232D0404591
:1020300030D048452ED050452CD058452AD0C54ADE
:102040001832904226D0C34A3032904222D0C14A40
:10205000483290421ED0C04A90421BD0BE4A18322D
:10206000904217D0BC4A3032904213D0BA4A48321C
:1020700090420FD0B84A603290420BD0B64A7832C4
:10208000904207D0B44A9032904203D0B24AA8326C
:10209000904203D1026802F0040202E0026802F0FA
:1020A00008026AB1026822F00402026094F85C003F
:1020B00000F01F008140A960606D40F00100606584
:1020C00094F85C00012100F01F008140394240D0AB
:1020D0002068B04234D0404532D0484530D05045D9
:1020E0002ED058452CD09B4A1832904228D0994A7D
:1020F0003032904224D0974A4832904220D0964ABB
:1021000090421DD0944A1832904219D0924A3032EF
:10211000904200E0AFE113D08F4A483290420FD096
:102120008D4A603290420BD08B4A7832904207D071
:10213000894A9032904203D0874AA83290427DD19A
:10214000406910F0800F04D0A960606D40F002007B
:10215000606594F85C00042100F01F008140394262
:102160003ED02068B04232D0404530D048452ED0D5
:1021700050452CD058452AD0764A1832904226D065
:10218000744A3032904222D0724A483290421ED075
:10219000714A90421BD0704A1832904217D06E4A52
:1021A0003032904213D06C4A483290420FD06A4A83
:1021B000603290420BD0684A7832904207D0664A2B
:1021C0009032904203D0644AA83290424ED10068C7
:1021D00010F0020F04D0A960606D40F0040060654B
:1021E00094F85C00102100F01F008140394258D063
:1021F0002068B04234D0404532D0484530D05045B8
:102200002ED058452CD0534A1832904228D0514AEB
:102210003032904224D04F4A4832904220D04E4A29
:1022200090421DD04C4A1832904219D04A4A30325E
:10223000904215D0484A4832904200E014E00FD056
:10224000454A603290420BD0434A7832904207D0E0
:10225000414A9032904203D03F4AA832904207D17F
:10226000006800F0080006E0006872E70068B7E761
:10227000006800F00400A0B1A9602068016849036B
:1022800004D50068000308D5A16C07E00168C90502
:1022900003D4016821F008010160216C09B12046D6
:1022A000884794F85C00202100F01F0081403942EB
:1022B00079D02068B04232D0404530D048452ED049
:1022C00050452CD058452AD0224A1832904226D068
:1022D000204A3032904222D01E4A483290421ED0CC
:1022E0001D4A90421BD01C4A1832904217D01A4AFD
:1022F0003032904213D0184A483290420FD0164ADA
:10230000603290420BD0144A7832904207D0124A81
:102310009032904203D0104AA832904203D1006814
:1023200000F0100002E0006800F00200B0B3A96005
:1023300094F835000428206801680FD049037ED541
:10234000006800032BD4616C2AE0000010000240FA
:10235000C4000020700002401004024021F0160169
:1023600001602068416921F080014161206C08B959
:10237000A06C20B12068016821F00801016094F888
:102380005C303F21012003F01F0300229940A96027
:1023900084F8350084F83420216D65E003E0E16BBA
:1023A00009B120468847606D00287DD0606DC00768
:1023B00059D02068042184F83510B0422BD0404514
:1023C00029D0484527D0504525D0584523D09D4990
:1023D000884220D09B49183188421CD0994930311D
:1023E000884218D09849884215D0974918318842B8
:1023F00011D09549303188420DD0934948318842F7
:1024000009D091496031884205D08F49783188429E
:1024100001D08D499031016821F0010101602068EF
:102420000099019A491C0091914202D80168C9079C
:10243000F6D10068C00710D003200FE0FFE7016865
:10244000C905ACD403680121002223F01003036006
:1024500084F8351084F83420A1E7012084F8350091
:10246000002084F83400E16C00291DD002B0204621
:10247000BDE8F05F0847754988421DD073491431A3
:10248000884219D071492831884215D06F493C31B2
:10249000884211D06D49503188420DD06B4964316A
:1024A000884209D0694900E084E07831884203D04D
:1024B00066498C3188427DD194F85C80042701689C
:1024C00008F01F0807FA08F717EA0C0F009746D024
:1024D0004F0744D500980F04686003D5C8033CD467
:1024E000A16CC1E7880638D42068B0422DD0554988
:1024F0006039884229D0484527D0504525D05845D5
:1025000023D05049884220D04E49183188421CD0EF
:102510004C493031884218D04B49884215D04A493D
:102520001831884211D04849303188420DD046498F
:102530004831884209D0704507D0904205D0984272
:1025400003D04149A831884203D1016821F0080134
:1025500002E0016821F004010160216C84E7022798
:1025600007FA08F717EA0C0F00974ED08F074CD5E3
:1025700000980F04686003D5C80344D4616C73E706
:10258000880640D42068B0422FD02E496039884256
:102590002BD0484529D0504527D0584525D029492A
:1025A000884222D02749183188421ED0254930312F
:1025B000884200E044E018D02349884215D02249DF
:1025C0001831884211D02049303188420DD01E493F
:1025D0004831884209D0704507D0904205D09842D2
:1025E00003D01949A831884203D1016821F01401B0
:1025F00002E0016821F00A010160012184F8351030
:10260000002084F83400E16B2EE7082202FA08F279
:1026100012EA0C0F14D0090712D5016821F00E013F
:10262000016094F85C100120002201F01F0100FA03
:1026300001F16960606584F8350084F8342012E7A0
:10264000BDE8FC9F88000240100402400854025874
:102650002DE9F05F044600F0E5FB002C07467DD035
:10266000E34E022120684FF00308DFF888934FF013
:102670000005DFF884A3B042DFF880B334D0DC4A31
:102680001832904230D048452ED050452CD0584575
:102690002AD0DA4A1832904226D0D84A30329042B4
:1026A00022D0D64A483290421ED0D54A90421BD002
:1026B000D34A1832904217D0D14A3032904213D0C8
:1026C000CF4A483290420FD0CD4A603290420BD070
:1026D000CB4A7832904207D0C94A9032904203D018
:1026E000C74AA83290427DD184F83510B04284F8B0
:1026F00034502ED0BE49183188422AD0484528D0BF
:10270000504526D0584524D0BC491831884220D0A5
:10271000BA49303188421CD0B8494831884218D073
:10272000B749884215D0B6491831884211D0B4490A
:10273000303188420DD0B2494831884209D0B04981
:102740006031884205D0AE497831884201D0AC4929
:102750009031016821F00101016008E027E100BF2C
:1027600000F060FBC01B052801D920211CE1206876
:102770000068C007F4D104F108002168D4E9053CE1
:102780008E4685C809681043D4E907281F43636A49
:1027900038439C4F40EA0C001043394040EA08009F
:1027A000042B40EA010003D1D4E90B121143084382
:1027B000954909686FF30F01B1F1005F0FD36168AC
:1027C000A1F12902052A08D9163A032A05D9083A9F
:1027D000012A02D94F39032901D840F48010CEF8DC
:1027E000000000E023E02068676A4069042F20F0C1
:1027F000070047EA00070DD1D4E90A01074349B1B0
:102800002046FEF737FB28B140206065012184F89F
:102810003510CCE0206847612046FEF749FA94F86D
:102820005C203F2102F01F029140816054E0774A12
:1028300090421BD0754B1433984217D0734B2833FA
:10284000984213D0714B3C3398420FD06F4B5033AA
:1028500098420BD06D4B6433984207D06B4B783362
:10286000984203D0694B8C3398427DD184F835105F
:1028700084F83450664B0168A26801EA030E402ACE
:1028800073D0802A72D00022D4E90378D4E90531CC
:1028900042EAD70242EAD8085C4AD4E9077C48EA0F
:1028A000D30848EAD10141EAD701524241EA1C115A
:1028B000142341EA0E01016020681044B0FBF3F0DC
:1028C0008000E0652046FEF7F3F994F85C200121D2
:1028D00002F01F02914041602068B04257D0444945
:1028E0001831884253D0484551D050454FD05845B3
:1028F0004DD042491831884249D040493031884250
:1029000045D03E494831884241D03D4988423ED079
:102910003B49183188423AD039493031884236D063
:1029200037494831884232D03549603188422ED00B
:102930003349783188422AD031499031884226D0B3
:102940002F49A831884222D0304988421FD02F49D0
:10295000143188421BD02D492831884217D02B4989
:102960003C31884213D002E01DE017E018E027490F
:10297000503188420BD025496431884207D0234921
:102980007831884203D021498C31884229D12046B0
:10299000FEF7E8F9A06880280CD00CE0102273E75D
:1029A0004FF4804270E74021616584F83580012052
:1029B000BDE8F09F6560216E20790860D4E91901B7
:1029C00041606068401E072808D82046FEF718FAC4
:1029D000E06E0560D4E91C01416002E0E566256710
:1029E00065670120656584F835000020E0E7000098
:1029F00010000240400002405800024070000240B7
:102A0000100402403F8010FE0010005C0854025881
:102A10000F00FEFF70B5044600F004FA0546601C86
:102A200002D004480078044400F0FCF9401BA042A6
:102A3000FAD370BDB8000020704700002DE9F041C6
:102A4000604D4FF480374FF0FF38286900265E4C08
:102A5000C043C00311D42078012861D02078022817
:102A600079D0072877D0032879D0042805D0052805
:102A700003D0062801D026706F61D5F81001C0433D
:102A8000C00313D4207804286BD0207805287BD08D
:102A9000072879D0062878D0012807D0022805D049
:102AA000032803D084F80060C5F81471286910F475
:102AB000DC000ED0A1690143A16168612078012882
:102AC00073D0022875D0072873D02069267000F0D3
:102AD0007DF8D5F8100110F4DC0011D0A16940F0A8
:102AE00000421143A161C5F814012078042862D086
:102AF000052864D0072862D02069267000F066F8A7
:102B0000207800280AD1E86820F4DE00E860D5F8D3
:102B10000C0120F4DE00C5F80C012675BDE8F0813B
:102B20006068401E6060606870B1E068FFF784FF15
:102B30006F61E068401CE060E068A2680121FEF778
:102B4000C7F99AE707E00AE0C4F80C802670E0684D
:102B5000FFF772FF90E70120FFF76EFF8BE7206918
:102B6000FAE76068401E6060606878B1E068FFF76F
:102B700063FFC5F81471E068401CE060E068A2687B
:102B80000221FEF7A5F991E707E00CE0C4F80C80FC
:102B90002670E068FFF750FF86E70220FFF74CFF42
:102BA00080E702E005E02069F8E7E068C4F80C80FF
:102BB0008CE701208AE7E068C4F80C809DE70220DA
:102BC0009BE70000002000526C820020704700004C
:102BD0002DE9F84F03247D4D00234FF001094FF0FC
:102BE000B04B4FF00F0AE9E009FA03F73A4076D00C
:102BF0000E7906F00306012E01D0022E18D1D0F86E
:102C000008C04FEA430ECE6804FA0EF82CEA080C0E
:102C100006FA0EF646EA0C068660D0F804C00E7975
:102C20002CEA070CC6F300169E4046EA0C064660E6
:102C30000E79F643B6070BD0C6684FEA43088F6893
:102C400004FA08FC26EA0C0607FA08F73743C760BF
:102C50000E7906F00306022E12D1DE080F694FEA44
:102C6000437C00EB8606B646366A4FEADC6C0AFA0D
:102C70000CF807FA0CF726EA08063743CEF820705E
:102C80000F7906684FEA430807F0030704FA08FCC7
:102C900007FA08F726EA0C06374307604E6816F471
:102CA000403F1CD04A4E376847F00207376036680D
:102CB0009F0706F00206009623F0030606F1B046D1
:102CC000B6463F0FD6F80864DFF808810AFA07FC19
:102CD000404526EA0C0603D14FF0000C41E06CE0C1
:102CE000DFF8F4C0604502D14FF0010C39E0DFF8A5
:102CF000ECC0604502D14FF0020C32E0DFF8E0C0DA
:102D0000604502D14FF0030C2BE0DFF8D8C06045DE
:102D100002D14FF0040C24E0DFF8CCC0604502D1B2
:102D20004FF0050C1DE0DFF8C4C0604502D14FF044
:102D3000060C16E0DFF8B8C0604502D14FF0070C72
:102D40000FE0DFF8B0C0604502D14FF0080C08E09A
:102D5000DFF8A4C0604502D14FF0090C01E04FF04C
:102D60000A0C0CFA07FC4CEA060CCEF808C44F68B3
:102D7000DBF80060FF0226EA020600D516435F4634
:102D8000CBF80060D1F804C0DBF804605FEA8C2C5B
:102D900026EA020600D516437E606E684F6826EA72
:102DA0000206BF0300D516436E602E684F6826EA00
:102DB0000206FF0300D516432E605B1C0A6832FA38
:102DC00003F67FF411AFBDE8F88F000080000058D3
:102DD000F444025800000258000402580008025847
:102DE000000C025800100258001402580018025833
:102DF000001C02580020025800240258426921EAAF
:102E000002030A4043EA0241816170470AB18161CD
:102E100070470904FBE7000001480068000C704798
:102E20000010005C0148806870470000B800002076
:102E3000024881680278114481607047B800002020
:102E4000032010B500F0DCF802F028F80F4A104912
:102E500014681368C4F3032203F00F038A5CC95C8F
:102E600002F01F0201F01F01D0400A4A20FA01F1CE
:102E70001160094908600F2000F010F808B1012026
:102E800010BD00F079F8002010BD00001844025871
:102E9000E61E0308C8000020C400002070B50D4DD8
:102EA00004462878A0B14FF47A71B1FBF0F00A49DA
:102EB0000968B1FBF0F003F0C9FD48B9102C07D246
:102EC00000222146501E00F07BF800206C6070BD8F
:102ED000012070BDB8000020C4000020154BF0B5E3
:102EE000083B427813491A600B680A1F23F001035C
:102EF0000B6043681360057BC67A827A437B2D079B
:102F0000847B45EA0665C77B90F809C0067A90F88D
:102F100000E045EAC24040EA834040EA444040EADB
:102F2000074040EA0C2040EA460040EA0E000860F4
:102F3000F0BD0000A0ED00E0BFF35F8F044800216A
:102F40000368034A23F480330360703211607047D2
:102F500024ED00E0074A40F001000649703210609D
:102F6000086840F480300860BFF34F8FBFF36F8F65
:102F70007047000024ED00E0094808B5016841F001
:102F80000201016000680022114600F0020000907A
:102F9000042000F015F8BDE80840042000F002B855
:102FA000F4440258002809DB410900F01F0289009F
:102FB000012001F1E0219040C1F8000170470000BC
:102FC0000E4BF0B41B680D46C3F30223C3F1070692
:102FD000042E00D90426191D072901D2002300E080
:102FE000DB1E012404FA06F19C40491E2940641EA0
:102FF000994014402143F0BC09F0BFB90CED00E04A
:10300000064900F0070210B54FF6FF040868044BAC
:10301000204040EA02201843086010BD0CED00E09B
:103020000000FA0501680123C0F8D834002280F8B6
:10303000CC248869044A40F000608861486D1043E0
:1030400048650020704700000300001070470068CA
:10305000416200207047F0B503685D6A39B19F6A2C
:103060004C1E00204FF4827605EB17450BE045EA35
:103070000240986210E0471C06EB800053F800C045
:10308000F8B205EB1C45A042F5D34FF4807000EB7D
:10309000810045EA02421A500020F0BDD0F8E00459
:1030A00008F0B9B801EBC10200EB8202D0F8E004ED
:1030B000126A08F00CB801EBC10200EB8202D0F8F2
:1030C000E004D2F8602208F05EB8D0F8E00408F01E
:1030D000A4B80A0601F00F0101EBC10100EB810168
:1030E00001D5143101E001F51571006808F090BFB9
:1030F00001F00F020B0670B502EBC20104464FF05F
:1031000001004FF0000504EB810102D54875143130
:1031100003E081F8555201F515710A7094F8942472
:10312000012A08D084F89404206808F08FFC00205D
:1031300084F8945470BD022070BD70B502790446C5
:1031400001F00F00904201D9012070BD01F00F0283
:103150004FF000050B0602EBC2014FF0010204EB39
:10316000810102D54A75143103E081F8555201F509
:1031700015718D70087094F89404012808D084F8B3
:103180009424206808F0CCFD002084F8945470BD8D
:10319000022070BD01F00F0101EBC10100EB8100C5
:1031A000D0F8680270472DE9F04101F00F0604469F
:1031B0000D064FF0010006EBC6014FF0000504EBD1
:1031C000810102D54875143103E081F8555201F5AB
:1031D0001571C2F30A024F780B718A600E7007B145
:1031E0004E83022B00D14D7194F89424012A09D00A
:1031F00084F89404206808F071FB284684F89454FD
:10320000BDE8F0810220FBE770B501F00F05002456
:1032100005EBC50100EB810101F5187181E81C0087
:1032200001F80B4C01F80C5D8379012B00D1CA61C8
:103230008279006808F0CCFD002070BD70B50D46A5
:103240000179044605F00F00884201D9012070BDC4
:1032500029064FF000064FF0010206D500EBC00131
:1032600004EB81014A75143107E005EBC50104EB5D
:10327000810181F8556201F515718A70087094F822
:103280009404012807D084F89424206808F074FD81
:10329000280702D007E0022070BDA17904F29C4209
:1032A000206808F011FD002084F8946470BD70B5AA
:1032B00001F00F04002504EBC401012600EB81019D
:1032C000203181E82C0001F80B6C01F80C4D83795A
:1032D000012B00D1CA618279006808F079FD0020D5
:1032E00070BD00002DE9FC5F05680446284608F023
:1032F0002BFF00287ED1206808F052FF002879D0EB
:10330000D5F80808C0F30D20C4F8D404206808F0EC
:1033100047FF800704D52068416901F0020141613F
:10332000206808F03DFFC10604F29C40009035D5AE
:103330002068816921F0100181612F6A07F00F0177
:10334000C7F3434001EBC101022804EB810606F5F7
:10335000157602D0062812D01BE047F6F07007421F
:1033600017D0C7F30A12F1681746284608F01CFF69
:103370007169F068394471613844F06009E000997E
:103380000822284608F010FF7069C7F30A110844A4
:1033900070612068816941F010018161206808F046
:1033A000FFFE00034FF0080B4FF0000A4FF0010939
:1033B0007CD52068002608F0D2FE074674E0F807A6
:1033C00070D02068F1B208F0E3FE8046C00707D055
:1033D00005EB4611C1F8089B3146204605F0BCF8C4
:1033E0005FEA087024D505EB4611C1F808BBFA491D
:1033F000206800E03EE2026C00EB461001928A4237
:10340000D0F8081B05D9090403D54FF40041C0F8D2
:10341000081B204600F01FFBEF490198884207D99E
:10342000A079012804D120680121009A08F04CFC01
:103430005FEAC86004D505EB46111020C1F8080BFF
:103440005FEA88701DD56869000605D5D5F80408BF
:1034500040F48061C5F8041806EBC60004EB800058
:1034600090F8571200F51570012905D180F803A0D6
:103470002046F1B200F004FA05EB46110220C1F833
:10348000080B5FEA886004D505EB46112020C1F8DF
:10349000080B5FEA884005D505EB46114FF4005054
:1034A000C1F8080B7F08761C002F88D1206808F02F
:1034B00077FE40036ED5206808F04AFE00260746D6
:1034C00066E0F80762D02068F1B208F04FFE80464F
:1034D000C00723D0D5F8342806F00F0C05EB4613AF
:1034E00009FA0CF08243C5F83428C3F80899A0798A
:1034F00001280FD106EBC60004EB8000D0E90721BC
:103500001144016236B9606A20B920680121009A2D
:1035100008F0DAFB2046F1B2FFF7C4FD5FEA08705D
:1035200003D505EB4611C1F808B95FEAC86004D5B8
:1035300005EB46111020C1F808095FEA486004D580
:1035400005EB46114020C1F808095FEA887016D5DE
:103550003146284608F0CDFD06EBC60004EB80009E
:10356000C17D1430012905D180F803A02046F1B2B5
:1035700000F082F905EB46110220C1F808095FEA64
:10358000086003D53146204605F04CF87F08761CCC
:10359000002F96D1206808F003FE002811DAD5F834
:1035A000040820F00101C5F8041894F8CC0401289F
:1035B0003BD0204600F034FA2068416901F0004118
:1035C0004161206808F0ECFD00050BD5D5F808082E
:1035D000C00702D0204600F067FA2068416901F474
:1035E00000614161206808F0DBFD00010AD5206818
:1035F000416901F00061416194F8CC04E0B12046DA
:1036000000F052FA206808F0CBFDC00472D5D5F85E
:10361000040820F00100C5F804082068102108F013
:1036200068FD00214FF67F322DE00021204684F80E
:10363000CCA4FFF70BFDBFE784F8CC942068406D65
:103640000121C0F38300C4F8D0042046FFF7FEFC3C
:10365000D8E700BF05EB4110C0F80829D0F80039C1
:1036600023F40013C0F80039C0F8082BD0F8003B51
:1036700023F40013C0F8003BD0F8003B43F0006394
:10368000C0F8003B491C20798842E3D8D5F81C08D3
:1036900040F00111C5F81C18E07B68B1D5F884082A
:1036A00040F00B01C5F88418D5F8440840F00B0130
:1036B0002846C5F844180DE0D5F8140842F22B014D
:1036C0000843C5F81408D5F8100840F00B01284647
:1036D000C5F81018D0F8000820F4FE61C5F80018ED
:1036E000A1792068009A08F0EFFA2068416901F496
:1036F00080514161206808F053FD800416D5206890
:1037000008F02CF9206808F012FDE07101F080FB50
:1037100023680146E279184608F0A6FD204600F02D
:1037200069F92068416901F400514161206808F09D
:1037300037FD000707D5204600F076F9206841697B
:1037400001F008014161206808F02AFD000615D546
:10375000A869012620F08001A9610CE006EBC600F3
:1037600004EB800090F85702012803D12046F1B203
:10377000FFF7AFFC761C2079B042EFD8206808F044
:103780000FFDC0021FD501264F4614E006EBC60010
:1037900005EB461304EB8001D3F800090A7E012AE9
:1037A00008D1002806DAF0B2CF7540F0800120463B
:1037B000FFF78FFC761C2079B042E7D8206841697A
:1037C00001F480114161206808F0EAFC800234D5E0
:1037D00001204A4629E000000A30544F00EBC003A4
:1037E00005EB401604EB8301D6F8006B91F85832D4
:1037F000012B19D1002E17DA94F8D434C6F3004601
:1038000003F00103B3420FD181F85722A96941F0B7
:103810008003AB616969090606D4D5F8040840F451
:103820000070C5F8040803E0401C21798142D5D816
:103830002068416901F400114161206808F0B0FC82
:10384000400007D52046FFF729FC2068416901F0B8
:1038500080414161206808F0A3FC40070AD5206838
:103860004568680702D52046FFF72FFC20684168AD
:1038700029434160BDE8FC9FD0F8E00407F023BD78
:10388000D0F8E00407F033BDF8B5040004D094F894
:103890009504002510B106E00120F8BD204684F80B
:1038A000945400F057F8032084F89504206808F039
:1038B00005FA207C8DF8000094E80F0008F05CF811
:1038C0000226B0BB2068002108F08EFC88BB0020D7
:1038D00001270CE000EBC001421C04EB81014F7595
:1038E0000D76CD610D624D620875C885D0B2217923
:1038F0008142EFD8002011E000EBC001421C04EB34
:10390000810181F8555281F85852C1F85C52C1F8D2
:103910006052C1F8645281F85402D0B221798142D8
:10392000EAD8207C8DF8000094E80F0008F010F928
:1039300010B184F89564AFE7207B657484F89574C2
:10394000012802D12046FFF76DFB206808F0F2F84D
:103950000020F8BD10B5B6B00446142130A8FCF71D
:1039600003FDC0216846FCF7FFFC1F492068884220
:1039700038D100204FF480214FF440122292CDE93B
:103980000010684600F040FC08B1FDF79EFA00F018
:10399000CDF81648016841F00101016000680A2372
:1039A000022200F00100359000204FF4C051309108
:1039B00030A9CDE93120CDE933030D48FFF708F9EF
:1039C0000A480838016841F000610160006800227F
:1039D000114600F0006035906520FFF7F1FA652090
:1039E000FFF7E0FA36B010BD00000840E04402588E
:1039F0000000025870B50446C079012570B1022854
:103A000001D0FDF762FAD4F8E004294607F0DEFCA5
:103A1000D4F8E004BDE8704007F092BC0025F2E75E
:103A2000D0F8E00407F0BBBCD0F8E00407F0C1BC5C
:103A300010B5044690F8940401280AD0012061745E
:103A400084F89404206808F0FEFB002084F89404B5
:103A500010BD022010BDD0F8E02400F29C411046B9
:103A600007F0C0BC10B590F8941404460068012912
:103A700009D0012184F89414C168490609D5617BF5
:103A8000012902D005E0022010BD816B41F4803194
:103A90008163206808F00BFB206808F03DF80020E7
:103AA00084F8940410BD000010B50446D0F8E0047A
:103AB00007F0DAFC2068D0F8001E41F00101C0F8E0
:103AC000001EE07A002804D00248016841F0060197
:103AD000016010BD10ED00E0134970B50A68D243D3
:103AE000520705D5096801F00701814213D118E09A
:103AF0000A6822F0070202430A60FFF793F90A4DB1
:103B00004FF47A760446083D07E000BFFFF78AF9D4
:103B1000001BB04201D9012070BD2868C043800459
:103B2000F4D4002070BD00000C480258024801681F
:103B300041F08071016070470C48025802480168EA
:103B400041F48071016070470048025810B501F0DF
:103B50005FF905490968054AC1F30211515C01F09A
:103B60001F01C84010BD000020440258E61E030893
:103B70004A4930B5494C0B1D0A680C3409681D6868
:103B8000246802F0030305F00102C1F30511C4F338
:103B9000CC04002914FB02F200EE102AF8EE400AD1
:103BA00076D0414A9FED3E1ADFED3E1AB7EE000A8D
:103BB00023B1012B5AD0022B18D15CE0374C283CA2
:103BC00023689B0612D5394B246801EE901A1168C0
:103BD000C4F3C104F8EE612AE34001EE903AC1F368
:103BE0000801F8EE611A81EEA22A07E002EE101A2F
:103BF0001168F8EE422A81EEA22A45E001EE901A01
:103C00001168F8EE611A40EE811A71EE800A62EED8
:103C1000200AC1F3462101EE101AB8EE411A31EE26
:103C2000001AC0EE811ABCEEE11A80ED001A11688C
:103C3000C1F3064101EE101AB8EE411A31EE001A36
:103C4000C0EE811ABCEEE11A80ED011A1168C1F3D1
:103C5000066101EE101AB8EE411A31EE000A80EE4C
:103C6000801ABCEEC10A80ED020A30BD01EE901A46
:103C7000DFED0F2A03E001EE901ADFED0E2A116846
:103C8000F8EE611A82EEA12AC1F30801B6E7FFE758
:103C9000002101604160816030BD0000284402586D
:103CA000000000390024744C304402580090D003C6
:103CB0000024744A20BCBE4B494930B5484C0B1D0A
:103CC0000A68143409681D68246802F00303C5F308
:103CD0000012C1F30531C4F3CC04002914FB02F235
:103CE00000EE102AF8EE400A75D03F4A9FED3D1ACB
:103CF000B7EE000A6BB1DFED3D1A012B01D0022BAC
:103D000064D002EE101A1168F8EE422A81EEA22A5F
:103D100021E0334C283C23689B0612D5344B2468A1
:103D200001EE901A1168C4F3C104F8EE612AE34071
:103D300001EE903AC1F30801F8EE611A81EEA22A71
:103D40000BE001EE901ADFED2B2A00BFF8EE611AAE
:103D5000116882EEA12AC1F3080101EE901A1168E0
:103D6000F8EE611A40EE811A71EE800A62EE200AC6
:103D7000C1F3462101EE101AB8EE411A31EE001AD5
:103D8000C0EE811ABCEEE11A80ED001A1168C1F391
:103D9000064101EE101AB8EE411A31EE001AC0EEDB
:103DA000811ABCEEE11A80ED011A1168C1F30661B7
:103DB00001EE101AB8EE411A31EE000A80EE801AB8
:103DC000BCEEC10A80ED020A30BD04E001EE901A9B
:103DD000DFED092ABAE70021016041608160F3E765
:103DE0002844025800000039384402580024744A1C
:103DF0000090D0030024744C20BCBE4B494930B520
:103E0000484C0B1D0A681C3409681D68246802F0C0
:103E10000303C5F30022C1F30551C4F3CC04002908
:103E200014FB02F200EE102AF8EE400A75D03F4A69
:103E30009FED3D1AB7EE000A6BB1DFED3D1A012B85
:103E400001D0022B64D002EE101A1168F8EE422A5B
:103E500081EEA22A21E0334C283C23689B0612D530
:103E6000344B246801EE901A1168C4F3C104F8EED3
:103E7000612AE34001EE903AC1F30801F8EE611ABD
:103E800081EEA22A0BE001EE901ADFED2B2A00BF93
:103E9000F8EE611A116882EEA12AC1F3080101EE61
:103EA000901A1168F8EE611A40EE811A71EE800ADC
:103EB00062EE200AC1F3462101EE101AB8EE411A53
:103EC00031EE001AC0EE811ABCEEE11A80ED001A44
:103ED0001168C1F3064101EE101AB8EE411A31EE35
:103EE000001AC0EE811ABCEEE11A80ED011A1168C9
:103EF000C1F3066101EE101AB8EE411A31EE000A64
:103F000080EE801ABCEEC10A80ED020A30BD04E0EA
:103F100001EE901ADFED092ABAE700210160416045
:103F20008160F3E7284402580000003940440258F9
:103F30000024744A0090D0030024744C20BCBE4B73
:103F40002DE9F04FAC4A0546DFF8A8A280F4807056
:103F5000DFF8AC9289B01311AA4C0843A748AAF124
:103F600004064FF0805C4FF000582CD085F40077A9
:103F70000F4357D0DFF87CB285F480670F430BF115
:103F8000080B61D085F400670F4374D085F4805727
:103F90000F436ED085F400570F434FF480394FF430
:103FA000003E67D085F400270F4371D085F4803739
:103FB0000F436ED085F480460E436BD085F40042EB
:103FC0000A4368D02AE0DAF8001001F00701052959
:103FD00024D2DFE801F075BC7D25B10006A8FFF70B
:103FE000C7FD079809B0BDE8F08F6846FFF764FE8B
:103FF0000098F7E703A8FFF701FF0398F2E72068AE
:10400000C0F3C10022FA00F0ECE72268D20571D5B6
:1040100061456FD11846E5E74145E3D00020E1E76F
:104020004846DFE7DAF8001001F4E07180294FD04C
:1040300004DC002944D04029F0D188E0C029EFD029
:10404000B1F5807FEAD177E0DBF8001001F4600180
:10405000B1F5800F3CD004DC91B3B1F5001FDDD188
:1040600075E0B1F5C00FDBD0B1F5000FD6D163E03C
:1040700001E018E030E0DBF8001001F0E061B1F1A0
:10408000007F25D008DCD9B1B1F1807FC6D15EE0D8
:1040900049E06CE079E09CE0B1F1407FC0D0B1F143
:1040A000806FBBD148E0DAF8001001F4E041B1F5CF
:1040B000005F0DD005DC19B1B1F5805FAED146E0EF
:1040C00094E0B1F5405FABD0B1F5804FA6D133E0BD
:1040D00020688000A2D58DE7DAF8001001F4E02115
:1040E000B1F5403F6CD006DC61B149457AD07145ED
:1040F00094D157E037E0B1F5802F65D0B1F5A02F0E
:104100008CD10CE000F0A6FE6CE76846FFF7D4FD0A
:10411000019867E703A8FFF771FE049862E721683A
:104120008903F1D47AE7DBF8001011F440310ED0A6
:10413000494510D07145F5D13168256801F04051ED
:104140006D077FF562AF00297FF45FAF57E7206806
:104150000001E7D549E720688000E3D503A8FFF711
:104160004DFE05983EE722689203DBD554E73068A0
:1041700010F480303AD04845D4D120680001D1D520
:104180006846FFF799FD02982CE7DBF8001001F074
:10419000E041B1F1405F13D008DC71B1614521D03D
:1041A0004145BFD120688000B4D437E7B1F1804FDA
:1041B0000AD0B1F1A04FB2D030E7FFF7C7FC11E74A
:1041C00020684007AED51AE72068C005AAD521E7C8
:1041D00008E0DAF8001011F04051A0D0614505D098
:1041E00041459FD1206800018FD417E720688001E6
:1041F00098D5F3E6504402580090D00340787D01F2
:104200000080BB00004402582DE9FE4F0546DFF850
:10421000E48350F8081B0024F64FC943019005F1D0
:104220002800264608F12408009008011DD4A86E35
:1042300050B1B0F5801F0CD0B0F5001F0ED0B0F516
:10424000401F1ED001240FE0386840F40030386071
:1042500017E00198022104F059FA03E000980221C6
:1042600004F0E4FA04000CD026462888C043C005B8
:1042700023D4A86D05281ED2DFE800F00C11161B10
:104280001B00AA6ED8F8001021F440111143C8F8A1
:104290000010EAE7386840F40030386009E001981F
:1042A000002104F033FA03E00098002104F0BEFA84
:1042B000044674B100E0012426462888C0438005E6
:1042C00028D4E86D80281ED00CDC90B140280ED197
:1042D00014E0AA6DD8F8001021F007011143C8F8C6
:1042E0000010EAE7C02813D0B0F5807F10D0012479
:1042F0000FE0386840F40030386009E00198002190
:1043000004F004FA03E00098002104F08FFA044658
:104310009CB126462888DFF8DC92C04309F12C09BD
:1043200040052CD4D5F8A800B0F5800F20D00DDCC6
:10433000A0B1B0F5001F0FD115E0EA6DD8F800105C
:1043400021F4E0711143C8F80010E3E7B0F5C00FA5
:1043500013D0B0F5000F10D001240FE0386840F4FE
:104360000030386009E00198002104F0CFF903E043
:104370000098002104F05AFA04467CB126462888A9
:10438000C04300052DD4D5F8AC00B0F1007F21D09A
:104390000EDCA8B1B0F1807F10D116E0D5F8A820CE
:1043A000D9F8001021F460011143C9F80010E6E7C4
:1043B000B0F1407F13D0B0F1806F10D001240FE036
:1043C000386840F40030386009E00198002104F0BA
:1043D0009DF903E00098002104F028FA044674B126
:1043E00026462868C04380011FD4E86CD8B1102845
:1043F0000FD0202812D0302815D0012414E0D5F891
:10440000AC20D9F8001021F0E0611143C9F8001088
:10441000E7E7386840F40030386004E00198022192
:1044200004F074F9044674B126462888C043C004D9
:104430002BD4286EB0F5005F20D00DDCA0B1B0F514
:10444000805F0FD115E06B48EA6C2030016821F0E5
:10445000300111430160E8E7B0F5405F13D0B0F5DB
:10446000804F10D001240FE0386840F400303860ED
:1044700009E00198002104F049F903E000980021C7
:1044800004F0D4F904468CB126462888C043800441
:1044900029D4686EB0F5403F23D010DC08B3B0F5E6
:1044A000803F14D0B0F5003F0FD115E02A6ED8F848
:1044B000001021F4E0411143C8F80010E5E7B0F521
:1044C000802F0ED0B0F5A02F0BD001240AE0019868
:1044D000012104F01BF903E00098012104F0A6F982
:1044E000044694B126462888C04340042AD4D5F80F
:1044F000B000B0F1405F23D010DC08B3B0F1805FB2
:1045000014D0B0F1005F0FD115E06A6ED8F800103A
:1045100021F4E0211143C8F80010E4E7B0F1804F26
:104520000ED0B0F1A04F0BD001240AE00198012178
:1045300004F0ECF803E00098012104F077F9044658
:1045400074B126462888C04300041FD4286FD8B110
:10455000B0F1805F0ED0B0F1005F10D0012414E004
:10456000D5F8B020D9F8001021F0E0411143C9F886
:104570000010E7E7386840F40030386004E0019844
:10458000012104F0C3F8044674B126462868C043EC
:10459000C0011ED4A86CD0B101280ED0022811D0C1
:1045A000032814D0012413E02A6FD8F8001021F05A
:1045B00040511143C8F80010E8E7386840F4003073
:1045C000386004E00198022104F0A0F80446ACB180
:1045D00026462868DFF81CB0C043ABF11C0B400234
:1045E00052D40548016841F480710160FEF71AFC5D
:1045F000824611E02C44025800480258FA48AA6C3E
:10460000016821F0030111430160E2E7FEF70AFCB3
:10461000A0EB0A00642835D8F4480068C005F5D539
:104620008CBBDFF8C4A3B5F8B4100AF1240ADAF899
:10463000000001F4407100F44070884211D0DAF8B3
:104640000010DAF8002021F4407142F48032CAF8F8
:104650000020DAF8002022F48032CAF80020CAF8DC
:104660000010D5F8B400B0F5807F1AD1FEF7DAFB60
:10467000029012E0FEF7D6FB0299411A41F288300F
:1046800081420AD9032426462878DFF85CA3C04378
:104690000AF1080AC00721D03CE0DAF800008007E0
:1046A000E8D5D5F8B410C1F30120032858460DD041
:1046B000016821F47C510160B5F8B420DAF80010EB
:1046C000C2F30B021143CAF80010DDE7C84A0368C1
:1046D00002EA111223F47C511143ECE7E86F182829
:1046E00016D005DCA0B1082808D0102804D10AE0B3
:1046F00020280DD028280BD001240AE001980121A0
:1047000004F004F803E00098012104F08FF8044657
:1047100064B126462878C04380071ED4A86F0628B7
:1047200019D2DFE800F0160C11161616EA6FDAF847
:10473000001021F038011143CAF80010EAE701988F
:10474000012103F0E3FF03E00098012104F06EF87B
:1047500004467CB100E0012426462878C043400787
:104760001FD4D5F89400062819D2DFE800F0160C03
:1047700011161616AA6FDAF8001021F0070111437E
:10478000CAF80010E9E70198012103F0BFFF03E038
:104790000098012104F04AF80446A4B100E0012485
:1047A00026462878C04380062BD4D5F89000B0F177
:1047B000405F24D011DC10B3B0F1805F15D0B0F1B0
:1047C000005F10D116E0D5F89420D9F8001021F040
:1047D00007011143C9F80010E3E7B0F1804F0ED094
:1047E000B0F1A04F0BD001240AE00198002103F0A2
:1047F0008DFF03E00098022104F018F8044694B1FC
:1048000026462878C04340062BD4D5F89C00B0F546
:10481000406F24D011DC10B3B0F5806F15D0B0F527
:10482000006F10D116E0D5F89020DAF8001021F0D2
:10483000E0411143CAF80010E3E7B0F5805F0ED005
:10484000B0F5A05F0BD001240AE00198002103F02D
:104850005DFF03E00098022103F0E8FF044694B1F5
:1048600026462878C04300062BD4D5F8A000B0F522
:10487000C04F24D011DC10B3B0F5005F15D0B0F5F7
:10488000804F10D116E0D5F89C20D9F8001021F403
:10489000E0511143C9F80010E3E7B0F5004F0ED026
:1048A000B0F5204F0BD001240AE00198002103F05D
:1048B0002DFF03E00098022103F0B8FF044654B135
:1048C00026462878C04300071ED4D5F88400B0F5EA
:1048D000805F0AD00FE0D5F8A020D9F8001021F4AD
:1048E00060411143C9F80010EBE70098022103F082
:1048F0009DFF00B10126D5F88420DAF8001021F4DC
:1049000040511143CAF800102878C043C00613D4A0
:10491000D5F89800B0F5807F05D10098022103F00A
:1049200085FF00B10126D5F89820D9F8001021F4B0
:1049300040711143C9F800102868C043000316D421
:10494000D5F8A40038B1B0F5803F09D0B0F5003FEC
:104950000BD001240AE00198002103F0D7FE03E008
:104960000098022103F062FF04468CB126462868B5
:10497000C043400322D4D5F88800B0F5801F11D081
:10498000B0F5001F13D0B0F5401F15D0012414E07E
:10499000D5F8A420D9F8001021F440311143C9F80A
:1049A0000010E4E7386840F40030386004E0009814
:1049B000012103F03BFF04465CB126462868C04352
:1049C000C00323D4286DA8B1B0F5803F17D00124CF
:1049D0001BE0D5F88820DAF8001021F440111143CB
:1049E000CAF80010EAE700004C4402580048025898
:1049F000CFFFFF00386840F40030386004E00198D1
:104A0000022103F083FE0446E4B126462868C04331
:104A1000800005D40098022103F008FF00B10126B0
:104A20002868C04380031BD4D5F88000B0B1B0F52E
:104A3000807F0FD0B0F5007F10D0B0F5407F0DD053
:104A400001240CE05A482A6D016821F48031114399
:104A50000160DBE7386840F400303860ECB326468C
:104A60002868C043C00207D46A6FD8F8001021F04C
:104A700000411143C8F800102868C043C00008D4A2
:104A8000D5F8B820DBF8001021F480411143CBF8B1
:104A900000102868C043800207D4EA6ED8F80010DE
:104AA00021F080711143C8F800102868C04340000D
:104AB0000CD4DBF8001021F40041CBF80010DBF837
:104AC0000010D5F8BC201143CBF800102868C04373
:104AD00008D437486A6D016800E018E021F04051C1
:104AE000114301602868C043000208D4D5F88C2027
:104AF000DAF8001021F440011143CAF800102879B7
:104B00000024C04300F0010020430AD00FE0D5F894
:104B10008020DAF8001021F440711143CAF8001027
:104B20009EE70198002103F0F1FD00B106462879C7
:104B3000C04300F00200204305D10198012103F099
:104B4000E5FD00B106462879C04300F0040020438B
:104B500005D10198022103F0D9FD00B1064628795C
:104B6000C04300F00800204305D10098002103F065
:104B70005DFE00B106462879C04300F010002043D6
:104B800005D10098012103F051FE00B106462879B5
:104B9000C04300F02000044304D10098022103F038
:104BA00045FE00B916B10120BDE8FE8F0020FBE7ED
:104BB0004C4402582DE9F05F04000F467ED0DFF828
:104BC0003882D8F8000000F00F00B8420CD2D8F8B4
:104BD000001021F00F013943C8F80010D8F8000088
:104BE00000F00F00B84269D12078844D40070AD503
:104BF0002069296801F07001884204D9296821F0F0
:104C000070010143296020787C4E361D00070AD5CB
:104C10006069316801F07001884204D9316821F07F
:104C20007001014331602078C0060AD5A06931685F
:104C300001F4E061884204D9316821F4E061014364
:104C400031602078DFF8B4B180060BF1080B0CD589
:104C5000E1695846DBF8002002F07002914204D965
:104C6000026822F070020A430260207880070AD5A9
:104C7000E068296801F00F01884204D9296821F011
:104C80000F01014329602078C0073ED05B49A2682C
:104C90002868183920F47060104328606068022882
:104CA00018D0032819D00968012819D0490700290C
:104CB0004ADADFF848A1AAF1080A00E044E0DAF88D
:104CC000002022F007020243CAF80020FEF7AAF8EB
:104CD000814612E009688903E9E709688901E6E786
:104CE000C905E4E7FEF79EF8A0EB090141F2883020
:104CF000814202D90320BDE8F09F6168DAF8000024
:104D000000F03800B0EBC10FECD1207880070AD555
:104D1000E068296801F00F01884204D2296821F077
:104D20000F0101432960D8F80010404601F00F013F
:104D3000B9420BD9016821F00F01394301600068C5
:104D400000F00F00B84201D00120D4E720784007DE
:104D50000AD52069296801F07001884204D22968C7
:104D600021F0700101432960207800070AD56069AD
:104D7000316801F07001884204D2316821F070017D
:104D8000014331602078C0060AD5A069316801F47A
:104D9000E061884204D2316821F4E061014331606E
:104DA000207880060CD5E1695846DBF8002002F037
:104DB0007002914204D2026822F070020A4302603B
:104DC00000F06CF80E492A682B68C2F3032203F046
:104DD0000F038A5CC95C02F01F0201F01F01D04082
:104DE000084A20FA01F11160074908600748006885
:104DF000BDE8F05FFEF752B8002000521844025898
:104E0000E61E0308C8000020C4000020BC000020EB
:104E100030B500F043F80B4A0B490C4B1568146889
:104E2000C5F3032204F00F048A5C095D02F01F023F
:104E300001F01F01D040064A20FA01F1196010600C
:104E4000084630BD18440258E61E0308C80000207A
:104E5000C400002000B5FFF7DBFF05490968054ADB
:104E6000C1F30211515C01F01F01C84000BD0000F8
:104E70001C440258E61E030800B5FFF7C9FF0549A8
:104E80000968054AC1F30221515C01F01F01C840C5
:104E900000BD00001C440258E61E0308454970B5D9
:104EA00045480968434B103B11F0380208D0011106
:104EB000082A03D0102A0BD0182A0BD0084670BD40
:104EC00019688906FBD51968C1F3C101C84070BDD6
:104ED0003A4870BD3749374D18310C1D24350A68E2
:104EE000096826682D6802F0030406F00102C1F388
:104EF0000511C5F3CC0515FB02F200EE102AB8EE41
:104F0000400AE9B32F4ADFED2E0AB7EE001A6CB162
:104F1000DFED2D1A012C01D0022C43D002EE101A25
:104F20001068F8EE422A81EEA22A1EE01C68A40650
:104F300011D51B6801EE901A1168C3F3C103F8EE96
:104F4000612AD84001EE900AC1F30800F8EE611A18
:104F500081EEA22A0BE001EE901ADFED1C2A00BFC1
:104F6000F8EE611A106882EEA12AC0F3080001EE83
:104F7000900AF8EE611A40EE201A31EE810A00E044
:104F800015E022EE000A1068C0F34620401C00EE37
:104F9000900AF8EE600A80EE201ABCEEC10A10EE0C
:104FA000100A70BD01EE901ADFED092AD8E7002043
:104FB00070BD0000104402580090D00340787D017D
:104FC00000000039304402580024744A0024744C14
:104FD00020BCBE4B2DE9F05F04007DD0FF4F207850
:104FE000FE4D1837DFF8F493103DC00748D0D9F8CC
:104FF0000000396800F03800102815D0182803D1B7
:1050000001F0030002280FD06068B0F5803F12D095
:1050100010B1B0F5A02F18D0286820F48030286097
:10502000286820F4802009E02868800328D560687B
:105030000028D2D024E0286840F4803028606068DE
:1050400088B1FDF7EFFE064609E0286840F48020AD
:105050002860F0E7FDF7E6FE801B64286FD828681B
:105060008003F7D50CE0FDF7DDFE064605E000BF46
:10507000FDF7D8FE801B6428F0D828688003F7D499
:10508000207841F20308D54E0C3E800769D5D9F847
:105090000000396810F038000ED0182801D18807B8
:1050A0000AD0E06890B3296821F019010143296012
:1050B000FDF7B8FE824631E02868400702D5E06877
:1050C00000288AD0E168286820F019000843286089
:1050D000FDF7A8FE824607E0DFE000BFFDF7A2FE75
:1050E000A0EB0A000228B9D828684007F6D500BF0F
:1050F000FDF792FE40451BD82069402812D0316848
:1051000021F47C3141EA003030602AE018E000BF31
:10511000FDF788FEA0EB0A0002289FD82868400708
:10512000F6D5E5E7306820F47C3040F40030EBE75A
:10513000207C316821F0FE4141EA0060E4E70DE1A6
:10514000286820F001002860FDF76CFE824605E02B
:10515000FDF768FEA0EB0A0002288DD828684007FA
:10516000F6D42078C0065DD5D9F80000DFF86CB21F
:10517000396800F03800ABF1040B082810D018286B
:1051800003D101F0030001280AD0E0690028286853
:1051900038D040F080002860FDF744FE824623E0CE
:1051A0002868C00523D5E069802876D11FE0206AF1
:1051B000202821D0316821F0F84141EA8060306038
:1051C00030E000BF94F82010DBF8002022F07C5281
:1051D00042EA0161CBF8001024E000BFFDF722FE97
:1051E000A0EB0A00022898D82868C005F6D5FDF77C
:1051F00013FE4045E6D8DAE7306820F0F84040F08A
:105200008040DCE720F080002860FDF70BFE0646BA
:1052100005E000BFFDF706FE801B02289DD8286828
:10522000C005F7D42078000729D56C48616964303F
:1052300000298046016811D041F001010160FDF7AD
:10524000F1FD064605E000BFFDF7ECFD801B0228DE
:10525000C9D8D8F800008007F6D510E021F0010188
:105260000160FDF7DFFD064605E000BFFDF7DAFD52
:10527000801B022872D8D8F800008007F6D4207866
:10528000800623D5A0690028286810D040F48050FB
:105290002860FDF7C7FD064605E036E1FDF7C2FDD3
:1052A000801B02285AD828688004F7D50EE020F425
:1052B00080502860FDF7B6FD064604E0FDF7B2FD1C
:1052C000801B02284AD828688004F7D42078400739
:1052D0004FD5DFF80C81D8F8001041F48071C8F880
:1052E0000010FDF79FFD064605E000BFFDF79AFDA3
:1052F000801B642832D8D8F80000C005F6D5374E98
:10530000A068603601280AD008B1052813D030689B
:1053100020F001003060306820F0040002E03068C6
:1053200040F001003060A06841F2883A90B1FDF78A
:1053300079FD80460AE0306840F004003060EEE716
:10534000FDF770FDA0EB0801514507D830688007D4
:10535000F6D50EE0FDF766FD804607E084E000BF6D
:10536000FDF760FDA0EB080151457DD8306880074E
:10537000F6D4606AB0B3DFF86480D9F8001008F1A1
:1053800020084FF6F87B08F10409C1F3C201032994
:10539000A8F1040A69D00228286820F080702860EB
:1053A00003D0FDF73FFD044684E0FDF73BFD0646D4
:1053B00005E000BFFDF736FD801B022877D828687E
:1053C0008001F7D4E26A40F2F331386854F8283F9C
:1053D000884340EA02101843386004E01044025841
:1053E00000480258B5E0217B434622894FF4FE0C69
:1053F000208A4FF0FE474902267D521E401EA1F52D
:105400000071C2F308088AB2761E0CEA004042EA34
:1054100008020243504607EA06610A431A60DAF8B6
:10542000002022F00102CAF80020D9F80020266AE4
:1054300022EA0B0242EAC602C9F80020DAF800109C
:10544000A26921F00C011143CAF800100168E26959
:1054500021F0020111430160016841F480310160D3
:10546000016841F4003101E021E027E001600168BA
:1054700041F480210160016841F001010160286868
:1054800040F080702860FDF7CDFC044605E000BFC9
:10549000FDF7C8FC001B022809D828688001F7D551
:1054A00057E000BFFDF7BEFC001B022802D9032015
:1054B000BDE8F09F28688001F4D44AE039680128EB
:1054C000D8F8000021D0A26A01F0030393421CD156
:1054D000E26AC1F305118A4217D1216BC0F30802B9
:1054E000491E8A4211D1616BC0F34622491E914286
:1054F0000BD1A16BC0F30642491E914205D1E16B6D
:10550000C0F30660491E814201D00120D0E7A16CA2
:105510004E46D9F80000C0F3CC00814219D0DAF829
:105520000000554620F00100CAF80000FDF77AFCA3
:105530004FEA0007FDF776FCB842FBD0A26C30685A
:1055400020EA0B0040EAC2003060286840F0010009
:1055500028600020ACE7000070B504004FF00100A7
:1055600041D094F8210028B9002084F8200020467A
:1055700000F042F8022084F821002068C168C94385
:10558000C90631D5CA2242625321206841622046B1
:1055900003F0DCF918BB2068164A8168114081606D
:1055A000D4E90003A569226981682A43194311439C
:1055B000816022682189E06840EA0140106120464C
:1055C00003F0E8F958B92168CA6C22F00302CA64F2
:1055D00022686369E169D56C19432943D164226863
:1055E000FF21516208B170BD0020012184F8211013
:1055F00070BD0000BFFF8FFF10B5B0B00446C021E2
:105600006846FAF7B1FE0B492068884210D10102C2
:1056100000208A132D92CDE900106846FEF7F4FDB4
:1056200008B1FBF752FC0448016841F400410160F5
:1056300030B010BD004000587044025870B5016889
:1056400004460B48C860FDF7EDFB4FF47A7605463B
:1056500007E000BFFDF7E6FB401BB04201D9032085
:1056600070BD2068C0688006F4D5002070BD0000C1
:105670005FFF030070477047704770472DE9F041A6
:105680000446032084F830004FF480732A4A4FF414
:1056900000784FF0000541B1012927D002290ED032
:1056A000606B012540F000601AE0A06D404504D019
:1056B000984202D0A06B012813D1114608E0A06DDA
:1056C0004045FAD09842F8D0A06B0128F5D003E00D
:1056D000204603F035FF20B1606B012540F080507B
:1056E0006063FDF79FFB0126074608E01249491E4B
:1056F000EEE700BFFDF796FBC01B401C15D020460F
:1057000000F0C2F90428F5D12068414603F0A3F95E
:1057100030B12268012509499163616B01436163DE
:1057200084F830602846BDE8F0814FF000406063A7
:1057300084F830600320F6E701FFFF80FF0FE01FD1
:105740002DE9FC5F0446806B0E46032184F830107F
:10575000002703285CD0B6F5004F59D0B6F5804F2E
:105760004FF000054FF400684FF0806904D006B395
:10577000606B40F000603FE00095002101952068DB
:1057800003F09EFC80011CD46946204603F0D0FC47
:1057900070BB019840032DD5B4F84410206809046B
:1057A00003F028F920BB206802211DE0606B28432C
:1057B00022E0009500210195206803F081FC800122
:1057C00001D54546F2E76946204603F0B1FC78B9B9
:1057D0000198C0030ED5B4F844102068090403F002
:1057E00009F928B92068002103F04EF90028DDD01E
:1057F0000546DBE74D46D9E76063606B4FF4007BFD
:10580000DFF8B8A040B121680127C1F838A042E014
:10581000606B40F08050EFE700214FF48030FEF7DE
:105820008FFB010032D0264D3346D4E904C0B1FBD2
:10583000F5F8D4E90192804510D9A66D5E450DD0EA
:10584000B6F5807F11D04FEA6506E0B14FEA400817
:10585000B1FBF8F8B04501D9B1FBF5F04946CDE907
:1058600000C0206803F030FC15E0164E30B14FEA5E
:105870004008B1FBF8F8A84502D8EFE7A942EDD9F6
:10588000B1FBF6F0EAE7B142E6D8E7E7606B012743
:1058900040F0006060632068594603F0DCF830B1E6
:1058A00022680127C2F838A0616B014361630120BF
:1058B00084F830003846BDE8FC9F0000FF0FE01F71
:1058C00080F0FA0200E1F50570470000F0B5C26D06
:1058D000920F0A70C26DC2F383624A70C26DC2F346
:1058E00001628A70C26D120CCA70B0F85C20120A94
:1058F0000A7190F85C204A71026E120DCA80026E25
:10590000C2F303420A72B0F86020C2F3C0324A7296
:10591000B0F86020C2F380328A72B0F86020C2F31F
:105920004032CA72B0F860200026C2F300320A7317
:105930004E730122836B4FF4007463B1012B3AD094
:10594000036850499963416B41F08051416380F88D
:1059500030200120F0BDB0F86030456E9B051B0D76
:1059600043EA95730B61436EC3F3C2630B75436ED9
:10597000C3F302634B75436EC3F342538B75436E9F
:10598000C3F38243CB75436EC3F3C2330B760D6909
:105990006D1C85640B7E03F007039B1C9D40856492
:1059A0000B7A446503F00F0302FA03F35F0A7D43A9
:1059B000C0E913350EE090F86050436EAD06AD0AB5
:1059C00045EA13430B610B695B1C9B028364C0E9CE
:1059D00013434465B0F86430C3F380334B76B0F8BA
:1059E0006430C3F3C6138B7690F8643003F07F0302
:1059F000CB76836EDB0F0B77836EC3F341734B77EC
:105A0000836EC3F382638B77836EC3F38353CB7749
:105A1000836EC3F3405381F8203081F82160836E98
:105A2000C3F3004381F82230B0F86830C3F3C033C9
:105A300081F82330B0F86830C3F3803381F8243024
:105A4000B0F86830C3F3403381F82530B0F86830DF
:105A5000C3F3003381F82630B0F86830C3F38123F4
:105A600081F82730B0F86830C3F3012381F828307B
:105A700090F86800C0F3460081F8290081F82A20D8
:105A80000020F0BDFF0FE01F70B5B0F844100025F6
:105A900004460068090403F0E4F818B1616B01439F
:105AA000616304E02068002103F00AFB0546C5F3AA
:105AB000432070BD2DE9F041054690F8300090B0CC
:105AC0000C460026032810D06946284603F0C6FC81
:105AD0002A4F4FF0010860B12A68012697636A6B6C
:105AE00002436A6385F8308039E0012010B0BDE8D8
:105AF000F08100994FF47F40C1F38111217000992A
:105B0000C1F340116170009900EA112242EA11616B
:105B10006180019909BA6160029921720299090AAA
:105B200061720299C1F30351A172DDE9022100EA19
:105B30001240C9B20843A0810398C0F38520A07326
:105B40000398C0F30120E0730398C0F3031020749E
:105B5000039800F00F0060740498000EA074286889
:105B60004FF4007102F077FF28B12A68012697638D
:105B7000686385F830803046B8E70000FF0FE01F0B
:105B80002DE9F84304460068E56A416B09041BD51A
:105B9000290719D5D4E90950202813D300262068F5
:105BA00003F0A8FA020A2870010C6A70030EA970AB
:105BB000761CEB70082E05F10405F0D3A06A20389E
:105BC000C4E90950BDE8F883416B0127DFF8EC8197
:105BD0000026C90551D539024CF23A1281632907D2
:105BE0002068C16B21EA0201C1632068C16B21F00A
:105BF0008051C1632068C16821F04001C16018D59F
:105C000015F0220F09D0206803F078F828B1616BF5
:105C1000014361632046FFF757FE2168AA07C1F8D8
:105C2000388084F83070E66223D1204600F0BCFA58
:105C3000C8E72806C6D5206815F0220F86622068BE
:105C4000C6622068066509D0206803F057F828B1BD
:105C5000616B014361632046FFF736FE15F0300F9C
:105C600084F83070E66202D0204600F09DFAA80762
:105C7000A8D0204600F08CFAA4E7416B490421D556
:105C800029071FD5D4E9075020289BD30026287860
:105C90000090697840EA01200090A97840EA01402C
:105CA0000090E9782D1D40EA016000902068694667
:105CB00003F038FA761C082EE9D3206A2038C4E9AC
:105CC00007507FE7416B11F03A0F416B58D08907BD
:105CD00003D5616B41F002016163416B090703D594
:105CE000616B41F008016163416B890603D5616B0B
:105CF00041F020016163416BC90603D5616B41F03E
:105D000010016163C0F838802068C16B21F49D7177
:105D1000C1632068C16821F04001C1602068C16A88
:105D200041F40051C1622068C16841F08001C16046
:105D3000206802F0E3FF626B2B074FF4006140EA3A
:105D4000020060632068C26822F08002C26020689E
:105D5000816303D584F83070E6620DE028068BD5A8
:105D6000606B002888D02068C16B21F08051C1632E
:105D70002068066584F830702046FFF7A5FD21E70E
:105D8000C9009ED54FF0805181632068006D4007A7
:105D90004FEA856008D40028204602DAFFF76DFC40
:105DA00010E7FFF768FC0DE70028204602DAFFF74E
:105DB00063FC07E7FFF75EFC04E700003A0F0018FA
:105DC000F0B5040085B020D094F83000002518B953
:105DD0002046257600F098F8042084F8300020460C
:105DE00000F03CF888B969462046FFF763FE60B9C9
:105DF0009DF81010A26B9DF81100012A08D0A5652E
:105E00002046E168FFF79CFC58B1012005B0F0BDC9
:105E1000014302D04FF4007001E04FF48070A065A0
:105E2000EEE7FCF7FFFF0127064604E0FCF7FAFF68
:105E3000801B401C0AD02046FFF726FE0428F5D11F
:105E40006563E56284F830700020DFE74FF00040C2
:105E5000606384F830700320D8E700002DE9FC412E
:105E60004FF0000804464FF480304146FEF768F8D2
:105E700005004FF0010723D02048434642464146E3
:105E8000B5FBF0F6CDE90086206803F01DF9206827
:105E900003F02AF91EB17000B5FBF0F52DB11848DA
:105EA000B0FBF5F0401CFCF7B5FD204603F07CFA92
:105EB00060B100BF84F83070616B0143616319E029
:105EC0004FF0006084F83070606313E0204603F008
:105ED000A1F90028EED120684FF4007102F0BBFD5B
:105EE000002808D0226807499163616B0143616310
:105EF00084F830700120BDE8FC81000000350C0002
:105F000010210100FF0FE01FF0B5B7B004461421C7
:105F100030A8FAF729FAC0216846FAF725FA274986
:105F20002068884247D1002014904FF48031044605
:105F3000CDE900106846FEF767F908B1FAF7C5FF2A
:105F40001F48016841F480310160006800F480302E
:105F500035901B480C30016841F004010160016874
:105F600001F004013591016841F008010160006809
:105F7000022532AA00F0080035904FF4F850CDE920
:105F8000300503260F480C2782E8D00030A9FCF723
:105F90001FFE042032AACDE930050B4830A982E863
:105FA000D000FCF715FE002231201146FDF708F85D
:105FB0003120FCF7F7FF37B0F0BD00000070005251
:105FC000D444025800080258000C02582DE9F04F42
:105FD00087B0994617460D460446FCF723FF069006
:105FE0003DB194F83000012807D0606B40F00050BC
:105FF0000DE0606B40F0006009E0226D002007EBCF
:1060000009016063914204D9606B40F000706063E5
:10601000A8E0032184F830102168C862A16B01292F
:1060200000D07F024FF0020ACDE903A090264FF086
:10603000FF324FEA492305908DE84C0080462068E6
:10604000694602F0D3FE2068B9F1010F4FF0010656
:10605000C16841F04001C16006D9C4F82CA039469E
:10606000206802F069FD04E0E6623946206802F02B
:106070007DFDDFF814A150B12368C3F838A0616B2F
:106080000143616384F83060C4F82C806AE0DDF875
:1060900004B01FE0406B000414D5BBF1200F11D3F6
:1060A0000027206803F026F8020A2870010C6A70A5
:1060B000030EA9707F1CEB70082F05F10405F0D3C7
:1060C000ABF1200BFCF7AEFE0699411A1098814205
:1060D00021D200B32068416B11F4957FDAD0C168FA
:1060E00021F04001C1602068416BC90522D5B9F19A
:1060F000010F1FD9A16B03291CD002F0FFFDC8B10D
:106100002368C3F838A0626B0243626384F830608E
:10611000C4F82C8026E02268C2F838A0606B40F0FA
:106120000040606384F83060C4F82C80032007B01E
:10613000BDE8F08F2068416B090706D5C0F838A08C
:10614000616B404641F0080108E0416B89070BD5BF
:10615000C0F838A0616B404641F00201616384F8E9
:106160003060E0620120E2E7416B890606D5C0F8A5
:1061700038A0616B404641F02001EFE7034981639D
:1061800084F830600020D2E7FF0FE01F3A0F0018BC
:10619000044910B5884201D0012000E00020FAF740
:1061A0003DFD10BDC8120020044910B5884201D041
:1061B000012000E00020FAF749FD10BDC8120020C0
:1061C0002DE9F04F89B09A4616460D460446FCF775
:1061D00029FE06903DB194F83000012807D0606B8D
:1061E00040F000500DE0606B40F0006009E0226D6F
:1061F000002006EB0A016063914204D9606B40F015
:1062000000706063B2E0032184F830102168C86236
:10621000A16B012900D076024FF0FF314FEA4A22EC
:10622000059090230490CDE90230CDE9001280461C
:106230002068694602F0DAFD2068C168BAF1010FF2
:1062400041F04002C26006D92020E0622068314659
:1062500002F098FD05E01020E0622068314602F06F
:10626000ABFDDFF830B106004FF001090AD023681A
:10627000C3F838B0606B3043606384F83090C4F882
:106280002C8073E00198089027E0406B40041CD5F7
:106290000898202819D3002728780790697840EAC1
:1062A00001200790A97840EA01400790E9782D1D68
:1062B00040EA01600790206807A902F033FF7F1CC5
:1062C000082FE9D3089820380890FCF7ABFD069911
:1062D000411A1298814221D200B32068416B11F417
:1062E0008D7FD2D0C16821F04001C1602068416B30
:1062F000C90521D5BAF1010F1ED9A16B03291BD005
:1063000002F0FCFCC0B12568C5F838B0616B0143F0
:10631000616384F83090C4F82C8027E02368C3F8C8
:1063200038B0626B3243626384F83090C4F82C80DA
:10633000032009B0BDE8F08F2068416B090707D53D
:106340004946C0F838B0626B404642F0080209E0A6
:10635000416B89070CD54946C0F838B0626B40469E
:1063600042F00202626384F83010E0620120E0E74C
:10637000416BC90607D54946C0F838B0626B404644
:1063800042F01002EEE7044A826384F83090002065
:10639000CFE70000FF0FE01F3A0F00187047000022
:1063A0002DE9F041044600680021026943698768CD
:1063B00094F8816002EA03055FEA035C0AD51207DC
:1063C00008D5816941F400618161204600F017FA27
:1063D000BDE8F08115F0600F08D1680706D5616F40
:1063E00020468847216F20468847012105F041005B
:1063F000012805D1680703D4216F20468847012171
:1064000005F02200022806D1680704D4616F2046F7
:10641000BDE8F04108470029DAD128074FF001080C
:1064200059D52068816941F008018161206881693E
:1064300041F0100181612068816941F4006181614E
:106440002068016921F0080101612068806810F46A
:10645000404F1ED021E0E0680F2806D92068616E09
:10646000006B0860606E001D0DE0616E07282068FB
:1064700004D9008E0880606E801C04E090F8300023
:106480000870606E401C6066B4F86A00401EA4F894
:106490006A00B4F86A000028DDD1204603F0CCF889
:1064A00084F88180D4F8840018B12046FFF776FF85
:1064B0008EE7052E07D0042E09D0032E88D1204662
:1064C00000F0BAFA84E7204600F0B7FA80E72046E9
:1064D00000F094F97CE715F4587FE9D068060AD5F6
:1064E000D4F8840040F00400C4F884002068816976
:1064F00041F040018161A8050AD5D4F8840040F03C
:106500000100C4F884002068816941F40071816150
:10651000E8050AD5D4F8840040F00800C4F88400E7
:106520002068816941F480718161A8060AD5D4F898
:10653000840040F08000C4F884002068816941F044
:1065400020018161D4F884000028B1D0206840F295
:106550006B32C7F381310368032923F00101016025
:106560002068016921EA0201016102D084F881807A
:106570009BE72068104D816821F440418160E06F05
:1065800050B10565E06FFBF7ADFB28B1D4F884008E
:1065900040F04000C4F88400A06F002888D0056552
:1065A000A06FFBF79FFB00288CD0D4F8840040F04C
:1065B0004000C4F884000BE7F59600082DE9F04789
:1065C000040029D0594A4FF000092068584B594D12
:1065D0009042C4F8289006D0984204D0A84202D035
:1065E000E1680F2918D8E1684FF0010AE76B08311C
:1065F000C9080AEB57167143904205D0984203D060
:10660000A84201D0082907D8904203D0984201D06F
:10661000A84204D1102902D90120BDE8F08794F8DE
:10662000810020B9204684F8809000F085F802208F
:1066300084F881002068016821F001010160206870
:10664000A1698268B1F1806F02F4F81110D162681B
:10665000B2F5800F01D01AB10AE0A26B22B107E0B7
:10666000A26BB2F1805F03D1026842F480520260F3
:106670006068400209D5E068072806D32068236DCA
:10668000026822F480721A4303E02068026822F450
:1066900080720260A66AE069E26B25683043E368B5
:1066A0000A4310431843A860D4E90D02D4E90581D8
:1066B000636A25691843D4F820C00A43266810434A
:1066C0002843A56DD4E90172D4E9123140EA0800EB
:1066D00040EA0C0038430843104318432843F06055
:1066E000606868B92068816821F4C05141F4006194
:1066F00081602068816821F4C06141F4806181601B
:106700002068016D21F0010101656068400206D535
:106710002068626DC16821F000411143C160C4F876
:10672000849084F881A0002077E7000000300140C9
:1067300000380040003C0040F0B5B7B004461421DA
:1067400030A8F9F711FEC0216846F9F70DFE274978
:106750002068884248D14114002019900446CDE9B0
:1067600000106846FDF750FD08B1FAF7AEFB20486F
:10677000016841F400510160006800F40050359058
:106780001B481038016841F010010160006830AD0D
:106790000221184F00F0100035904FF4B04005234F
:1067A00085E8130003223846CDE9332330A9FCF7EE
:1067B0000FFA002254201146FCF702FC5420FCF78B
:1067C000F1FB01260C484FF400453095CDE93164CA
:1067D00030A93394FCF7FCF9309530A9CDE9316448
:1067E00038463394FCF7F4F937B0F0BD003401407B
:1067F000F044025800100258000C025870477047CD
:106800002DE9F84F994617468A460446FCF70AFBDD
:10681000064694F88100012839D1BAF1000F7CD0E6
:10682000002FFCD094F88000012830D0A268002509
:106830004FF0010884F88080032184F88110C4F8A7
:106840008450C4F85CA06566A4F868506567256745
:106850002C34B2F5C02FA786E786E58754F82C0DB7
:1068600018D0C16821F4C02141F40031C160206812
:1068700041686FF30F01394341602068016841F0BE
:10688000010101606068B0F5800F08D00CE00220C3
:10689000BDE8F88F016841F400610160E7E7206816
:1068A000016841F400710160E0680F281CD820E005
:1068B0002068416989070BD5E16D09680162E06DC7
:1068C000001DE065B4F86200401EA4F862000BE011
:1068D000FCF7A8FA811B494503D3B9F1FF3F03D068
:1068E0009BE0B9F1000F31D0B4F862000028DFD18D
:1068F00077E007282ED870E02068416989071DD508
:10690000B4F8621001290DD9E16B59B1E16D096844
:106910000162E06D001DE06500E07CE0B4F862001B
:10692000801E08E0E16D09880184E06D801CE0654F
:10693000B4F86200401EA4F862000BE0FCF772FAA3
:10694000811B494503D3B9F1FF3F03D065E0B9F19D
:10695000000F62D0B4F862000028CDD141E0206879
:10696000416989072DD5B4F8621003290CD9E16B70
:10697000402909D9E16D09680162E06D001DE065FB
:10698000B4F86200001F19E0B4F8621001290BD9B5
:10699000E16B49B1E16D09880184E06D801CE0651F
:1069A000B4F86200801E09E0E16D097880F82010DB
:1069B000E06D401CE065B4F86200401EA4F862007F
:1069C0000BE0FCF72FFA811B494503D3B9F1FF3FD8
:1069D00003D022E0B9F1000F1FD0B4F86200002804
:1069E000BDD100224B4608212046009602F06EFFE2
:1069F00028B1D4F8840040F02000C4F88400204678
:106A000002F01AFE84F88180D4F8840084F8805063
:106A100000283FF43DAF01203AE7204602F00CFE8B
:106A2000D4F8841084F8805041F48071C4F8841044
:106A300084F8818003202BE770477047024A13686F
:106A400083430B431360704704040058401EB0F1A9
:106A5000807F10B501D3012010BD4FF0E0246061AC
:106A60000F21601705F089FC0020A061072121613A
:106A700010BD704770477047F0B590F83C20012A70
:106A80003BD01F4E012480F83C40022280F83D207C
:106A900002681C4D5368B242D2F808C001D0AA4225
:106AA00003D14F6823F470033B430F6823F0700356
:106AB0001F4357600268B24213D0B2F1804F10D02A
:106AC000114B9A420DD0114B9A420AD0104B9A4268
:106AD00007D0AA4205D00F4B9A4202D00E4B9A42E1
:106AE00004D189682CF0800319439160002180F85B
:106AF0003D4080F83C100846F0BD0220F0BD00008B
:106B00000000014000040140000400400008004073
:106B1000000C0040001800400040014010B5040087
:106B200003D094F83D0010B107E0012010BD002013
:106B300084F83C00204600F023F8022084F83D0051
:106B40002068211D02F0CAFF012084F8480084F863
:106B50003E0084F83F0084F8400084F8410084F847
:106B6000420084F8430084F8440084F8450084F827
:106B7000460084F8470084F83D00002010BD000066
:106B800008B50068154988420FD11548016841F0E1
:106B90000101016000680022012100F00100009065
:106BA0001920FCF70DFA192012E0B0F1804F13D133
:106BB0000B480838016841F00101016000680022BB
:106BC000114600F0010000901C20FCF7F9F91C2090
:106BD000BDE80840FCF7E6B908BD00000000014030
:106BE000F044025890F83D10012901D0012070476F
:106BF000174A022180F83D100168CB6843F0010379
:106C0000CB600068904214D0B0F1804F11D0114990
:106C100088420ED0104988420BD01049884208D0D3
:106C20000F49884205D00F49884202D00E49884258
:106C300007D181680D4A1140062906D0B1F5803F81
:106C400003D0016841F0010101600020704700009D
:106C5000000001400004004000080040000C00401B
:106C600000040140001800400040014007000100FE
:106C700070B5044690F83C000025012814D03A4B2A
:106C8000012684F83C60022084F83D002268906868
:106C9000184020F47F409060086870282FD010DCE6
:106CA00010F00F0F03D022E04FF0020070BD4FEA4A
:106CB0002012072A1BD2DFE802F0535353534B39FB
:106CC0004100B0F1101F4BD009DCB0F5805F0FD050
:106CD000B0F5005F1ED0B0F5801F08D140E0A0F5F0
:106CE000801120393CD010293AD0202938D00125F4
:106CF00084F83D60002084F83C00284670BD4A6856
:106D00002068D1E9021302F04FFF2068816841F04A
:106D1000770109E04A682068D1E9021302F044FFD4
:106D20002068816841F480418160E1E7CA68496870
:106D3000206802F04DFF2068502106E0CA684968CB
:106D4000206802F056FF2068602102F037FFCFE78D
:106D5000CA684968206802F03BFF20684021F4E7D8
:106D6000226801461046F0E788FFCEFF70472DE904
:106D7000F041044600680027C6680569A90713D5D5
:106D8000B10711D5FA1E02610121217720688069BF
:106D90008007204602D0FFF7E9FF04E000F08BF8FF
:106DA000204600F089F82777680716D5700714D5B4
:106DB000226802206FF00401116120772068806949
:106DC00010F4407F204602D0FFF7D0FF04E000F02F
:106DD00072F8204600F070F82777280715D530079D
:106DE00013D5226804206FF0080111612077206814
:106DF000C0698007204602D0FFF7B8FF04E000F02A
:106E00005AF8204600F058F82777E80616D5F0061D
:106E100014D5226808206FF01001116120772068D6
:106E2000C06910F4407F204602D0FFF79FFF04E0C6
:106E300000F041F8204600F03FF82777E80708D037
:106E4000F00706D021686FF001000861204600F0CD
:106E500035F8280601D4A80408D5300606D52168DF
:106E60006FF4025008612046FFF704FEE80508D5DC
:106E7000300606D521686FF4807008612046FFF760
:106E8000F8FD680608D5700606D521686FF0400049
:106E90000861204600F0AEF8A8060AD5B00608D56D
:106EA00021686FF0200008612046BDE8F041FFF73F
:106EB000E2BDBDE8F08170477047000038B5054677
:106EC0000068454CB0F1804F0DD1444801230022A9
:106ED00004F1080125F020F9207820B104F11D010A
:106EE0004879401C48713E49286888423DD1207845
:106EF00000283AD0A0889FED3B0A1E2836D036489D
:106F00000522A1781830017094ED041AFCEEC10A34
:106F100010EE901AC9B2417000EE901AF8EE600AB5
:106F200071EE600A60EE800AFCEEE00A10EE901A44
:106F3000817094ED051AFCEEC10A10EE901AC9B2E8
:106F4000C17000EE901AF8EE600A71EE600A20EE51
:106F5000800ABCEEC00A10EE101A017101462248E8
:106F600026F0BEFBA088401CA08038BD0022A28075
:106F70001E4BEE25E088A178195494ED041A411DAA
:106F80001844FCEEC10A8BB2B3F5967F10EE901A4E
:106F9000C9B2417000EE901AF8EE600A71EE600A14
:106FA00020EE800ABCEEC00A10EE101A8170C57087
:106FB0000571E38000D3E28000230092064AE18855
:106FC0000A48083229F0E0FDBDE8384008484FF48F
:106FD0000051FBF713BF000000000020100E00203E
:106FE000000001400000C84274640020100C002022
:106FF00000080258704730B590F88410012918D065
:10700000012280F884202421C0F888100022202446
:1070100001680B680D6823F0005325F001050D6031
:10702000426601680B60C0F8884080F884201046F2
:1070300030BD022030BD70B50446D0F88C0000256C
:10704000202801D0022070BD69B162B10123E3663E
:1070500000202067204603F02BFBE06E012804D0BF
:107060000125284670BD012070BD216810200862EE
:10707000216851E8000F40F0100041E80002002AAA
:10708000F6D1EEE7FEB5234A05460068904240D1AE
:1070900021480068C269920701D502220262FF29D5
:1070A0004FF480760BD9192114201CA200F0A4FC07
:1070B0001E4834463146F9F757F9224611E0481E7A
:1070C000FF2824D2194C00200422605418A1204625
:1070D000F9F780F960B122461921002000F08CFCFC
:1070E0003246284603B01149BDE8F040FFF7A3BF80
:1070F00011480290411E821EC31ECDE90021021FCD
:10710000201D0EA1F9F776F9084A9621E5E703A2BA
:10711000E2E7FEBD0010014074640020425546467F
:1071200045522069732066756C6C2100100B00209D
:1071300074696D6500000000210000202532686838
:1071400075253268687525326868752532686875F6
:107150003A25326868750000704770B5044690F8AB
:10716000840001281DD0012284F884202420C4F842
:10717000880020680568026822F001020260206829
:10718000826822F060620A438260204602F044FD79
:107190002268202100201560C4F8881084F884003B
:1071A00070BD022070BD70B5044690F884000128BF
:1071B0001DD0012284F884202420C4F8880020688F
:1071C0000568026822F0010202602068826822F0ED
:1071D00060420A438260204602F01EFD22682021A0
:1071E00000201560C4F8881084F8840070BD022067
:1071F00070BD7047704770472DE9F0410768002562
:10720000044640F60F030226F8693968BA68184246
:107210000AD183067ED501F0200302F0805C53EA98
:107220000C0377D0616F7EE1D44BDFF854C3134079
:1072300001EA0C0C53EA0C0C6CD05FEAC07C0CD059
:107240005FEAC15C09D54FF0010CC7F820C0D4F843
:10725000907047F00107C4F89070870709D5D707E9
:1072600007D027683E62D4F8906046F00406C4F860
:10727000906046070AD5D60708D0276804263E62E4
:10728000D4F8906046F00206C4F8906006070CD56A
:1072900001F020061E4308D0266808233362D4F884
:1072A000903043F00803C4F8903003050BD54B0130
:1072B00009D526684FF400633362D4F8903043F068
:1072C0002003C4F89030D4F89030002B3DD08006D5
:1072D00009D501F0200002F08051084303D0616F0E
:1072E00009B1204688472168D4F89000896849068A
:1072F00002D410F0280F2AD0204602F071FD206839
:10730000806840061ED52068083050E8001F21F034
:10731000400100E021E040E80012002AF3D1D4F857
:10732000800078B197490165D4F88000FAF7DAFC5B
:1073300000280AD0D4F88000016D00E02046BDE8A6
:10734000F04108472046FFF756FFBDE8F081204690
:10735000FFF751FFC4F89050F7E7D4F86CC0202332
:10736000BCF1010F7ED15FEAC06C7BD55FEAC16CD6
:1073700078D51020386220688068400673D5D4F82C
:10738000802081491068884234D07F491831884272
:1073900030D07D49303188422CD07B4948318842F9
:1073A00028D079496031884224D0774978318842A1
:1073B00020D07549903188421CD07349A831884249
:1073C00018D07249884215D070491831884211D0BE
:1073D0006E49303188420DD06C494831884209D01D
:1073E0006A496031884205D068497831884201D0C5
:1073F0006649903140684FF480770004000C40D01B
:10740000B4F85C1081423CD9A4F85E00D069B8425F
:107410002FD0216851E8000F20F4807041E800026D
:10742000002AF6D12068083050E8001F21F0010141
:1074300040E80012002AF5D12068083050E8001F0B
:1074400021F0400140E80012002AF5D1C4F88C3048
:10745000E566206850E8001F21F0100140E80012A6
:10746000002A01E04AE019E0F3D1D4F88000FAF7ED
:1074700089FA2667B4F85C00B4F85E10401A81B24D
:1074800008E0B4F85C1081427FF466AFD069B8427E
:10749000FAD126672046FFF7F5FD56E7B4F85C0001
:1074A000B4F85E10B4F85E20401A81B2002AF4D01D
:1074B0000029F2D0226852E8000F20F4907042E8D0
:1074C0000007002FF6D1324F206800F1080050E885
:1074D000002F02EA070240E8002CBCF1000FF3D1B4
:1074E000C4F88C30E5666567226852E8000F20F02A
:1074F000100042E80003002BF6D1CAE7C60209D506
:10750000560207D54FF4801038622046BDE8F0419E
:10751000FFF770BE06060AD501F0800602F40002ED
:10752000164304D0A16F00297FF408AF0DE742068F
:1075300011D54A060FD52046016851E8002F22F0E8
:10754000400241E80024002CF6D1C0F8883085675D
:1075500000F065F9F9E6020206D54A0004D5204696
:10756000BDE8F041FFF745BEC00196D5002994DA89
:107570002046BDE8F041FFF7EFBD0000010000101C
:1075800020010004CF9D00081000024010040240BA
:10759000FEFFFFEF10B5040003D0D4F8880010B14F
:1075A00007E0012010BD002084F88400204600F090
:1075B00027F82420C4F888002068016821F0010120
:1075C0000160A06A10B1204602F048FB204602F09C
:1075D00099FE0128E6D02068416821F4904141607D
:1075E0002068816821F02A0181602068016841F0EB
:1075F000010101602046BDE8104002F093BB00008D
:107600002DE9F043B7B00746142130A8F8F7ACFED7
:10761000C0216846F8F7A8FE5049022538680024C2
:107620004C4E4FF00708DFF8309188425CD10020C3
:107630001F940121CDE900106846FCF7E5FD08B173
:10764000F9F743FC43481030016841F01001016034
:10765000006800F010003590306840F001003060A4
:10766000306803224FF4C06100F00100CDE930150D
:10767000CDE93242CDE9348030A94846FBF7A8FA7B
:10768000374E292237494FF48068304686E8160085
:107690008B15C6E903487461C6E906433462746217
:1076A000FAF7D6FF08B1F9F710FC2D4D2A222D4923
:1076B00040237835C7F880601831B763284685E8DD
:1076C0001E016C61AC61EC612C626C62FAF7C0FF68
:1076D00008B1F9F7FAFB0022FD6725201146AF63D8
:1076E000FBF76EFC25202FE01F4988422ED1002099
:1076F0001E940221CDE900106846FCF785FD08B113
:10770000F9F7E3FB13480830016841F400310160E8
:10771000006800F400303590306840F001003060BF
:1077200030680C21309130A900F00100CDE93154CE
:107730003394CDE934804846FBF74AFA00222620EC
:107740001146FBF73DFC2620FBF72CFC37B0BDE8CB
:10775000F0830000E044025800000258001001408D
:107760009C650020100002400044004070472DE955
:10777000F8430446D0F88800984616460D4620285F
:1077800002D00220BDE8F883A5B19EB10021C4F863
:1077900090102120C4F888001834FBF743FB814681
:1077A00054F8100CA687E6872027183CB0F5805FB8
:1077B00002D003E00120E5E7206910B12E46002544
:1077C00010E000260EE08021204602F0F9FFC0B94B
:1077D000DEB116F8010B21688862B4F85600401E2D
:1077E000A4F85600B4F856004B464FF00002CDF80E
:1077F00000800028E7D14FF04001204602F0E0FF72
:1078000048B1C4F888700320BCE735F8020B216842
:10781000C0F30800E0E7C4F888700020B2E77047C2
:10782000FEE70000F0B500230A251C463026372766
:1078300011E000BFB5EB107F02D906EB107C01E030
:1078400007EB107C01F813C001EB430C00015B1C3B
:107850008CF80140DBB29342ECD3F0BD00B587B0A9
:1078600014216846F8F780FD0948016841F00401D9
:10787000016000680021012200F004000590022050
:107880008DE8070003486946FBF7A2F907B000BD81
:10789000E04402580008025870B5134C6189A08971
:1078A000491E8AB2401E83B20021084600F098FAB1
:1078B00001220E48D103FBF7A9FA04F110050F20AD
:1078C000E8602846FEF77AFE6289A089A1884243D3
:1078D00089B2284600F00CF90720E8602846BDE888
:1078E0007040FEF76BBE0000446300200010025899
:1078F0002DE9F04117461C460A19C519069E521E6D
:1079000093B26D1EAAB200F06BFA01220B48D103AC
:10791000FBF77CFA0A4D0F20E8602846FEF74EFE82
:1079200007FB04F23146284600F08EF90720E86094
:107930002846BDE8F041FEF741BE000000100258A5
:10794000546300202DE9F05FDFF8A0E0203A002327
:10795000274E02F0FF0A894683461A46DEF80800E1
:10796000194626E0234DD0F80080B5F800C0AF8856
:107970000AFB04851FFA8CFCBFB2002413F80550E3
:107980005FEAC57802D026F812C001E026F812702E
:10799000B0F80480491C521C89B26D0892B2884527
:1079A00001D1002103E0641CA4B2082CE8D35B1CC5
:1079B0009BB204899C42D5D8C288A9F10101838871
:1079C000ABF101001144744618448BB2494682B2AF
:1079D000584600F005FAA0688188C088BDE8F05FCD
:1079E0004143034889B200F081BA0000240000201E
:1079F00044130020446300202DE9F0410B4F15464D
:107A00000B4E8846044608E041462046FFF79AFFA1
:107A1000B8686D1C8088204484B27089A04202D965
:107A20002A78002AF0D1BDE8F0810000240000206F
:107A30004463002010B5026840F26F3351699469C5
:107A400044F0080494610268946944F0100494615D
:107A50000268146824F001041460026814699C43ED
:107A600014610268936823F44043936090F8812086
:107A7000042A0CD08A060AD5D0F8842042F080026D
:107A8000C0F884200268936943F02003936190F862
:107A90008120032A0CD04A060AD5D0F8842042F06F
:107AA0000402C0F884200268936943F040039361A4
:107AB0008A050AD5D0F8842042F00102C0F884205B
:107AC0000268936943F400739361C9050AD5D0F83D
:107AD000841041F00801C0F8841001688A6942F4FA
:107AE00080728A610021A0F86210A0F86A1010BDAF
:107AF0002DE9FC5F8A4690F8801004461646002067
:107B0000019001294FF47A770DD04FF0010884F8E5
:107B10008080FBF787F9814694F8810000250128D1
:107B200004D0022017E00220BDE8FC9F96B1A168B6
:107B300003204AEA0A4B84F88100C4F88450656641
:107B4000A4F86850A4F86A50B1F5C02F656725679E
:107B500004D008E0012084F88050E5E7206801683F
:107B600041F400610160206841686FF30F014160DA
:107B70002068016841F0010101606068B0F5800F84
:107B800004D12068016841F40071016020684169F6
:107B900089070DD5B4F86210012905D9E16B19B137
:107BA000C0F820B0B61E17E0A0F820A0761E13E0A3
:107BB000FBF738F9A0EB0900B8420DD32046FFF7D8
:107BC00039FFD4F8841084F8805041F48071C4F8EF
:107BD000841084F8818033E0002ED7D100224B46F8
:107BE0004FF480512046009700F0D9F828B1D4F81E
:107BF000840040F02000C4F884002068016841F44B
:107C00008061016000224B464FF4006120460097DE
:107C100000F0C5F828B1D4F8840040F02000C4F882
:107C200084002046FFF706FF2068826942F4006264
:107C3000826184F8805084F88180D4F8840008B18F
:107C4000012071E701986FE72DE9F84F0E4690F893
:107C500080104FF47A771546012904464FF0000B47
:107C60000DD04FF0010984F88090FBF7DBF894F811
:107C7000811082460020012904D0022116E0022052
:107C8000BDE8F88F8DB1A2680321804684F8811089
:107C9000C4F884006066A4F86800A4F86A00B2F52D
:107CA000C02F6067206705D009E0012184F88000BB
:107CB0000846E5E72068016841F40061016020683A
:107CC00041686FF30F0141602068016841F00101D4
:107CD00001606068B0F5800F04D12068016841F44C
:107CE000007101602068416989070CD5012D05D913
:107CF000E16B19B102CE0162AD1E18E036F8021B2D
:107D000001846D1E13E0FBF78DF8A0EB0A00B8426A
:107D10000DD32046FFF78EFED4F8842084F88080AF
:107D200042F48071C4F8841084F8819033E0002D0F
:107D3000D8D1002253464FF480512046009700F0DE
:107D40002EF828B1D4F8840040F02000C4F8840054
:107D50002068016841F480610160002253464FF4BD
:107D600000612046009700F01AF828B1D4F884008A
:107D700040F02000C4F884002046FFF75BFE206836
:107D8000836943F40063836184F8808084F8819080
:107D9000D4F8840008B1012072E7584670E72DE955
:107DA000F041984616460D460746069C09E0FBF74B
:107DB00039F8A0EB0800A04202D3601C01D00BE010
:107DC00054B13868406935EA000007D00020B0425D
:107DD000EDD00020BDE8F0810320FBE70120F6E7AD
:107DE0002DE9F041984615460E4607462A2000F038
:107DF0009DF80F4CA07B384480B200F0ABF8A07B1C
:107E0000284480B200F0A6F82B2000F08FF8E07B29
:107E1000304480B200F09EF8E17B01EB080080B2B4
:107E200000F098F8BDE8F0412C2000F07FB8000089
:107E3000446300204FF478414FF4FC6301EA1021C1
:107E4000C0F3C40203EA50100143024811434160E9
:107E500070470000446300204FF478414FF4FC6306
:107E600001EA1021C0F3C40203EA501001430248A2
:107E70001143016070470000446300202DE9F04188
:107E8000194C002514264FF0F0084FF48C776072DF
:107E900098B1022816D0012819D003280BD136201A
:107EA00000F044F85FF0C00000F06CF8A573E673D2
:107EB000A4F80A80A781BDE8F081362000F036F8EA
:107EC000702008E0362000F031F80020ECE7362082
:107ED00000F02CF8A02000F055F8A673E573678138
:107EE000A4F80C80E7E700004463002070B501228D
:107EF0000C4605460B48D103FAF788FF0A4E0F20BF
:107F0000F0603046FEF75AFB4FF47A73224629465A
:107F10003046FEF775FC0720F0603046BDE8704043
:107F2000FEF74CBB001002585463002001B507480F
:107F300000224FF40041FAF769FF054801224FF48F
:107F40007A736946FEF75CFC08BD00000010025819
:107F500054630020012238B5D10304460748FAF7DC
:107F600055FF200A8DF80000054802224FF47A736D
:107F700069468DF80140FEF743FC38BD00100258F9
:107F800054630020012201B50548D103FAF73EFFF2
:107F9000044801224FF47A736946FEF731FC08BDAC
:107FA00000100258546300208068C0F3C00070477E
:107FB0008068C0F3800070478068C0F3800070471D
:107FC0001FB5FAF7B9FF01218DF80F1000208DF8C9
:107FD0000E1012238DF8083003248DF80B408DF815
:107FE00000104FF010528DF80D108DF80A0001921C
:107FF0008DF801008DF809008DF80C006846FAF73D
:108000006DFF0420FAF7A6FF1FBD000070B58AB00F
:10801000002468461C21079408940994F8F7A4F9F1
:108020001F4801211D4B04258A040360C0E9012477
:10803000C0E9034504754475816104774462846234
:10804000C4620463446380F83840C163F9F754FAAA
:1080500008B1F8F73AFF124807A90794F8F7A8FF04
:1080600008B1F8F732FF06200E4940F2FF76CDE95D
:108070000010CDE902060A486946CDE904548DF89E
:108080001940F9F729F808B1F8F71FFF0448002153
:108090003246F8F73FFF0AB070BD000000200240F2
:1080A000101100201000C01070B588B01C21684667
:1080B000F8F75AF91A4800240121184B04258A04BC
:1080C0000360C0E90124C0E903450475447581617A
:1080D000047744628462C4620463446380F8384075
:1080E000C163F9F709FA08B1F8F7EFFE0D48062168
:1080F00040F2FF768DE8530009486946CDE9045403
:108100008DF81940F8F7E8FF08B1F8F7DEFE0448EB
:1081100000213246F8F7FEFE08B070BD006002583C
:1081200074110020020030040D4800210B4A10B5E4
:10813000C0E900218160C16001614161816101622A
:1081400041628162C1620163F9F746FB002803D0F6
:10815000BDE81040F8F7B9BE10BD000000000248AD
:10816000D81100200D4808B5016841F001010160F7
:1081700000680022114600F0010000900B20FAF781
:108180001FFF0B20FAF70EFF00220C201146FAF712
:1081900017FFBDE808400C20FAF704BFD844025886
:1081A0002DE9F04186B014216846F8F7DDF82B4838
:1081B000016841F010010160016801F010010591B2
:1081C000016841F004010160016801F004010591BA
:1081D000016841F080010160016801F080010591B2
:1081E000016841F001010160016801F001010591A0
:1081F000016841F002010160016801F0020105918E
:10820000016841F00801016000684FF40056144F06
:10821000002200F00800314605903846FAF7F6FDD6
:10822000DFF84080002204214046FAF7EFFD0024E9
:108230000096012569463846CDE901540394FAF7C2
:10824000C7FC04200090CDE90154694640460394E0
:10825000FAF7BEFC06B0BDE8F0810000E044025829
:1082600000080258000402580C4800210A4A7F23E3
:1082700010B5FF2404C080E81A00C160416181612B
:108280000161001FFDF768F9002803D0BDE8104028
:10829000F8F71BBE10BD0000004000582812002057
:1082A000002110B5084C4FF480430622C0E900417C
:1082B000C0E90213C0E904120C46FDF781FD00B1CC
:1082C0000124204610BD00000070005270B5154812
:1082D0004FF480050021124CEB010722C0E9032175
:1082E000C0E90513C1615A000162202341626E1189
:1082F0008162C162C0E90D21C0E90F31416481642E
:10830000C16401654165816580E87000FEF756F93A
:10831000002803D0BDE87040F8F7D7BD70BD00005D
:10832000003401405463002010B588B0194800247F
:10833000174945F6BF5242F20F730094019402941C
:10834000039404940594069480E81600C0E903346D
:1083500044618461FEF7E2FB08B1F8F7B6FD4FF423
:10836000805000900B486946FEF782FC08B1F8F790
:10837000ACFD20200694CDE90404064804A9FEF7CC
:108380007BFB002801D0F8F7A0FD08B010BD00006D
:1083900000000140DC63002010B588B016480024BE
:1083A00045F6BF524FF08041144B00940194029463
:1083B000039404940594069480E81600C0E90334FD
:1083C0008461FEF7ABFB08B1F8F77FFD4FF48050F6
:1083D000009009486946FEF74BFC08B1F8F775FDB7
:1083E000054804A904940694FEF746FB002801D032
:1083F000F8F76BFD08B010BD286400208427090041
:108400001848002110B5164C0C224FF4E1330460DB
:10841000C0E90131C160C0E904128161C16101623A
:1084200041628162FFF7B6F808B1F8F74EFD0D48DA
:108430000021FEF7B8FE08B1F8F747FD0948002112
:10844000FEF78BFE08B1F8F740FD0648FEF7D3FDB6
:10845000002803D0BDE81040F8F737BD10BD00007C
:1084600000100140746400201848002110B5164C1B
:108470000C224FF4E1330460C0E90131C160C0E96E
:1084800004128161C161016241628162FFF782F879
:1084900008B1F8F71AFD0D480021FEF784FE08B177
:1084A000F8F713FD09480021FEF757FE08B1F8F769
:1084B0000CFD0648FEF79FFD002803D0BDE81040E4
:1084C000F8F703BD10BD000000440040086500201F
:1084D00070B519490022194802F0D4FD08B1F8F727
:1084E000F4FC1749154802F0EAFF08B1F8F7EDFC73
:1084F0001449124802F088FB08B1F8F7E6FC0F486F
:1085000003F062F808B1F8F7E0FCFBF70FFB4FF45B
:108510007A75FAF787FC094E044604E0FAF782FC04
:10852000001BA84203D896F89C020328F6D1BDE8A8
:108530007040C820FAF76EBA500000208C66002008
:1085400024010020A4000020FEE7FEE70148FAF71E
:10855000C9BE0000887D00202DE9F04104468079E5
:108560000D462027236801284FF4004604F29C4260
:1085700003EB4511D3F840C0D1F8080B09D0DFF860
:108580009CE0F4453AD1020433D500BFC1F8086B32
:1085900040E0234B5FEA007E04D59C453AD90004B5
:1085A000F4D437E05FEA806E02D5C1F8087B31E091
:1085B00010F0280F2ED19C4501D90004E6D4D1F843
:1085C000101B05EBC50004EB8000C1F31201D0F8CD
:1085D0007432A3EB0101C0F8681200F51570ADB953
:1085E00003691BB1C2681144C1600FE0206801211A
:1085F0000AE080060AD5C1F8087B07E035B9D4F84F
:10860000640218B90021184603F05EFB2046E9B267
:10861000FAF751FD0020BDE8F08100000A31544F07
:108620000A30544F2DE9F84F0E460568814601EB9C
:10863000C60100EB8104D4E909201434904202D928
:108640000120BDE8F88FA168101A814200D20846C7
:10865000C01C05EB461887081BE000BFA268A0EB12
:10866000010A524500D2924699F806100AF1030019
:1086700000911FFA8AF3E16887082846F2B203F0F6
:1086800067FEE16801EB0A00E060616901EB0A0046
:108690006061D8F8180980B2B84205D3D4E9040162
:1086A000814201D20028D9D1D4E90401884208D8F6
:1086B000D5F83418012006F00F0290408143C5F828
:1086C00034180020BDE7704770B5B0B0C0216846CF
:1086D000F7F74AFE022000234FF4002200920C24F8
:1086E000CDE90130C025CDE9034029932026CDE90D
:1086F0000605CDE9086305906846FBF785FD00286F
:1087000001D072B6FEE730B070BD00002DE9F04731
:10871000454D044689464FF0000A2868C04380074B
:108720000AD0414E283E306820F080603060FAF771
:1087300079FB0746B04608E00120BDE8F08700BF9E
:10874000FAF770FBC01B022867D8D8F800000001B8
:10875000F6D4206829684FF4FE0721F47C313E02EC
:1087600041EA00302860207AA389B4F804C04002AE
:108770002D4D2D495B1E227CACF1010C1035091DDD
:10878000A0F5007080B2521ECCF3080C07EA034338
:1087900040EA0C00184306EA0262104328600868A9
:1087A000626920F0C000104308600A68A06922F0E6
:1087B000200202430A60281D0A6822F010020A60A3
:1087C00002684FF6F873E4699A4342EAC402026011
:1087D0000868B9F1000F40F010020A6011D0086873
:1087E000B9F1010F11D040F400100860D8F8000072
:1087F000444640F08060C8F80000FAF713FB0546D5
:108800000DE0086840F40020EFE740F48010ECE74A
:10881000FAF708FB401B022801D903208DE72068E6
:108820000001F5D5504688E7284402582DE9F04765
:10883000454D044689464FF0000A2868C04380072A
:108840000AD0414E283E306820F080503060FAF760
:10885000E9FA0746B04608E00120BDE8F08700BF0E
:10886000FAF7E0FAC01B022867D8D8F800008000A9
:10887000F6D4208829684FF4FE0721F07C713E026F
:1088800041EA00502860207AA389B4F804C040026D
:108890002D4D2D495B1E227CACF1010C1835091DB4
:1088A000A0F5007080B2521ECCF3080C07EA034317
:1088B00040EA0C00184306EA026210432860086888
:1088C000626920F44060104308600A68A06922F4DD
:1088D000007202430A60281D0A6822F480720A604E
:1088E00002684FF6F873E4699A4342EAC4020260F0
:1088F0000868B9F1000F40F480720A6011D008686E
:10890000B9F1010F11D040F080700860D8F8000074
:10891000444640F08050C8F80000FAF783FA054654
:108920000DE0086840F48000EFE740F40000ECE759
:10893000FAF778FA401B022801D903208DE7206856
:108940008000F5D5504688E7284402582DE9F041CB
:10895000044600680025C168490617D4691EC16035
:10896000FAF760FA032706464FF47A7808E000BF6A
:10897000FAF758FA801B404502D9032584F8217084
:108980002068C068400601D4032DF1D12846BDE817
:10899000F08100002DE9F041124C03270646002526
:1089A000E06820F08000E060A068800607D43046D0
:1089B000FCF744FE90B1032586F821700EE0A06814
:1089C00020F02000A0603046FCF738FE10B10325EF
:1089D00086F82170A06840F02000A0602846BDE81D
:1089E000F0810000004000580148FDF7C9B80000C0
:1089F0004C12002030B585B0044637204FF4807209
:108A00000DF1080CCDE90010002369461501204640
:108A10008CE82C0000F072FB372141F288322046AE
:108A200000F0F8F905B030BD30B585B00446292016
:108A30004FF480720DF1080CCDE900100023694657
:108A4000150120468CE82C0000F058FB204600F071
:108A50009DFA05B030BD30B50446102085B00DF14B
:108A6000080C02010502CDE90010002369468CE8DC
:108A70002C00204600F042FB102141F288322046B3
:108A800000F0C8F905B030BD30B585B00446062009
:108A90004FF480720DF1080CCDE9001000236946F7
:108AA000150120468CE82C0000F028FB062141F23D
:108AB0008832204600F0AEF905B030BD30B585B043
:108AC0000546002469464FF48050009401940294B6
:108AD000CDE90340284600F011FB0B4A4FF4FA5051
:108AE00041F288311268B2FBF0F04843401E03D2D5
:108AF0004FF0004005B030BD696B0906F6D503495B
:108B00002046A963F6E70000C4000020C50020004D
:108B100030B50821044685B04FF4D5704A010023D2
:108B20004D028DE82F006946204600F0E7FA204606
:108B300000F096FA05B030BD30B585B0044612207D
:108B40004FF480720DF1080CCDE900100023694646
:108B5000150120468CE82C0000F0D0FA122141F2D9
:108B60008832204600F056F905B030BD30B585B0EA
:108B7000044611204FF480720DF1080CCDE900106D
:108B800000236946150120468CE82C0000F0B6FA57
:108B9000112141F28832204600F03CF905B030BD89
:108BA00030B585B0044607204FF480720DF1080CF3
:108BB000CDE9001000236946150120468CE82C0001
:108BC00000F09CFA072141F28832204600F022F999
:108BD00005B030BD10B585B00446002102204FF429
:108BE0004072C3020493CDE90010CDE90221694629
:108BF000204600F083FA204600F09EF905B010BD33
:108C000030B585B0044609200DF1080C0023CDE9EC
:108C100000104FF4407269464FF4805520468CE8AE
:108C20002C0000F06BFA204600F086F905B030BD4C
:108C300010B585B00446002133204FF48072CDE991
:108C40000221CDE90010130169462046049300F08B
:108C500055FA332141F28832204600F0DBF805B0A6
:108C600010BD30B585B004460D204FF480720DF173
:108C7000080CCDE9001000236946150120468CE858
:108C80002C0000F03BFA0D2141F28832204600F022
:108C9000C1F805B030BD30B585B00C4600210546A1
:108CA00003204FF48072CDE90221CDE900101301B9
:108CB00069462846049300F021FA032122462846FB
:108CC00000F088F905B030BD10B585B0044600212C
:108CD0000D204FF48072CDE90221CDE9001013017F
:108CE00069462046049300F009FA0D2141F28832CA
:108CF000204600F08FF805B010BD000010B585B01B
:108D000004464FF4807200200C2113018DE8070007
:108D1000CDE90303E06840F08000E060E06820F007
:108D20004000E0606946204600F0E8F9074A0C215F
:108D3000204600F06FF8E168B0F1007F21F080017B
:108D4000E16000D1002005B010BD000000E1F50594
:108D500030B585B0044606204FF480720DF1080C42
:108D6000CDE9001000236946150120468CE82C004F
:108D700000F0C4F9062141F28832204600F04AF89A
:108D800005B030BD30B585B0044619204FF480726F
:108D90000DF1080CCDE900100023694615012046AD
:108DA0008CE82C0000F0AAF9192141F28832204603
:108DB00000F030F805B030BD30B585B0044618205D
:108DC0004FF480720DF1080CCDE9001000236946C4
:108DD000150120468CE82C0000F090F9182141F292
:108DE0008832204600F016F805B030BD70B50A682C
:108DF00042624A688262C46AD1E90225D1E9043636
:108E000024F0FF012A4333431A431143C162002077
:108E100070BD000030B5464D4FF4FA53434C2D68F9
:108E2000B5FBF3F353435B1E02D24FF0004030BD5D
:108E3000426B2242F7D09204F5D4426B520703D51D
:108E400004218163084630BD426BD20702D0012164
:108E5000816306E0354A803282630269D2B28A4277
:108E600001D0012030BD002100F02AF9314908422B
:108E700001D1002030BD002802DA4FF0007030BD73
:108E8000410001D5402030BD810001D5802030BD9A
:108E9000C10002D54FF4807030BD010102D54FF4FE
:108EA000007030BD410102D54FF4806030BDC1017A
:108EB00002D54FF4006030BD010202D54FF480505E
:108EC00030BD410202D54FF4005030BD810202D5C1
:108ED0004FF4804030BDC10202D54FF4004030BD98
:108EE000410302D54FF4003030BD810302D54FF469
:108EF000802030BDC10302D54FF4002030BD0104F5
:108F000002D54FF4801030BD410402D54FF400105B
:108F100030BD810402D54FF4800030BD000702D57A
:108F20004FF4000030BD4FF4803030BD45002000CC
:108F3000C400002008E0FFFD124B4FF4FA5141F24B
:108F400088321B68B3FBF1F15143491E02D24FF046
:108F500000407047426B12F0450FF6D09204F4D4F3
:108F6000416B490703D50421816308467047416B73
:108F7000C90703D001218163084670470249816314
:108F800000207047C4000020C50020000F4B4FF4A4
:108F9000FA5141F288321B68B3FBF1F15143491E8B
:108FA00002D24FF000407047426B12F0450FF6D0EE
:108FB0009204F4D4416B490703D504218163084628
:108FC000704703498163002070470000C4000020FF
:108FD000C500200030B5204D4FF4FA5341F28834DB
:108FE0002D68B5FBF3F363435B1E02D24FF00040E4
:108FF00030BD446B14F0450FF6D0A404F4D4436B99
:109000005B0703D504218163084630BD436BDB0752
:1090100002D00121816303E00369DBB28B4201D0FE
:10902000012030BD0D498163002100F049F810F4A2
:10903000604F04D0410406D54FF4005030BD000C01
:109040001080002030BD000402D54FF4805030BDA8
:109050004FF4803030BD0000C4000020C500200067
:10906000144B4FF4FA5141F288321B68B3FBF1F113
:109070005143491E02D24FF000407047426B12F03C
:10908000450FF6D09204F4D4416B490703D504216F
:10909000816308467047416BC90703D00121816392
:1090A00008467047416B490601D540218163002085
:1090B00070470000C4000020006800F00300704703
:1090C000084440697047000030B511434268DDE94B
:1090D00003542B43034D194321432A400A43426062
:1090E000002030BD002CC0FF016841F00301016089
:1090F00000207047D0F880007047000070B5084D20
:109100000A688260C368D1E90126D1E903412B4096
:1091100032430C4322431343C360002070BD000060
:10912000C0E0FEFF0968C0F8801000207047000012
:109130002DE9F04F87B00D460446F9F773FE00267F
:10914000069020680821B3463746FFF784FC0028C4
:1091500033D1B4F8441020680904FFF74BFC002811
:109160002BD1431E4FF008094FF0020A4FF0300C8C
:109170004FF00108CDF80CA08DE80812CDE9046885
:1091800020686946FFF732FE2068FFF751FD00288E
:1091900013D140F22A582068416B11EA080F06D11A
:1091A000416B090315D4BBF1000F09D011E0416BED
:1091B000090717D5C0F83890082007B0BDE8F08F30
:1091C000FFF798FF06462068FFF794FF07464FF029
:1091D000010BF9F727FE0699401A401CDBD14FF02E
:1091E0000040EAE7416B890703D5C0F838A00220A8
:1091F000E3E7416B890603D5202181630846DCE75C
:10920000034A39BA33BA82630020C5E90013D4E7B0
:109210003A0F001870B58CB004460020ADF82C0051
:10922000F9F700FE05462068FFF746FF002853D0F7
:10923000A06B032841D02068FFF7CCFC002849D15F
:1092400020680021FFF73CFFE06604212068FFF75B
:1092500037FF206708212068FFF732FF60670C2185
:109260002068FFF72DFFA16BA067032925D041F2ED
:10927000883600BFBDF82C0088B3A06B03281CD033
:10928000BDF82C10616420680904FFF7B9FC0028C0
:1092900020D120680021FFF713FFE065042120683A
:1092A000FFF70EFF206608212068FFF709FF6066C0
:1092B0000C212068FFF704FFA06604212068FFF757
:1092C000FFFE000D694620642046FCF7FFFAA8B1B6
:1092D0004FF080500CB070BD4FF08060FAE7FFE7B0
:1092E00020680BA9FFF7D7FC0028F3D1F9F79AFD06
:1092F000401BB042BED34FF00040EBE7B4F844103F
:1093000020680904FFF74CFCE4E70000224910B58F
:10931000884286B03ED12148016841F48031016025
:10932000006800F4803005901C480C30016841F062
:1093300004010160016801F004010591016841F038
:109340000801016000680221012200F00800059078
:1093500003230C244FF4F8508DE81F001048694691
:10936000F9F736FC042000900E486946F9F730FC06
:109370000A485838016841F480310160016821F4DD
:109380008031016000220E213120F9F719FE3120D1
:10939000F9F708FE06B010BDC8120020D4440258E8
:1093A00000080258000C02582DE9F84F0026044628
:1093B0003546B04600960068FFF780FB002829D1AB
:1093C0002068FFF7A5FBB0F1004F4FF001094FF007
:1093D000805B4FF6FF7702D0C4F83C9008E0E6636C
:1093E0002068FFF76BFB002814D1E06B01281ED129
:1093F00020680021FFF7FEFA58B918E02068002124
:10940000FFF7F8FA002805D120685146FFF70CFB5A
:1094100010B15846BDE8F88F20680021FFF750FED4
:109420004FEAD07805460098401C009002E0DFF833
:1094300028A00098B84202D2B8F1000FDED0009800
:10944000B84202D34FF08070E4E76800A66301D50C
:10945000C4F838900020DDE7000010C12DE9F0418C
:1094600086B00D460446F9F7DDFC0021074620686A
:10947000FFF726FE800104D54FF4006006B0BDE87A
:10948000F08120684021FFF7E6FAC0B9B4F8441033
:1094900020680904FFF7AEFA88B940214FF0FF3089
:1094A00060224FF0010C022300268DE84F10206847
:1094B0006946FFF79BFC2068FFF706FC98B1616BDB
:1094C0006163DBE7406B000407D500262068FFF7E7
:1094D00011FE761C082E01C5F8D3F9F7A3FCC01BBA
:1094E000401C02D127E04FF000482068416B11F486
:1094F000957FE7D0416B090701D50820BEE7416B96
:10950000890701D50220B9E7406B80060AD52020E3
:10951000B4E700BFFFF7EEFD01C5F9F783FCC01B00
:10952000401C08D02068416BC904F3D401460348AD
:1095300088630020A2E74046A0E700003A0F001829
:109540002DE9F04F9BB00F460025044640216846A8
:10955000F6F70AFF0026F9F765FC8046A06DE0B338
:10956000FF285FD92068C56240212068FFF773FAA1
:10957000002838D112AB4FF00209401E4FF0010A0B
:109580004021602283E80702CDE9165A206812A91B
:10959000FFF72CFC20683946FFF7DAFB050022D1E3
:1095A00040F22A5B21684A6B12EA0B0F1ED1486B0E
:1095B00000040BD500272068FFF79CFD07EBC602CF
:1095C0007F1C082F4DF82200F5D3761CF9F72AFCF2
:1095D000A0EB0800401CE5D100E00DE04FF000409A
:1095E000606384F830A01BB0BDE8F08F486B0007C3
:1095F00005D50820886315E04FF08060F3E7486BDD
:10960000800701D5484603E0486B800602D520203C
:109610008863E8E7044888639DF80D00800701D45B
:109620004FF080552846DEE73A0F00180148FCF756
:10963000B7BE00005463002010B5026840F26F33DB
:109640005169946944F0080494610268946944F093
:10965000100494610268146824F001041460026824
:1096600014699C4314610268936823F44043936037
:1096700090F88120042A0CD08A060AD5D0F88420DC
:1096800042F08002C0F884200268936943F020030E
:10969000936190F88120032A0CD04A060AD5D0F8AD
:1096A000842042F00402C0F884200268936943F0E9
:1096B000400393618A050AD5D0F8842042F0010264
:1096C000C0F884200268936943F400739361C9056C
:1096D0000AD5D0F8841041F00801C0F88410016860
:1096E0008A6942F480728A610021A0F86210A0F8B1
:1096F0006A1010BD10B5806B00210122A0F86A101D
:10970000A0F8621080F88120FCF748FE10BD000030
:1097100010B5FEF7DBFD0A20F9F77CF93620FEF7DD
:1097200005FC0020FEF72EFC3A20FEF7FFFB05208B
:10973000FEF728FCB220FEF7F9FB0C20FEF722FC16
:109740000C20FEF71FFC0020FEF71CFC3320FEF768
:1097500019FC3320FEF716FCB720FEF7E7FB352097
:10976000FEF710FCBB20FEF7E1FB1920FEF70AFC18
:10977000C020FEF7DBFB2C20FEF704FCC220FEF726
:10978000D5FB0120FEF7FEFBC320FEF7CFFB122026
:10979000FEF7F8FBC420FEF7C9FB2020FEF7F2FB22
:1097A000C620FEF7C3FB0F20FEF7ECFBD020FEF730
:1097B000BDFBA420FEF7E6FBA120FEF7E3FBE020C3
:1097C000FEF7B4FBD020FEF7DDFB0420FEF7DAFB4A
:1097D0000D20FEF7D7FB1120FEF7D4FB1320FEF778
:1097E000D1FB2B20FEF7CEFB3F20FEF7CBFB542016
:1097F000FEF7C8FB4C20FEF7C5FB1820FEF7C2FBA6
:109800000D20FEF7BFFB0B20FEF7BCFB1F20FEF771
:10981000B9FB2320FEF7B6FBE120FEF787FBD02043
:10982000FEF7B0FB0420FEF7ADFB0C20FEF7AAFB11
:109830001120FEF7A7FB1320FEF7A4FB2C20FEF758
:10984000A1FB3F20FEF79EFB4420FEF79BFB51202F
:10985000FEF798FB2F20FEF795FB1F20FEF792FBEB
:109860001F20FEF78FFB2020FEF78CFB2320FEF746
:1098700089FB2120FEF75AFB1120FEF757FB7820C9
:10988000F9F7C8F82920FEF751FB0220FEF7F6FA97
:109890000020FEF7CFFA6FF07F40FEF7DDFAFDF70C
:1098A000FBFF07490122054888600020054908722E
:1098B000D103BDE810400448F9F7A8BA44000020DD
:1098C0002400002044630020000C02582DE9F041E0
:1098D0001C4616460D460746DDF818800AE000BF14
:1098E000F9F7A0FAA0EB0800A04202D3601C01D057
:1098F0000BE054B13868406935EA000007D0002019
:10990000B042EDD00020BDE8F0810320FBE701204C
:10991000F6E770470178407841EA00207047F9F790
:1099200087BA0000F0B59DB04C216846F6F71CFDE3
:10993000202113A8F6F718FD0220FAF7CDF82748E2
:1099400000242749026842F44042026002680A6823
:1099500042F001020A60096801F001011B910168EF
:109960008904FCD5FAF7EAF8F9F756FA1D490122FD
:109970000B68022008252526C70323F018030B6077
:1099800005210292CDE900670AAF0692C023099033
:10999000042687E80B00CDE90D06CDE910540F90A1
:1099A00068461294FBF716FB08B172B6FEE740203A
:1099B0001A903F210301CDE916500322CDE9180387
:1099C00013AB13A883E816000421FBF7F3F8002873
:1099D00001D072B6FEE71DB0F0BD00001848025875
:1099E0002C040058704402582C48F0B52C4A0168E9
:1099F00041F470010160106800F00F00072804D2E4
:109A0000106820F00F00C01D106026490020254C72
:109A100010340B68244D43F001030B6020600B6889
:109A20002B400B60136803F00F03072B04D9136856
:109A300023F00F03DB1D13601A4C1C4A18341C4B17
:109A4000261D371D2060174C1A4D28343060261D06
:109A50003860371D23603B1D35601C1D3A60251D95
:109A60002E1D1860331D22602860326018600A685D
:109A70000C4B114C22F4802260330A60186020687D
:109A80006FF30F00B0F1005F03D20C490120C1F861
:109A9000080143F2D2000A490860F0BD88ED00E0F9
:109AA00000200052004402587FEDF6EA80020101D6
:109AB000000202020000FF010010005C0080005163
:109AC000004000520148FDF752B90000DC6300205D
:109AD0000148FDF74CB90000286400202DE9F0474B
:109AE000294B4FF0804A294D02689842284E294F51
:109AF000294C09D0504507D0A84205D0B04203D028
:109B0000B84201D0A04205D1D1F804C022F07002C1
:109B10004CEA0202DFF884C0DFF884809842DFF864
:109B200084900FD050450DD0A8420BD0B04209D040
:109B3000B84207D0A04205D0604503D0404501D0CF
:109B4000484503D1CD6822F440722A438E684D699E
:109B500022F08002C6620E682A439842866207D0CD
:109B6000A04205D0604503D0404501D0484501D111
:109B7000096901630368012143F004030360416143
:109B80000260BDE8F08700000000014000040040D2
:109B900000080040000C004000040140004001406B
:109BA000004401400048014042EA032283680A431E
:109BB00023F47F410A43826070470000034B8268B0
:109BC0001A400A4342F00701816070478FFFCFFFC0
:109BD00010B5036A046A23F00A0324F00104046246
:109BE00084690B4324F0F00141EA021181610362B0
:109BF00010BD10B5036A046A23F0A00324F010041A
:109C00000462846943EA011124F4704343EA023296
:109C10008261016210BD000030B5416EB9B10168CA
:109C20000D4B03F108048A688968C2F34262490F48
:109C30005D5C615C2D01B5FBF1F1A0F86A10995CE7
:109C4000A25C0901B1FBF2F1A0F8681030BD01215E
:109C5000A0F86A10F8E70000D61E030890F8281054
:109C6000090706D50168836B4A6822F400421A434B
:109C70004A6090F82810C90706D00168C36A4A688C
:109C800022F400321A434A6090F82810890706D55A
:109C90000168036B4A6822F480321A434A6090F8E4
:109CA0002810490706D50168436B4A6822F48022D0
:109CB0001A434A6090F82810C90606D50168C36B9C
:109CC0008A6822F480521A438A6090F82810890624
:109CD00006D50168036C8A6822F400521A438A6030
:109CE00090F82810490611D50168436C4A6822F49F
:109CF00080121A434A60416CB1F5801F06D1016899
:109D0000836C4A6822F4C0021A434A6090F8281013
:109D1000090606D50168C26C486820F4002010438B
:109D2000486070472DE9F84300250446C0F890507C
:109D3000F9F778F88046206820266FF07E470068A3
:109D4000000713D50022434631042046009700F057
:109D500037FD58B1216851E8000F20F0800041E83C
:109D60000002002AF6D1C4F8886021E0206800686B
:109D7000400722D5002243464FF480012046009739
:109D800000F01EFDC8B1206850E8001F21F490715A
:109D900040E80012002AF6D12068083050E8001F81
:109DA00021F0010140E80012002AF5D1C4F88C60CE
:109DB000032084F88450BDE8F883C4F88860C4F8B0
:109DC0008C60E5662567002084F88450F3E710B5C1
:109DD000806B0021A0F85E10FDF70DFA10BD0000A9
:109DE00010B5026852E8001F21F4907142E8001398
:109DF000002BF6D10E4B0268083252E8001F1940C2
:109E000042E80014002CF6D1C16E012908D1026885
:109E100052E8001F21F0100142E80013002BF6D198
:109E200000212022C0F88C20C166416710BD0000CF
:109E3000FEFFFFEF10B5D0F88C10B0F8602022299B
:109E4000016804D0886940F00800886110BD496A43
:109E5000836D11401980816D891C8165B0F85E1099
:109E6000491EA0F85E10B0F85E100029EED101681E
:109E700051E8002F22F4907241E80023002BF6D124
:109E80000168083151E8002F22F0010241E8002367
:109E9000002BF5D1184B002102682024C0F88C401B
:109EA000416701679A420BD05268120208D50368D5
:109EB00053E8002F22F0806243E80024002CF6D102
:109EC000C26E012A02D0FDF751FC10BDC1660268C6
:109ED00052E8001F21F0100142E80013002BF6D1D8
:109EE0000168CA69D243D20601D410220A62B0F8CE
:109EF0005C10FDF7C7F810BD000C00582DE9F047C5
:109F000004460068C569D0F800A0D0F80890D4F8DD
:109F10008C10B4F86060222905D0816941F00801F5
:109F20008161BDE8F087B4F868704FF0000844E044
:109F30002068A16D406A30400880A06D801CA0653B
:109F4000B4F85E00401EA4F85E002068C569690789
:109F500030D0E9070AD05FEACA5107D50121016272
:109F6000D4F8900040F00100C4F89000A8070BD589
:109F70005FEAC97008D0216802200862D4F8900016
:109F800040F00400C4F8900068070BD55FEAC97080
:109F900008D0216804200862D4F8900040F0020044
:109FA000C4F89000D4F8900020B12046FDF723F9C2
:109FB000C4F89080B4F85E0000B30FB1A806B7D41F
:109FC000B4F85E000028ACD0B4F868108142A8D97B
:109FD0002068083050E8001F21F0805140E800124E
:109FE000002AF5D12A486067216851E8000F40F047
:109FF000200041E80002002AF6D192E7216851E8EA
:10A00000000F20F4807041E80002002AF6D1214AB6
:10A010002068083050E8001F114040E80013002B72
:10A02000F6D11D4A202321684046C4F88C30C4F87C
:10A030007480C4F8708091420BD04968090208D539
:10A04000226852E8001F21F0806142E80013002BD3
:10A05000F6D1E16E012903D02046FDF787FBAFE77B
:10A06000E066216851E8000F20F0100041E800028E
:10A07000002AF6D12068C169C943C90601D410215C
:10A080000162B4F85C102046FCF7FCFF98E7000082
:10A09000359E0008FEFFFFEF000C005810B5D0F809
:10A0A0008C10B0F860202229016804D0886940F043
:10A0B0000800886110BD496A836D11401970816D77
:10A0C000491C8165B0F85E10491EA0F85E10B0F81A
:10A0D0005E100029EED1026852E8001F21F4907151
:10A0E00042E80013002BF6D10168083151E8002F37
:10A0F00022F0010241E80023002BF5D1184B00218A
:10A1000002682024C0F88C40416701679A420BD056
:10A110005268120208D5026852E8003F23F08063BB
:10A1200042E80034002CF6D1C26E012A02D0FDF7BD
:10A130001DFB10BDC166026852E8001F21F010012E
:10A1400042E80013002BF6D10168CA69D243D20657
:10A1500001D410220A62B0F85C10FCF793FF10BD26
:10A16000000C00582DE9F04704460068C569D0F896
:10A1700000A0D0F80890D4F88C10B4F860602229C0
:10A1800005D0816941F008018161BDE8F087B4F82C
:10A1900068704FF0000844E02068A16D406A3040CC
:10A1A0000870A06D401CA065B4F85E00401EA4F8C5
:10A1B0005E002068C569690730D0E9070AD05FEA08
:10A1C000CA5107D501210162D4F8900040F0010086
:10A1D000C4F89000A8070BD55FEAC97008D02168C1
:10A1E00002200862D4F8900040F00400C4F8900007
:10A1F00068070BD55FEAC97008D02168042008629F
:10A20000D4F8900040F00200C4F89000D4F8900018
:10A2100020B12046FCF7EFFFC4F89080B4F85E0050
:10A2200000B30FB1A806B7D4B4F85E000028ACD0D4
:10A23000B4F868108142A8D92068083050E8001F9F
:10A2400021F0805140E80012002AF5D12A486067C9
:10A25000206850E8001F41F0200140E80012002A69
:10A26000F6D192E7216851E8000F20F4807041E8B0
:10A270000002002AF6D1214A2068083050E8001F69
:10A28000114040E80013002BF6D11D4A202321681D
:10A290004046C4F88C30C4F87480C4F87080914291
:10A2A0000BD04968090208D5226852E8001F21F046
:10A2B000806142E80013002BF6D1E16E012903D042
:10A2C0002046FDF753FAAFE7E066206850E8001F2C
:10A2D00021F0100140E80012002AF6D12068C1697F
:10A2E000C943C90601D410210162B4F85C102046AC
:10A2F000FCF7C8FE98E700009DA00008FEFFFFEFF6
:10A30000000C00582DE9F04304468068D84E87B011
:10A31000D84B2168D4E90427D4F81CC010430A683C
:10A32000002547EA0C073843324002430A602068A0
:10A33000E268416821F44051114341602268A169FB
:10A340009A4201D0206A01439768DFF82CC3CB4EB4
:10A35000CB4807EA0C070F4397602168676ACA6A0F
:10A3600022F00F023A43CA622268B2420ED100685C
:10A3700000F03800182873D047DCB8B3082879D02B
:10A3800010286FD178E028287ED17BE0BD498A4231
:10A3900009D1006800F00700062875D2DFE800F058
:10A3A000546A6C6E7072B8498A4209D1006800F034
:10A3B0000700062868D2DFE800F0475D5F6163654B
:10A3C000B2498A4209D1006800F0070006285BD232
:10A3D000DFE800F03A5052545658AD498A420BD14A
:10A3E000006800F0070006284ED200E010E0DFE829
:10A3F00000F02B4143454749A6498A420AD10068EB
:10A4000000F03800182839D0B7DD2028BBD13CE057
:10A4100001203AE0A0498A4209D1006800F0070013
:10A42000062831D2DFE800F01026282A2C2E9B497E
:10A430008A420BD1006800F00700062824D2DFE82A
:10A4400000F003191B1D1F2100201EE09A421BD1A2
:10A450008B48001D006800F00700062814D202E0B7
:10A460000CE007E010E0DFE800F0030507090B0D42
:10A4700002200AE0042008E0082006E0102004E0A2
:10A48000202002E0402000E080208549DFF814828F
:10A490009A42854A4FF400434FEA21174FF00006D5
:10A4A0004ED110281AD006DC022809D004280BD07F
:10A4B00008287CD10DE020283ED0402877D13DE00F
:10A4C000F9F744FB014610E06846F9F7F5FB0199FE
:10A4D0000BE003A8F9F792FC049906E010688006E7
:10A4E00005D51068C0F3C100C140002970D0606A72
:10A4F000676838F8102007EB4703B1FBF2F083429E
:10A5000055D8B0EB073F52D8002308461946F5F757
:10A51000E1FE02467808130E120243EA01211018E8
:10A520003A4671410023F5F7D5FE604AA0F5407127
:10A5300091423CD821688FE03946D8E71946D6E7E2
:10A54000D4F81CC04FF6EF799C4546D1082819D0A5
:10A5500005DC58B101280CD0042875D10DE0102875
:10A5600015D0202835D040286ED134E0FAF772FC9F
:10A5700001E0FAF781FC014610E06846F9F79CFB20
:10A5800001990BE003A8F9F739FC049906E010687B
:10A59000800604D51068C0F3C100C140C1B1636A30
:10A5A000606838F81330B1FBF3F1490000E04BE08C
:10A5B00001EB5001B1FBF0F0A0F11001494543D887
:10A5C0004FF6F0732168C0F342021840104343E095
:10A5D00043E03946E3E71946E1E7082819D005DCEE
:10A5E00058B101280CD004282ED10DE0102815D028
:10A5F00020282BD0402827D12AE0FAF72BFC01E0B5
:10A60000FAF73AFC014610E06846F9F755FB019964
:10A610000BE003A8F9F7F2FB049906E01068800646
:10A6200004D51068C0F3C100C140B1B1636A60686D
:10A6300038F81330B1FBF3F101EB5001B1FBF0F04E
:10A64000A0F11001494505D9012506E03946EDE79D
:10A650001946EBE7216880B2C8600120A4F86A00BF
:10A66000A4F8680028466667A66707B0BDE8F083CF
:10A67000F369FFCF000C0058FFF4FF1100100140F8
:10A68000544402580044004000480040004C004040
:10A69000005000400014014000780040007C004061
:10A6A0000090D003BE1E030800440258FFFC0F00B8
:10A6B00070B58368002481654FF48056A0F85C2053
:10A6C000B342A0F85E204FF0FF01446704D1036954
:10A6D00003BB40F2FF111DE04FF07F05C3B1B3F1A2
:10A6E000805F1AD0A0F860402221C0F89040C0F8E6
:10A6F0008C100168083151E8003F43F0010341E844
:10A700000034002CF5D1416EB1F1005F0CD02FE088
:10A71000036933B9A0F86010E6E7016909B13F2188
:10A72000F8E7A0F86050DFE7B0F8681091421FD852
:10A730008168B14201D10169B9B11D49026941671E
:10A7400042B1026852E8001F41F4807142E80013F0
:10A75000002BF6D10168083151E8002F42F08052F9
:10A7600041E80023002BF5D120E012494167F1E7D1
:10A770008168B14201D1016969B10F49026941673C
:10A780005AB1016851E8002F42F4907241E8002369
:10A79000002BF6D10AE009494167026852E8001F20
:10A7A00041F0200142E80013002BF6D1002070BDDB
:10A7B00065A10008FD9E00089DA00008359E0008C8
:10A7C0002DE9F047994617460D460446089E4FF07E
:10A7D000000833E0701C31D0F8F724FBA0EB09002F
:10A7E000B04218D8BEB120680168490726D5802D2F
:10A7F00024D0402D22D0C169C94309070DD40825B2
:10A8000005622046FFF7ECFAC4F89050012084F866
:10A810008480BDE8F0870320FBE7C069C0430005E2
:10A820000CD421684FF4006008622046FFF7D8FA84
:10A830002021C4F8901084F88480ECE72068C06977
:10A8400035EA000004D00020B842C3D00020E0E781
:10A850000120F9E70148FCF7CFBC00007464002038
:10A860000148FCF7C9BC0000086500202DE9F04153
:10A870000C46D0F8D412D0F8C83200EB8101D1F8E0
:10A88000C01229B304F00F02002702EB820500EB8F
:10A890008506B5694DB102EBC20203EB8202D269B3
:10A8A000B5FBF2F302FB1352A2B1C1F81472D0F857
:10A8B000D42200EB8200D0F8C40203692BB1D1F896
:10A8C000080201F50471224698470020BDE8F08196
:10A8D0000320FBE7002321461A46B76100F0D1FDB3
:10A8E000F3E770B50546D0F8D40205EB8000D0F848
:10A8F000C04294B1284600F0A0FCC4F80C02D5F880
:10A90000D40205EB8000D0F8C412D4F80402CA685F
:10A9100004F503719047002070BD032070BD000056
:10A9200070B5224D0446297800F0C8FB287800262F
:10A9300000F00F0000EB800004EB800086842046CE
:10A94000697800F0BBFB687800F00F0000EB800036
:10A9500004EB8000A0F864612046A97800F0AEFB0B
:10A96000A87800F00F0000EB800004EB80008684E4
:10A97000C684D4F8D40204EB8000D0F8C01299B198
:10A98000D0F8C40240688047D4F8D40204EB8000B9
:10A99000D0F8C00200F09DFFD4F8D40204EB800090
:10A9A000C0F8C062C4F8BC62002070BDD0000020B6
:10A9B00010B5D0F8D41200EB8100D0F8C04284B1B9
:10A9C000D0F8C41259B194F80002FF2807D08B6860
:10A9D000214694F801229847FF2084F800020020C5
:10A9E00010BD032010BD00000A21018000487047FF
:10A9F000D400002070B5822106460D4800F0E1FA2F
:10AA0000012105460A4800F0DCFA81210446084885
:10AA100000F0D7FA0DB11021A9714FF0400104B137
:10AA2000A18000B1818043203080014870BD0000CA
:10AA3000E000002070B5822106460D4800F0C1FA02
:10AA4000012105460A4800F0BCFA81210446084865
:10AA500000F0B7FA0DB11021A9714FF4007104B1E3
:10AA6000A18000B1818043203080014870BD00008A
:10AA7000E000002070B5822106460D4800F0A1FAE2
:10AA8000012105460A4800F09CFA81210446084845
:10AA900000F097FA0DB11021A9714FF0400104B1F7
:10AAA000A18000B1818043203080014870BD00004A
:10AAB000E00000202DE9F0474FF4077504462846D2
:10AAC00000F008FF06004FF0000965D02946F5F7B1
:10AAD0004BFCD4F8D40201273C4D4FF4007A4FF0E0
:10AAE000100804EB8000C0F8C062C4F8BC62207C8F
:10AAF000F0B3297840230222204600F00CFC28788D
:10AB0000402300F00F0000EB800004EB80008784FE
:10AB100002226978204600F0FEFB697808230322B0
:10AB2000204601F00F0101EB810104EB8101A1F846
:10AB30006471A97801F00F0101EB810104EB81013F
:10AB4000A1F82680A97800F0E6FBA978C84601F0B4
:10AB50000F0101EB810104EB81018F84C6F804929F
:10AB6000D4F8D40204EB8000D0F8C402006800E0FE
:10AB70001AE006F501768047C6F81080C6F8148002
:10AB800032687AB1207CF8B140236978204600F021
:10AB9000CEFB0020BDE8F087D4F8D41204EB81018D
:10ABA000C1F8C0920220F5E72978022253462046D8
:10ABB00000F0B1FB2878534600F00F0000EB800056
:10ABC00004EB80008784A3E75346DEE7D000002033
:10ABD00010B5D0F8D41200EB8101D1F8C01259B1F0
:10ABE000027C084C002AD1F8042207D04023617867
:10ABF00000F09DFB002010BD032010BD4FF400733A
:10AC0000F5E70000D000002039B1D0F8D42200EBE5
:10AC10008200C0F8C4120020704703207047D0F8AB
:10AC2000D42200EB8200D0F8C00218B1C0F80412A0
:10AC30000020704703207047D0F8D43200EB830027
:10AC4000D0F8C00228B1C0F81022C0F808120020C5
:10AC50007047032070472DE9FC410646D0F8D40226
:10AC60000C46002106EB80000D46D0F8C0728DF82E
:10AC70000010ADF8041037B1217811F060022CD02B
:10AC8000202A48D102E00320BDE8FC81E288E2B13D
:10AC900009060BD5D0F8C402394683686078984716
:10ACA000E288072A00D9072239462CE0607887F825
:10ACB0000002E088402800D340203946C2B2304626
:10ACC00087F8012200F057F82AE0D0F8C4020022E9
:10ACD000214683686078984722E0607830B1012887
:10ACE0001ED00A2809D00B2815D110E096F89C0236
:10ACF000032810D1022201A905E096F89C0203283E
:10AD000009D101226946304600F04FF808E096F874
:10AD10009C02032804D02146304600F021F8032588
:10AD20002846B1E710B5D0F8B82200245268904701
:10AD300000B10324204610BD00207047002070475A
:10AD400013460A46002110B500F0F1FA002010BDAC
:10AD500013460A46002110B500F093FB002010BDF9
:10AD600010B58021044600F06DFB2046BDE8104080
:10AD7000002100F067BB10B5C0F858210323C0F8CC
:10AD80009432C0F85C2113460A46002100F0CFFA45
:10AD9000002010BD10B50521C0F8941200231A46FA
:10ADA000194600F0C4FA002010BD10B582610223DC
:10ADB000C0F89432C26113460A46002100F061FBDC
:10ADC000002010BD10B50421C0F8941200231A46CB
:10ADD000194600F056FB002010BD000004A00A46F2
:10ADE000024910B500F01BF9004810BD6869002049
:10ADF00043444320436F6E66696700001220088059
:10AE0000004870477400002004A00A46024910B5AB
:10AE100000F005F9004810BD686900204344432054
:10AE2000496E7465726661636500000004200880E5
:10AE3000004870477000002004A00A46024910B57F
:10AE400000F0EDF8004810BD6869002053544D69CA
:10AE500063726F656C656374726F6E696373000013
:10AE600004A00A46024910B500F0D9F8004810BD08
:10AE70006869002053544D333220566972747561ED
:10AE80006C20436F6D506F727400000010B51A2073
:10AE900008800B480A490830021F096800681468D6
:10AEA000081809D007490822FCF7BCFC0549042210
:10AEB00020461031FCF7B6FC0248801E10BD000091
:10AEC00000E8F11F8A000020F8B504460D46002076
:10AED000ADF800004888010A062947D006DC0129A0
:10AEE0000FD0022912D0032962D11DE0072946D0D4
:10AEF0000F295DD1D4F8B402C26920E069469047B9
:10AF00003BE0D4F8B412207C0A68F7E7207C0226E4
:10AF10000028D4F8B80205D0C16A684688470146BF
:10AF2000467036E0816AF8E7C0B2062840D2DFE812
:10AF300000F003090D111519D4F8B4024268B2B338
:10AF4000207CDBE7D4F8B4028268F8E7D4F8B402D6
:10AF5000C268F4E7D4F8B4020269F0E7D4F8B402A6
:10AF60004269ECE7D4F8B4028269E8E7207CF0B9E2
:10AF7000D4F8B802416B68468847014609E0207C56
:10AF8000A8B9D4F8B802016B684688470146072083
:10AF90004870EA888AB1BDF8000040B1824200D909
:10AFA00002462046ADF80020FFF7FFFEF8BDFFE7A0
:10AFB00029462046FFF7D4FEF8E72046FFF702FFB8
:10AFC000F4E778B542880D460178002604468A42A7
:10AFD00012D9ADF800100AE0694600F019F841787E
:10AFE000052904D181780646A94205D0002661884A
:10AFF000BDF800209142EFD8304678BD002102E034
:10B00000491C401CC9B20278002AF9D10846704791
:10B010000A8803781A440A8001780844704770B59A
:10B02000002816460D4620D00446FFF7E7FF02220F
:10B030000146100202EB4101814204D82046FFF78D
:10B04000DDFF4000801C30803378032102202B700C
:10B050000022697006E0431C2954D8B2411C641CCC
:10B060002A54C8B221780029F5D170BD01004FF0F3
:10B07000000004D0012901D0022901D0032070472B
:10B080000120704778B10023C0F8B832C0F8C4324C
:10B09000C0F8D03209B1C0F8B4120121027080F8B2
:10B0A0009C1200F0CFB80320704710B5D0F8C8024A
:10B0B000F8F743F8BDE81040FFF7D8BF10B5D0F857
:10B0C000C802F8F715F8BDE81040FFF7CFBF2DE92B
:10B0D000F041174604464FF0000521B194F89C0258
:10B0E000032842D04CE0D4F8941204F11400022951
:10B0F00035D1D0E902639E4206D9F21A3946826000
:10B100002046FFF725FE0FE0B34214D14068984275
:10B1100011D3D4F8981288420DD20022204611464D
:10B12000FFF716FEC4F8985200231A461946204627
:10B1300000F0FDF813E094F89C02032808D1D4F83D
:10B14000B802C16821B1C4F8D452C168204688470A
:10B150008021204600F076F92046FFF71BFE94F888
:10B16000A00268B184F8A0520AE0D4F8B80242699B
:10B1700032B1C4F8D452426920469047002800D129
:10B180000020BDE8F08170B5134604464FF0000280
:10B1900021B194F89C02032830D03AE0D4F89412FC
:10B1A00004F5AA70032934D1D0E902518D420AD99D
:10B1B0006A1A82600846824200D302461946204637
:10B1C000FFF7BEFD25E094F8AA0210F01F0003D09F
:10B1D000012802D0022800D0002294F89C02032803
:10B1E00008D1D4F8B802016921B1C4F8D4220169A8
:10B1F000204688472046FFF7E5FD0AE0D4F8B8026C
:10B20000836933B1C4F8D42282692046904700286C
:10B2100000D1002070BD0020704710B5D0F8B812E2
:10B22000012280F89C22002429B103794A68D9B20E
:10B23000904700B10324204610BDD0F8C802F7F7AC
:10B24000A9BF000070B5017839BB15490925154C17
:10B2500002230022C1F8E004C0F8C81208460C60BE
:10B260000D71CB718A714B728A72CA720A734A73FA
:10B270008A73CA73F8F708FB08B1F5F726FE084889
:10B280008021F7F7E4FE064840220021F7F7E3FEAD
:10B29000034880220121F7F7DEFE002070BD000088
:10B2A000887D002000000840D0F8C82201F07F000F
:10B2B0000B0600EBC00002EB800001D5807D7047DB
:10B2C00090F85602704710B5D0F8D42200EB8202F5
:10B2D000D2F8B82222B190F89C32032B02D004E0BD
:10B2E000032010BD126A02B19047002010BD10B5B6
:10B2F000D0F8D42200EB8202D2F8B82222B190F822
:10B300009C32032B02D004E0032010BD526A02B12C
:10B310009047002010BD10B51C46D0F8C802134657
:10B320002246F7F740FFBDE81040FFF79FBE10B57B
:10B33000D0F8C802F7F768FFBDE81040FFF796BEE7
:10B340002DE9F041044601250020D4F8B812064644
:10B3500084F89C52C4F894026060C4F8A40284F893
:10B36000A00231B14A6822B100212046904700B1C5
:10B3700003262046002240231146FFF7CCFF40273A
:10B38000A4F8645100223B4680212046C4F8607135
:10B39000FFF7C1FFA58430462762BDE8F08190F831
:10B3A0009C12042903D190F89D1280F89C12002071
:10B3B000704710B590F89C12032905D1D0F8B81247
:10B3C00011B1C96901B18847002010BD0174002086
:10B3D000704710B5D0F8C802F8F72AFBBDE8104056
:10B3E000FFF744BE70B5044600F2AA20054600F0FF
:10B3F00051F894F8AA020123B4F8B01210F01F0219
:10B40000C4F89432C4F898120AD0012A0ED0022A45
:10B4100012D000F080012046BDE8704000F012B864
:10B4200029462046BDE8704000F0D0B829462046A5
:10B43000BDE8704000F013BA29462046BDE87040D0
:10B4400000F05BB910B5D0F8C802F7F7F7FEBDE819
:10B450001040FFF70BBE10B5D0F8C802F8F702FB9A
:10B46000BDE81040FFF702BE90F89C12042903D0FB
:10B4700090F89C1280F89D12042180F89C12002004
:10B48000704710B5D0F8C802F7F711FFBDE81040BB
:10B49000FFF7ECBD70B5054608788C1C287048781D
:10B4A00068702046FEF736FAA41C68802046FEF736
:10B4B00031FAA880A01CFEF72DFAE88070BD38B5DF
:10B4C00004460020ADF80000A1B1C4F8B812D4F8C9
:10B4D000D40204EB8000D0F8B802C16A19B1684602
:10B4E0008847C4F8D002D4F8D802401CC4F8D80267
:10B4F000002038BD032038BDD0F8B8320246002005
:10B50000002B02D01B681046184770472DE9F04108
:10B510002C4E0446887800258846C1B20129317036
:10B5200006D941462046FFF71BFC0320BDE8F08109
:10B5300094F89C02022702280CD003281DD0414613
:10B540002046FFF70DFC31782046FFF7EBFB032583
:10B550002846EBE789B320466160FFF7CDFF050081
:10B5600004D041462046FFF7FBFB1DE02046FFF7D5
:10B5700029FC032084F89C02EAE7C1B16068884294
:10B580001BD0C1B22046FFF7CDFB31782046616069
:10B59000FFF7B2FF050010D041462046FFF7E0FB61
:10B5A00021792046FFF7BEFB84F89C72D0E76160EA
:10B5B00084F89C722046FFF7B5FB2046FFF702FC9B
:10B5C000C6E70000CC000020FFF745BF2DE9F041A1
:10B5D0000A784FF0000512F060020CD0202A01D04A
:10B5E000402A7DD1D0F8D42200EB8202D2F8B822D2
:10B5F0009268904731E04B78002201260A2B6FD2E7
:10B60000DFE803F041666E586E08056E2D29FFF7DE
:10B610005BFC67E004468888D8B9C888C8B9488800
:10B62000802816D294F89C2200F07F07032A10D0BD
:10B630003946204684F89E72FFF7CBFE2046FFF77E
:10B64000C1FB1FB1022084F89C024BE084F89C628D
:10B6500048E0204644E0FFF759FF054642E0CB882A
:10B66000012B3DD190F89C32012B04D0022B02D04B
:10B67000032B35D104E000F108018260012216E0BD
:10B680000122011D13E090F89C22012A03D0022A16
:10B6900001D0032A24D1CA88022A21D1D0F8A412C9
:10B6A000C66009B10321C160022200F10C01FFF75D
:10B6B0007CFB17E04A88012A02D0022A03D00FE05F
:10B6C000C0F8A46216E08988090A80F8A01211E087
:10B6D00090F89C32012B08D0022B06D0032B04D00B
:10B6E000FFF73EFB2846BDE8F08149880129F9D1E2
:10B6F000C0F8A422FFF766FBF4E72DE9F0410A78D1
:10B700000E460979054612F060004FF00008CCB2F1
:10B710000BD0202801D040286AD121462846FFF7C7
:10B720000BFBFF2800D0D8B396E07078C8B301288F
:10B7300024D003285CD195F89C02022802D003286B
:10B7400056D10CE0002C53D0802C51D021462846F5
:10B75000FFF778FE80212846FFF774FE7CE07088B2
:10B7600040B93CB1802C05D0F08818B92146284654
:10B77000FFF768FE2846FFF725FB6DE095F89C0271
:10B780000228DFD0032863D1708880BB600603D015
:10B7900021462846FFF789FC2846FFF713FBBCE744
:10B7A00000E00AE0C5F8D402D5F8B8028268F2B128
:10B7B00031462846904780464EE095F89C02002787
:10B7C000022802D0032843D113E00CB1802C3FD1D2
:10B7D000200604F07F0000EB800005EB800101D51E
:10B7E000143101E001F5AA7102220F602CE033E070
:10B7F0002EE0200604F00F0000EB800005EB800037
:10B8000009D5808C20B304F07F0000EB800005EBAD
:10B81000800614360AE0B0F86401C8B104F07F0075
:10B8200000EB800005EB800606F5AA764CB1802C73
:10B8300007D021462846FFF737FD10B101203060C0
:10B8400000E03760022231462846FFF7AEFA03E0F7
:10B8500031462846FFF784FA4046BDE8F08170B5CE
:10B86000054608780E464FF0000410F0600003D043
:10B87000202801D0402827D195F89C02012803D028
:10B88000022801D003281FD1B088C1B201291AD8DB
:10B89000C1B22846FFF752FAFF280CD058B9D5F8A4
:10B8A000B8128A683AB1C5F8D40228468A68314687
:10B8B0009047044600E00324F088204307D128463F
:10B8C000FFF780FA03E031462846FFF749FA2046A1
:10B8D00070BD704700487047687B002070B54D7898
:10B8E00001230A78012D1C4C02F00F0503FA05F321
:10B8F000D0F81C5817D000EB421245EA0343C0F8B9
:10B900001C38D2F8000B00040BD40B890979D2F84B
:10B91000000BC3F30A03184344EA81410843C2F809
:10B92000000B002070BD9EB23543C0F81C5800EBE0
:10B930004213D3F800090004F3D40D890979D3F830
:10B940000009C5F30A058904284341EA82510843E6
:10B950002043C3F80009E4E700800010D0F8001984
:10B960006FF30A01C0F80019D0F8041841F480718F
:10B97000C0F804180020704770B50D460446C2F3A5
:10B9800007211E460498012922D0E06840F04000BB
:10B99000E060204600F03CF8C6F307210029A16BC7
:10B9A0002ED021F48031A163C5F3074101290ED1C6
:10B9B000E16D154A89B2E165E16D1143E165A16868
:10B9C00041F00601A160A16841F02001A16070BDB5
:10B9D000A26BC3B20D49012B22F48030A063E06852
:10B9E00000EA0100E060E06820F44010E06003D16C
:10B9F000E06840F48010E060204600F009F8D3E7EA
:10BA000041F48031CFE700000000EE03BFFFBDFF2F
:10BA100008B500214FF070620091009B5B1C009301
:10BA200093420CD80369002BF7DA0091016941F0C9
:10BA3000010101610099491C0091914201D9032043
:10BA400008BD0169C907F5D1002008BD70B50A78A5
:10BA500001234C78012C00EB42122CD0D2F8004B81
:10BA6000002C0BDAD2F8004B44F00064C2F8004B13
:10BA7000D2F8004B44F08044C2F8004B0C78D0F868
:10BA80003C5804F00F0403FA04F425EA0444C0F817
:10BA90003C480978D0F81C4801F00F018B401C4944
:10BAA00024EA0343C0F81C38D2F8000B0840C2F85F
:10BAB000000B002070BDD2F80049002C0BDAD2F840
:10BAC000004944F00064C2F80049D2F8004944F04B
:10BAD0008044C2F800490D78D0F83C4805F00F05C5
:10BAE0000C4E03FA05F5ADB2AC43C0F83C48D0F8B3
:10BAF0001C48097801F00F018B4099B28C43C0F8C3
:10BB00001C48D2F800093040C2F80009D1E7000013
:10BB10000078F3EF007833ECD0F8001E21F0030139
:10BB2000C0F8001ED0F8041821F00201C0F8041873
:10BB300000207047D0F8001E21F00301C0F8001E5D
:10BB4000D0F8041841F00201C0F804180020704732
:10BB50002DE9F04F00250F46904604462E46284614
:10BB600004EB8001C1F80451401C0F28F8D3C3F343
:10BB700007405FEA0009204610D0806B40F40011B6
:10BB8000C4F83810C8F30720C4F8005E0128204626
:10BB900017D0D0F8001841F0030119E0D0F80408DC
:10BBA00040F00201C4F80418A06B20F40011A16356
:10BBB000206840F040012160206840F08001216051
:10BBC000E0E7D4F80018380E204601D041F001011A
:10BBD000C0F80018102100F08CFA00B101262046B0
:10BBE00000F06BFA00B101264FF67F3A4FF0006C7F
:10BBF000C4F810584FF0904BC4F81458C4F81C58AF
:10BC00000020FAB214E000BF04EB4011D1F8003973
:10BC1000002B06DA10B1C1F800B904E0C4F800C97D
:10BC200001E0C1F80059C1F81059C1F808A9401C39
:10BC30008242E9D8002013E004EB4011D1F8003B28
:10BC4000002B06DA10B1C1F800BB04E0C4F800CB49
:10BC500001E0C1F8005BC1F8105BC1F808AB401C03
:10BC60008242E9D8D4F81008C7F30742002A6FF0DF
:10BC7000804120F48072C4F81028A561616103D16D
:10BC8000A06940F01000A061A069C8F30741094A0B
:10BC90001043A06119B1A06940F00800A061B9F19A
:10BCA000010F03D1A06904490843A0613046BDE8F3
:10BCB000F08F000000383C8004000040816821F0D3
:10BCC000010181600020704710B5144C036CA34241
:10BCD00003D9D0F8003B002B1EDB0023C0F8103B3B
:10BCE0000129D0F8101B41F40021C0F8101BD0F836
:10BCF000101B41F01801C0F8101BD0F8101B41F0C8
:10BD0000C041C0F8101B07D1C0F8142BD0F8001B9D
:10BD100041F08021C0F8001B002010BD0A30544FB4
:10BD20000B784A78012A00EB43100BD0D0F8002B97
:10BD300022F40012C0F8002B0979032914D002293B
:10BD400012D017E0D0F8002922F40012C0F8002920
:10BD50000979032901D002290CD1D0F8001941F04A
:10BD60008051C0F8001905E0D0F8001B41F0805167
:10BD7000C0F8001B002070470A784B78D1B2012B25
:10BD800000EB421012D0D0F8002B002A06DB29B1BC
:10BD9000D0F8001B21F08041C0F8001BD0F8001B38
:10BDA00041F40011C0F8001B00207047D0F80029B2
:10BDB000002A06DB29B1D0F8001921F08041C0F833
:10BDC0000019D0F8001941F40011C0F80019EBE790
:10BDD000F8B50B786FF060464F788C4DDCB2012FD0
:10BDE00000EB43132BD0D3F8107B002C07EAC5449B
:10BDF000C3F8104BD3F8104B04EA0504C3F8104BFA
:10BE00007ED00D69002D7CD08C6825446D1EB5FB5D
:10BE1000F4F5ADB26C430C6206EAC545D3F8104B9D
:10BE20002C43C3F8104BD3F8104B0D6AC5F3120521
:10BE300054EA0504C3F8104B012A73D0CEE00F6911
:10BE400007B3D3F810796FF31207C3F81079D3F85A
:10BE5000107907EA0507C3F810791CB3D1F810C0B0
:10BE60008D68D3F81079AC44ACF1010CBCFBF5F54E
:10BE7000ADB206EAC5463743C3F810790E79012EF4
:10BE80001CD02AE0D3F810692E40C3F81069D3F80B
:10BE9000105945F40025C3F81059D3F810596FF321
:10BEA000120520E00E698D68AE4200D90D61D0F810
:10BEB000106946F40026C0F810690EE0D3F8106946
:10BEC0004FF0C04707EA457726F0C046C3F810692F
:10BED000D3F810593D43C3F810590E69D3F81059DF
:10BEE000C6F312063543C3F81059012A1BD000EBE4
:10BEF0004413D3F8004944F00444C3F8004901E076
:10BF000047E05AE00C79012C2ED00A695AB30B781D
:10BF1000D0F83418012203F00F039A401143C0F8FF
:10BF2000341871E056E0CA691AB100EB4413C3F843
:10BF30001429097901290ED1D0F80818C90500EB98
:10BF40004411D1F8002902D442F0005201E042F03D
:10BF50008052C1F8002900EB4410D0F8001941F0DC
:10BF60000441C0F800194FE0D0F80848E405D3F8C0
:10BF7000004902D444F0005401E044F08054C3F876
:10BF8000004900920B8A0A78C9689BB200F0E0F978
:10BF90003AE00C690CB18C680C618C680C62C4F3DB
:10BFA0001205D0F8104B2C43C0F8104BD0F8104BB2
:10BFB00044F40024C0F8104B3EE78D68D3F8104BD2
:10BFC000C5F312052C43C3F8104BD3F8104B44F4BF
:10BFD00000242FE7CA680AB1C3F8142B0979012994
:10BFE0000CD1D0F80808C005D3F8000B02D440F0FB
:10BFF000005001E040F08050C3F8000BD3F8000B74
:10C0000040F00440C3F8000B0020F8BDFFFF07E03C
:10C0100038B5002242F21074002300920A784D785D
:10C02000012D00EB421219D0D2F8005B002D3CDA52
:10C03000D2F8005B45F00065C2F8005B0A7800EBBF
:10C040004212D2F8005B45F08045C2F8005B009ACE
:10C05000521C0092A24221D9012326E0D2F80059B5
:10C06000002D22DAD2F8005945F00065C2F80059D7
:10C070000A7800EB4212D2F8005945F08045C2F828
:10C080000059009A521C0092A242E5D80A7800EBAF
:10C090004212D2F80029002AF3DB06E00A7800EB0E
:10C0A0004212D2F8002B002AD1DB184638BD816835
:10C0B00041F0010181600020704708B500214FF078
:10C0C00070620091009B5B1C009393420AD8036945
:10C0D000002BF7DA0091102303610099491C0091AD
:10C0E000914201D9032008BD0169C906F5D4002099
:10C0F00008BD18B500224FF070630092009C641CCC
:10C1000000949C420CD80469002CF7DA2024009299
:10C1100044EA811101610099491C0091994201D9B9
:10C12000032018BD01698906F5D4002018BDD0F898
:10C13000080810F0060004D0022803D0062801D019
:10C140000F20704702207047406900F001007047DF
:10C15000D0F81818D0F81C08084080B27047D0F802
:10C160001818D0F81C080840000C704710B5D0F81B
:10C17000102801F00F0300EB4114D0F83418D4F864
:10C180000809D94001F0010142EAC111084010BD7F
:10C1900000EB4111D1F8081BD0F814080840704793
:10C1A00041698069084070470346084630B59408E5
:10C1B00002F00301002203F5805303E01D68521CC6
:10C1C00040F8045BA242F9D300290CD01C6800237C
:10C1D000491EDD00090403F10103090C24FA05F2EC
:10C1E00000F8012BF4D130BD70B50446C0680129B8
:10C1F0004FF0000520F0C040E06001D079B120E0B0
:10C20000E06840F00050E0600A20F6F703FC606947
:10C210000A3510F0010F10D1C82DF5D30DE0E068FC
:10C2200040F08040E0600A20F6F7F4FB60690A35D0
:10C2300010F0010F01D0C82DF5D3C82D01D000207A
:10C2400070BD012070BDD0F800284FF4FE6303EAF2
:10C25000011322F4FE62C0F80028D0F80018194338
:10C26000C0F8001800207047022A3ED1264A274B0A
:10C270000A449A4201D20F2138E0254A254B0A444C
:10C280009A4201D20E2131E0234A244B0A449A42B9
:10C2900001D20D212AE0224A224B0A449A4201D2BD
:10C2A0000C2123E0204B214A0B44934201D20B2165
:10C2B0001CE01F4B1F4A0B44934201D20A2115E098
:10C2C0001D4B1E4A0B4493420FD31D4B1D4A0B447A
:10C2D000934201D2082109E01B4B1C4A19449142A8
:10C2E00001D2072102E0062100E00921C2684FF4D3
:10C2F000705322F47052C26003EA8123C16819436B
:10C30000C160002070470000405327FF00350C003B
:10C31000401E1BFF40420F0000DC0BFF804F12004D
:10C32000808CF9FE20D6130060B6E5FE60E31600AF
:10C3300000D3CEFE40771B00C05BB3FEC09121004E
:10C3400000CA91FE20753800E05459FEE09C41007F
:10C3500010B5029C74B900EB0232DB1C00209B0874
:10C3600002F5805204E000BF51F8044B1460401CF9
:10C370009842F9D3002010BDFEE7090700284FEAD4
:10C38000116104DB00F1E02080F80014704700F038
:10C390000F0000F1E02080F8141D704702E008C88B
:10C3A000121F08C1002AFAD170477047002001E02F
:10C3B00001C1121F002AFBD1704770B50025044649
:10C3C0006FF02F0608E0206805EB8502411C216014
:10C3D00006EB4202007885182068007800F004F827
:10C3E0000028F0D1284670BD3038092801D8012036
:10C3F00070470020704700000848442110B500F045
:10C40000B3FC074800221E211EF068FA054CA0600C
:10C4100001F0A0FD0020207010BD0000B8830020B6
:10C420000DE00008C40100202DE9F84F0E468146BA
:10C4300017461146304600F023F940B10022394634
:10C44000304600F0C9F828B10020BDE8F88F4FF061
:10C45000FF30FAE7B6F906C00020B6F90210421E16
:10C46000B6F904E0B6F900B0ACEB010CB7F8028005
:10C470000CF1010CAEEB0B038A465B1C02FA83F352
:10C4800002FA8CFCA8EB0A0109B21AB200920FFA68
:10C490008CF200290EDD6BF30F040AEB01036EF33F
:10C4A0000F056AF31F44C9F8004063F31F45C9F83C
:10C4B00004500120B7F906107388CB1AD21A12B2B1
:10C4C000002A15DDB6F90630994211DAB6F8008077
:10C4D00009EBC003B6F804C00A44401C68F30F041B
:10C4E0006CF30F0561F31F441C6062F31F455D6030
:10C4F000B7F90220B6F902108A4200DD1146B7F9F9
:10C500000630B6F90620934200DA1A46B7F800C0A2
:10C51000B6F90030521A0FFA82F8ACEB030C0FFA9E
:10C520008CF2002A13DDB8F1000F10DD63F30F0465
:10C53000134401EB080C63F30F0509EBC00361F32F
:10C540001F44421C1C606CF31F4510465D60B7F928
:10C5500004203388D61A009B9B1B1BB2002B7FF74D
:10C5600078AF62F30F0401EB080661F31F44134434
:10C5700009EBC00163F30F05421C0C6066F31F4515
:10C5800010464D6061E770B5B1F90040B2F9003076
:10C590009C4200DD23460380B1F90250B2F902400B
:10C5A000A54200DD2C464480B1F90460B2F9045084
:10C5B000AE4200DA35468580B1F90610B2F90620A0
:10C5C000914200DB1146C180AB424FF0010001DC1B
:10C5D0008C4200DD002070BDF8B50D46B1F90010A9
:10C5E0000446B0F900001646884247DBB4F9021051
:10C5F000B5F90220914241DBB4F90410B5F90420E9
:10C6000091423BDCB4F90610B5F90620914235DCC5
:10C6100096B3ADF80000324660886946ADF8020076
:10C62000284600F099F8002827D0A0883246ADF8B7
:10C63000000069466088ADF80200284600F08CF8DA
:10C6400000281AD020883246ADF800006946E088FC
:10C65000ADF80200284600F07FF800280DD0A08831
:10C660003246ADF800006946E088ADF80200284681
:10C6700000F072F8002800D00120F8BD0020F8BDBD
:10C68000B0F90020B1F904309A4213DCB0F904206B
:10C69000B1F900309A420DDBB0F90220B1F9063051
:10C6A0009A4207DCB0F90600B1F90210884201DBBA
:10C6B0000120704700207047F8B50D46B1F9001011
:10C6C0000446B0F904001646884243DBB4F906007C
:10C6D000B5F9021088423DDBB4F90000B5F9041049
:10C6E000884237DCB4F90210B5F90620914231DCFA
:10C6F00076B3ADF80000324660886946ADF80200B6
:10C70000284600F029F818BBA0883246ADF8000092
:10C7100069466088ADF80200284600F01DF8B8B9F7
:10C7200020883246ADF800006946E088ADF8020086
:10C73000284600F011F858B9A0883246ADF800003C
:10C740006946E088ADF80200284600F005F808B117
:10C750000020F8BD0120F8BD2DE9FC410546B1F9E6
:10C7600000000E461446B5F9001088423ADBB5F9D0
:10C770000470B84236DCB6F90200B5F902309842CE
:10C7800030DBB5F9062090422CDC002C75DD781AE0
:10C79000D21A401C521C00B212B200EBD07002EB55
:10C7A000D27240105210904200DB1046844200DDED
:10C7B0000446ADF800102888002231462044ADF828
:10C7C00004006888ADF8020068882044ADF80600CF
:10C7D0006846FFF7C1FF40B1BDF804002044ADF842
:10C7E00004003FE00020BDE8FC81E88800223146DB
:10C7F000001BADF80200E888ADF806006846FFF7B8
:10C80000ABFF28B1BDF804002044ADF8040011E0EE
:10C81000A88800223146001BADF80000A888ADF8BA
:10C8200004006846FFF798FF50B1BDF80000001BF8
:10C83000ADF80000BDF80200001BADF8020016E0E4
:10C8400068880022ADF80200314668882044ADF8BF
:10C8500006006846FFF780FF70B1BDF80000001BBE
:10C86000ADF80000BDF806002044ADF806003146E2
:10C8700068461BF057FBB6E7FFE70120B3E710B5AA
:10C88000B1F90040B2F900309C4200DA234603803F
:10C89000B1F90240B2F902309C4200DA23464380EB
:10C8A000B1F90440B2F904309C4200DD2346838094
:10C8B000B1F90610B2F90620914200DC1146C180A0
:10C8C00010BD10B518B910F00BFC002800D040685E
:10C8D00010BD0000F8B505461DF09CFF374C002642
:10C8E0000746009635B1E868606028461EF0C4F837
:10C8F000606802E010F0F4FB606000691BF014FA5D
:10C900006068406908B11BF00FFA6068C0691BF0ED
:10C910000BFA6068006A1BF007FA6068016991B160
:10C920001BF094FB20F0A2FA1FF0C4FF6068B0F87F
:10C930005011D9B30068017CC9071DD0C068406898
:10C94000D0B1002513E0A0F85061F8BD411991F86D
:10C95000301151B900F5AC7000F05DFA616801EB7F
:10C96000C5010A6B0260496B41606D1CADB2606825
:10C97000B0F85011A942E9D860684FF480713030A6
:10C9800016F05AFE6068202100F5987016F054FEEB
:10C990006068A0F8506138461DF035FF009060686F
:10C9A0000068436A13B122680099984716F0D2FCD8
:10C9B00000F032F8BDE8F84000F002B8880100202D
:10C9C00070B50A4D5FF00004C4EBC40655F82600AC
:10C9D00008B116F033FD1C2105EB860016F02CFE85
:10C9E000641CE4B2042CEFD370BD000094840020DA
:10C9F000084949680AE04A68824202D00A688242CD
:10CA000003D10A7E42F001020A7649690029F2D177
:10CA1000704700005C0100207047000001480421BD
:10CA200000F0A2B9AC8300200148202100F09CB99D
:10CA3000C48300202DE9FF411D0004464FF0000093
:10CA4000DDE90A6702D1B6F5807F2BD003903B4623
:10CA500001900290ADF80C1000906846ADF80410FB
:10CA60002946ADF80A20ADF80E2032461BF0C0F979
:10CA700001A83B46324629461BF0BAF902A83B46BC
:10CA8000324629461BF0B4F903A83B4632462946F4
:10CA90001BF0AEF9BDF90030BDF90400834209DA9C
:10CAA0001D4608E0491EA180521EE2802080608061
:10CAB000BDE8FF810546BDF90820BDF90C108A428A
:10CAC00001DA164600E00E46B54203DA834206DA82
:10CAD000184604E08A4201DA104600E00846801E4B
:10CAE0002080BDF90030BDF90420934201DD1D46D0
:10CAF00000E01546BDF90800BDF90C10884201DDC3
:10CB0000064600E00E46B54205DD934201DD1946BA
:10CB100004E0114602E0884200DD0146891CA18044
:10CB2000BDF90230BDF90620934201DA1D4600E04E
:10CB30001546BDF90A00BDF90E10884201DA064615
:10CB400000E00E46B54205DA934201DA194604E0E8
:10CB5000114602E0884200DA0146891E6180BDF973
:10CB60000230BDF90620934201DD1D4600E0154666
:10CB7000BDF90A00BDF90E10884201DD064600E04D
:10CB80000E46B54205DD934201DD194604E011462B
:10CB900002E0884200DD0146891CE18088E7000050
:10CBA0002DE9F041124C15460E4607461DF032FEA7
:10CBB00080462B4632463946204614F05FFC20B1B1
:10CBC000E1690020A06251B110E02C21204616F04E
:10CBD00033FD4FF00040A0620020BDE8F0814046E8
:10CBE0001DF011FEE06108B90120E0612046F4E784
:10CBF000E88300200848142110B500F0B5F814F0BF
:10CC000003FC40B105490160054941600549816067
:10CC10000549C16010BDFEE7D0830020D50D020894
:10CC20005511020825130208A10D02087FB5040062
:10CC30000E4603D110F054FA04002ED010F0C4FABE
:10CC400000282AD094F82800400726D44FF0000589
:10CC500026B3ADF800502046ADF8025010F058FA57
:10CC6000401EADF80400204610F098FA401E6A46B7
:10CC70003146ADF8060002A8FFF785FC00280CD06D
:10CC80002068017C89070CD5DDE90012606801236A
:10CC9000A4F85031C4E90C1280BB7FBDA4F85051F8
:10CCA0007FBD82690AB102A9904700260BE000BF50
:10CCB00004EBC6010022303102A8FFF78DFC0028EA
:10CCC000EED1761CB6B2B4F85001B042F0D880B2C2
:10CCD000202804D204EBC000303002A904E004F1A3
:10CCE00030006946A4F850510DF093FFB4F850118C
:10CCF0006068491CA4F850110028D1D01DF0C8FE6E
:10CD00007FBD70B5054600F012F804460CE02146E0
:10CD1000284600F01EF806462146284600F0A2F8F4
:10CD2000204616F08BFB3446002CF0D170BD002855
:10CD300000D0406870470022034600B5FFF7F7FFB8
:10CD400003E0521C184600F004F80100F9D1104627
:10CD500000BD0068091D4058704700684058704782
:10CD6000002800D08068704700224260C91C8260A1
:10CD700021F003010160704770B504460068083077
:10CD800016F0D0FA050013D00022014620461FF00D
:10CD900035F86268294620461FF02AF8616819B103
:10CDA0002A4620461FF02AF8A068656000B9A560F1
:10CDB000284670BD2DE9F04106000C460AD04CB162
:10CDC000FFF7B5FFA04208D13046FFF7D5FF051E9B
:10CDD00001D01EE00020BDE8F0813068083016F078
:10CDE000A1FA051EF7D030682A4607593046394661
:10CDF0001EF0FEFF3A46294630461EF0FFFF2A4647
:10CE0000214630461EF0FAFF2246294630461EF0E3
:10CE1000EFFF2846DFE770B504460068083016F0DB
:10CE200081FA050013D00022014620461EF0E0FFE3
:10CE3000A268294620461EF0E1FFA16819B12A46E2
:10CE400020461EF0D5FF6068A56000B965602846E1
:10CE500070BD28B1416809B9806808B100207047E9
:10CE60000120704770B504000ED0FFF760FF8842C4
:10CE70004FF00002204608D1FFF76BFF011E6060F3
:10CE800001D000221EE0A26070BDFFF769FF88425A
:10CE9000206808440AD10168A16029B12046BDE894
:10CEA000704000221EF0A4BF626070BD056820467D
:10CEB000FFF74FFF06460246294620461EF098FF20
:10CEC0002A4631462046BDE870401EF097BF10B597
:10CED0000446006882680AB12146904720680068CD
:10CEE000002801D02060F5E710BD8068002801D03F
:10CEF000B0F9160070478068002801D0807E800954
:10CF0000704770B516460C46054651EA06001AD021
:10CF1000284617F0F7F8A86801233246018A214411
:10CF20000182A868418A314441822146284619F08D
:10CF30009DFC002228460B2113F0EEF9012803D1B5
:10CF4000284619F0EDFB012070BD77B505000E46AF
:10CF500081B017D0622218F00EFF040012D02068B2
:10CF600080B163222846314618F005FF10F0FF0219
:10CF700008D023682046039998470090BDF8000028
:10CF8000ADF80C00039804B070BD00002DE9F04727
:10CF900092B00746408C994690468A461A9E40F0C9
:10CFA0000800788438463A84328918F0E4FEA7F8FD
:10CFB0002090054632895146384618F0DCFE04467A
:10CFC000788CA54220F00800788403D12904B1EBC5
:10CFD000044F68D0A7F8208051463289384618F0AF
:10CFE000CAFE0546804651463846A7F820900BF009
:10CFF00085FC00682A4631891CF0BEF930890B286F
:10D0000023D147F6FF794D4501D04C451DD1384617
:10D0100019F078F800EBD0704510384617F047FF4C
:10D0200000EBD0704010C84506D1691C431C9942E2
:10D0300000DA00E0194688464C4506D1691C421CBE
:10D04000914201DA6C1C00E014461948FFF794FE87
:10D0500005002BD02F60C5E903843089A88068467D
:10D06000C5F808A00DF036F81248FF21CDE90050B0
:10D07000114802901148039000200890CDE9090161
:10D0800030880B9070889DF8421040420C90F068F8
:10D090000790002060F300018DF84210306906907F
:10D0A00068460DF08BF812B0BDE8F087FEE700008F
:10D0B000DC830020E9010308CD03030829030308EA
:10D0C00001481421FFF750BEDC8300202DE9F84F02
:10D0D000042790460025894606462C46E6E000BF18
:10D0E000F06807EBC401405881017CD480B230EA7B
:10D0F000090112D05FF0000130EA08000FD00020D3
:10D10000814270D0F06810216A4650F8340082469F
:10D110001BF07CFE002871D103E00121ECE7012027
:10D12000EEE711216A4650461BF070FE002865D1DB
:10D1300012216A4650461BF069FE00285ED1132179
:10D140006A4650461BF062FE002857D115216A46F8
:10D1500050461BF05BFE002850D114216A46504611
:10D160001BF054FEF0BB0A216A4650461BF04EFEEF
:10D17000C0BB6B216A4650461BF048FE90BB6C2139
:10D180006A4650461BF042FE60BB01216A4650468B
:10D190001BF03CFE30BB04216A4650461BF036FEB5
:10D1A00000BB02216A4650461BF030FED0B9032175
:10D1B0006A4650461BF02AFEA0B905216A46504631
:10D1C0001BF024FE70B906216A4650461BF01EFE75
:10D1D00040B932216A4650461BF018FE10B96E2144
:10D1E0006A4601E00AE060E050461BF00FFE28B9F5
:10D1F0006D216A4650461BF009FE10B10320BDE8C0
:10D20000F88F69216A4650461BF000FEF0BB6A2188
:10D210006A4650461BF0FAFDC0BB6E216A46504676
:10D220001BF0F4FD90BB6D216A4650461BF0EEFDED
:10D2300060BB37216A4650461BF0E8FD30BB382101
:10D240006A4650461BF0E2FD00BB35216A46504657
:10D250001BF0DCFDD0B940216A4650461BF0D6FDDC
:10D26000A0B945216A4650461BF0D0FD70B9412156
:10D270006A4650461BF0CAFD40B942216A465046F4
:10D280001BF0C4FD10B943216A4600E009E0504696
:10D290001BF0BCFD28B949216A4650461BF0B6FD7B
:10D2A00008B1022501E005B90125641C708CC0F3AA
:10D2B0000510A0423FF614AF2846A0E70148406899
:10D2C00070470000880100207047C0F30410072851
:10D2D00000D9072070470000A0F57F41FF3905D035
:10D2E000002804D0712803D208490AE01F207047A3
:10D2F0000749713880B2096829B1064A52689042DC
:10D3000001D2085C7047002070470000D85703081E
:10D31000F0010020040200200448182110B5FFF796
:10D3200023FD03490120087010BD00008883002000
:10D330000C0200202DE9F041050090460C4615D066
:10D34000F3F71DF80A4F064621462846BA6890476B
:10D35000BA6804462819414690470146701A03E00E
:10D360006218AA5C2A55641CA042F9D2BDE8F0817B
:10D37000200200202DE9F041094D90460E461C4642
:10D38000074619466A689047306020B1206800213E
:10D390006A6838449047C8F80000BDE8F081000092
:10D3A000200200202DE9F04F87B01F4693468A46A1
:10D3B00004464FF00001DDE9105805B1298064B141
:10D3C000207800280AD0BAF1000F06D018F0060F16
:10D3D0004FF0000615D0002004E0002007B0BDE8A3
:10D3E000F08F401C215C0A2904D00D2902D00029AD
:10D3F000F7D100E0401C002DF0D04FF0FF31298024
:10D40000ECE75FEA887001D541F6FF778946084668
:10D410008DF81410049126E00498CDF8189060B3AC
:10D42000002351460DF1180C05AACDE90223CDE9E0
:10D43000008C20443B465A461DF070FC0699A7EB31
:10D440000102314417B20EB288B10499014404912B
:10D4500020780A280BD00D2809D0605C0A280ED04D
:10D460000D280CD00846205C08B1002FD4DC0498AD
:10D4700040B105B12E800498B0E70123D1E7481CE4
:10D480000490F4E7064A04A9204652689047002D0C
:10D490000146F0D00022504613F056F806B2E9E7F4
:10D4A000200200202DE9F0410600174688461ED0D4
:10D4B000002F1CD0F2F763FF04463846F2F75FFFF7
:10D4C000050014D00B4A2C444146304692689047E0
:10D4D000411903E0621BB25C3255641EA142F9D9C6
:10D4E00030442A463946BDE8F04116F06DB8BDE833
:10D4F000F081000020020020027823294FF0000371
:10D5000002D0012A0ED012E032B1012A4FF0000100
:10D5100004D0022A04D00AE0012106E0017006E0EE
:10D520000123FBE7202901D10221017001231846C4
:10D5300070472DE9F0410E468046002133460246F1
:10D5400008461DF037FE00270446401C15F0EAFE91
:10D55000050008D0611C334642462F551DF02AFEB7
:10D560002846BDE8F081FEE72DE9F0471E46144647
:10D570000D468246DDF8209015E000BF4FEA5408C2
:10D580004A46504608FB065739469047002808DDB2
:10D5900044F30000C0EB540407EB0605A4F10104BA
:10D5A00001E005DA4446002CE8D12046BDE8F087CA
:10D5B0003846FBE72DE9FC5F9B4681460CAB8A466B
:10D5C000DDE91160DDE90F5793E812105FEA80781A
:10D5D0004FF030031AD45EB15FEAC07808D000F093
:10D5E0000C0858EA0C0803D0761E01E00B55641CA9
:10D5F000BC4204D2202CF9D301E00B55641C5FEA35
:10D60000C07803D0B44201D2202CF6D35FEAC068C0
:10D6100025D55FEA40580AD44CB1BC4201D0B4428F
:10D6200005D1641E03D0102D03D1641E04E0102D1B
:10D6300002D0022D0AD00EE0850603D4202C1ED283
:10D64000782506E0202C1AD2582502E0202C16D28C
:10D6500062250D55641C202C11D20B55641C202C06
:10D660000DD2BCF1000F01D02D2306E0430701D5F8
:10D670002B2302E0030702D520230B55641CC84668
:10D68000CDE900BA15468B468146AA46800714D1DB
:10D69000274607E02A46C4466D1C2020DDE90031FC
:10D6A000E0477F1CB742F5D307E02A466D1C641E95
:10D6B000DDE900311BF80400C047002CF5D15FEA1A
:10D6C000897006D409E02A466D1C2020DDE900316E
:10D6D000C047A5EB0A00B042F5D32846BDE8FC9F41
:10D6E0002DE9F04F8FB099468B46924686464FF013
:10D6F0000002DDE91818DDE91C63DDE91A4709B904
:10D7000023F0100307AD580500D5C9B1B1FBF4F003
:10D7100004FB1010C0B20A2801D2303009E05FEAE1
:10D72000836C02D54FF0410C01E04FF0610C604476
:10D730000A38B1FBF4F1A854521C09B1202AE5D3F0
:10D74000CDF808805946CDE90563CDE90052CDE911
:10D7500003474B4652467046FFF72CFF0FB0BDE81B
:10D76000F08F2DE9FF4F8FB01CACDDE9239594E8D5
:10D77000030820AC94E8C004002450EA010201D15F
:10D7800025F010050DF11C086A0502D550EA0102CA
:10D7900017D032463B46F2F79DFDD2B20A2A01D29B
:10D7A000303206E0AB0601D5412300E061231A4484
:10D7B0000A3A08F80420641C50EA010201D0202C27
:10D7C000E7D3CDE900840FAFCDF808B0CDE90595DA
:10D7D000CDE9036A97E80F00FFF7ECFE13B0BDE850
:10D7E000F08F9A4200D28854704770472DE9FF4F5E
:10D7F00089B0054692464FF000040A98002800D1EF
:10D80000F74D6EE1252804D00A992246641C534640
:10D810002DE2491C4FF0000808460C9101782B2995
:10D8200019D004DC202919D0232904D119E02D298D
:10D830000ED0302909D00026C8B2FEF7D5FDB0B110
:10D840000CA8FEF7BAFD06461FE048F001010AE009
:10D8500048F0020107E048F0040104E048F0080144
:10D8600001E048F01001401C88460C90D6E70C9966
:10D8700008782A2809D1169840C81690002E02DA96
:10D88000764248F00208491C0C910C984FF0000BAE
:10D8900001782E2919D1401C0C9048F4806800783A
:10D8A000FEF7A2FD20B10CA8FEF787FD83460CE031
:10D8B0000C9801782A2908D1169904C91691002AD2
:10D8C00000DC0022401C93460C900C9801786C29D7
:10D8D0000AD004DC68290FD06A2919D128E07429FC
:10D8E00029D07A2914D126E0401C0C9048F4807885
:10D8F00001786C291CD00BE0401C0C9048F080088B
:10D900000178682904D148F04001401C88460C90F9
:10D9100002460078692822D015DC62281FD00DDC71
:10D92000252872D050281AD058287FF46DAF16E001
:10D9300048F40071E9E748F48071E6E763287DD098
:10D940006428F2D10BE0732879D004DC6F2806D06C
:10D950007028EAD103E0752801D07828E5D178282D
:10D960000DD058280BD070280BD0502809D06F2824
:10D9700016D0622816D00A2128F0100816E01021CF
:10D9800007E05378102148F48878562B04D1521CB4
:10D990000C921078582807D01078502804D005E051
:10D9A000082108E0022106E048F0200810786928E4
:10D9B00003D0642801D028F00C085FEA485001D554
:10D9C00028F001081078692820D064281ED0562835
:10D9D0007ED05FEA88507CD5169804ABC01D00222B
:10D9E00083E8060820F007000292CDE9076800F1FD
:10D9F00008015346026816914068CDE9002022468E
:10DA00000A992846FFF7ADFE67E02BE15FEA8850F0
:10DA100028D516984FF0000CC01D20F0070202F127
:10DA200008001690D2E90002CDE9041CCDF818B028
:10DA3000002ACDE9076803DA012602E09AE0C4E093
:10DA400000260296002319461B1A914101DA11465D
:10DA500003E00021404261EB020153462246CDE93A
:10DA60000001CDE75FEAC8500FD5169A01CA169299
:10DA7000CDE9021BC10F0028CDE9046800DC40425B
:10DA80005346CDE90001224620E05FEA486005D513
:10DA9000169810F8042B1690D0B20BE05FEA0860DD
:10DAA00005D5169830F8042B169010B202E0169A9D
:10DAB00001CA1692CDE9021BC70F0028CDE9046800
:10DAC00000DC40425346CDE900072246284601E0EB
:10DAD00010E01FE00A99FFF703FE04460C98401C73
:10DAE0000C900C99087800287FF48CAE544576D2BF
:10DAF0002246C0E01699AAEB040201C916914168BA
:10DB00000968009103680A9801192846FFF76EFE1C
:10DB10000444E3E75FEAC8500DD5CDE9021B16982F
:10DB20000022CDE90468011D169153460068CDE935
:10DB300000022246CAE75FEA486005D5169810F849
:10DB4000042B1690D0B20BE05FEA086005D516985A
:10DB500030F8042B169090B202E0169A01CA169281
:10DB60000027CDE9021B53462246CDE90007CDE947
:10DB70000468ABE75FEA88704FF0010706D509E05B
:10DB800022460A99641C53462020A847B74207F151
:10DB90000107F5D316982246641C534610F8041B5F
:10DBA000169001F0FF0C0A996046A8475FEA88705A
:10DBB00006D493E722460A99641C53462020A847BE
:10DBC000B74207F10107F5D388E7169850F8049B90
:10DBD0001690BBF100004B4604D0024604E048E03A
:10DBE000EBD700084FF0FF32484600E0401C0178B8
:10DBF00011B1521E511CF9D1C71A5FEA485003D522
:10DC00005F45584600D307465FEA887006D511E0A5
:10DC100022460A99641C53462020A847B74207F1C0
:10DC20000107F5D306E009F101092246641C0A99AF
:10DC30005346A84799F8000028B15FEA4851F2D549
:10DC4000BBF1010BEFD25FEA887006D446E72246AB
:10DC50000A99641C53462020A847B74207F10107E0
:10DC6000F5D33BE722460A99641C53462520A84772
:10DC700034E7AAF101020A9900205346A8470DB0E3
:10DC80002046BDE8F08F4FF0000210B568B14B1E82
:10DC9000194200D0FEE70844401E9843B0F5803F8B
:10DCA00003D20C2800D80C200246104610BD4A1E94
:10DCB0000844A0F10100114220EA020000D0FEE772
:10DCC000704700002DE9F0410F46044601214186CE
:10DCD00000252E460BE01B49F2F758FB10B16D1CD6
:10DCE000ADB202E0608E401C6086761CB6B257F87A
:10DCF000260010B101780029EDD1208EA8421ED057
:10DD0000A06A002610B115F099FBA662E06A10B176
:10DD100015F094FBE662E80015F004FBA06238B150
:10DD2000680015F0FFFAE06218B1A16A11B102E0D3
:10DD3000FEE7FEE70025690015F07EFC2586BDE8BC
:10DD4000F081000024B601082DE9F84F8146407AA1
:10DD50000F4600F00700022805D010469742804683
:10DD600003DD3E4602E00846F8E716462A4C2B4BF8
:10DD7000032000EB460222F00305D4E901201968D4
:10DD80001035411A05EB010C944503D2416821F08E
:10DD9000004122E0954219D89A464FF0FF3B4819BE
:10DDA0006168884210D91E4800226946CDF800B04B
:10DDB0000BF05AFD1B48002269460BF055FDA16887
:10DDC000DAF80000091AEAE7A068DFE7284615F04C
:10DDD000A9FAC0B1416841F00041416088EA670298
:10DDE00089EA02014268A0F80E8002F04042016018
:10DDF000521C32F080414160868105D500F110014E
:10DE00008160BDE8F88FFEE7A16801F11002826031
:10DE10002944A160F5E7000090010020EC010020FA
:10DE20009D720108C998010870B586B0484C00225F
:10DE30008DF808208DF80C208DF81020E2888A4299
:10DE400001D0FF22A270E180142390F83C204FF40F
:10DE5000B47502F00302012A24D0022A5BD0A5780F
:10DE6000AA4211D010F8265F05EB051505EB450514
:10DE7000B5FBF3F52570407800EB001000EB400097
:10DE8000B0FBF3F06070A27004AA03A801EB41019B
:10DE9000CDE900024FF6FF70627800EA4100217878
:10DEA00002AB1BE0A678B24210D0868C06EB460689
:10DEB0007602B6FBF5F5A58090F8270000EB001080
:10DEC00000EB4000B0FBF3F06070A27004AA03A85E
:10DED00002ABCDE900026278C9B237E008F0E0FE9B
:10DEE0009DF81010BDF800309DF80C20C9089DF871
:10DEF000080061F304039108C20898B261F34A1064
:10DF000080B262F3CF20ADF8000080B20090BDF87F
:10DF1000000006B070BDA678B24210D0868C06EB29
:10DF200046067602B6FBF5F5A58090F8260000EBD4
:10DF3000001000EB4000B0FBF3F02070A27004AAC8
:10DF400003A802ABCDE90002CAB22178A088C5E7D8
:10DF5000F402002010B5084C012020700748FEF79D
:10DF6000E6FE0028A06803D0BDE810401CF090BD7C
:10DF7000BDE810401CF080BDC4010020B883002023
:10DF800070B5044690F84200A26B810709D4B4F83A
:10DF9000401049B1A1F57F43FF3B1BD0491EA4F8B7
:10DFA0004010B4F84010A9B90AB1810712D516483B
:10DFB0002146FEF757FFFFF7CDFFE16809B1204684
:10DFC0008847216909B1204688472046BDE870404E
:10DFD00015F034BAE16B002AC1F10001216311D0C0
:10DFE000810702D4616B49422163A56A4110236A0B
:10DFF000491CA362E36A61F341002562E26284F88E
:10E000004200A36370BD0000B883002070B5304D9E
:10E0100068681CF0F8FB0646687880F001006870BC
:10E0200048E00020287094F842006978C0F380022C
:10E030008A4243D061F38200216B84F842000207D8
:10E0400001EB060219D4002917DC002A15DBC007F2
:10E0500009D1616939B120468847216AA26A014421
:10E0600021621044A062A16809B12046884794F853
:10E07000420040F0080084F84200206B80192063C1
:10E0800016D4E16A884200DD21632046E1698847B1
:10E090000146606A884204D0626861620AB1206801
:10E0A0009047D4E90B01814202DB2046FFF768FF6D
:10E0B000287818B10748FEF73AFE03E005482146E4
:10E0C000FEF747FE0400ACD11CF0A4FB686070BDF5
:10E0D000C4010020B883002070B5044640680D4696
:10E0E00008B1FFF7F9FF2268002A04D0294620462C
:10E0F000BDE87040104770BD89B20CF0EFBC89B22A
:10E100000CF0ECBC89B20CF025BD00002DE9F14FFC
:10E11000DFF8C0A00025DFF8C0B092B04FF400399E
:10E1200040F267164FF6FF78DAF814000CF014F995
:10E13000044619F02BF90EF0D3FF0EF0E9FF00EBC7
:10E14000D070411006201FF079F807B20EF0C8FF1A
:10E150000EF0DEFF00EBD070411006201FF06EF8CD
:10E1600001B23A46204619F0D1FB12994F464A4671
:10E17000204615F0F3FD002059461FF05FF80EF021
:10E1800083FA3A460146204619F0A9FC00212046B0
:10E190000CF0E0FCFA2132201FF050F807466846E8
:10E1A0000BF098FF0D4809A9CDE900400020089028
:10E1B00081E8C10068460E97ADF840800BF0FEFF85
:10E1C000204608F02BFD6D1C082DADD313B0BDE823
:10E1D000F08F000060030020F0FFFF00FFE0000868
:10E1E0000B4810B51AF0C5FF09480D211AF0ECFFD5
:10E1F00007482838007808B17F2100E0FF21044853
:10E200001AF0DAFFBDE810400148FFF77FBF0000B9
:10E21000880300200B4810B51AF0ABFF0948022113
:10E220001AF0D2FF07482838007808B17F2100E0B3
:10E23000FF2104481AF0C0FFBDE810400148FFF775
:10E2400065BF0000880300202DE9FF4F97B01646F8
:10E250004FF00009DDE924B22B9B042B924612D02B
:10E26000052B12D0062B13D0142B76D101270225B3
:10E270001A9810FB06F00D901898401E0B90701E17
:10E280000A90002450E10027F1E701270325EFE77A
:10E2900001270225FFF712F80068D0F83890E7E769
:10E2A00026982799604361430BEB20220AEB21213A
:10E2B00010124FEA21287CD4189B984279DAB8F1E1
:10E2C000000F76DBB045F9DAD2B2802AC9B205DA9E
:10E2D000C2F17F034FF0FF3C5A0004E052004FF0C0
:10E2E000010CA2F580720992802907DAC1F17F0240
:10E2F0004FF0FF3107915100089105E04900A1F569
:10E3000080710122CDE907211A9A179908FB0203AF
:10E3100010EB0C020C9203FB051E70D411460B9AF5
:10E3200091426CDC079A18EB020168D40A9A914278
:10E3300065DC1A9B002F079A12FB03F31CFB05E216
:10E340000E9203FB05E216926BD02B9A052A05D09C
:10E35000142A0AD0062A53D060E0E9E016980E99F4
:10E360009EF802208078897813E01A9ADDF85CC064
:10E37000514308FB02F30D9A0CEB4202C446DDF850
:10E38000688010440CFB082C1A5C085C0C991CF883
:10E390000110904209D0089B10FB03F30898C0F5C8
:10E3A000807012FB0030C0F3072091420BD0099B14
:10E3B00000E09EE011FB03F30999C1F5807112FBA7
:10E3C0000131C1F3072108442A99400808555ED05D
:10E3D0009EF801009EF8001001EB0020ADF810003F
:10E3E00016980178407801EB0020ADF814000E98E3
:10E3F0000178407801EB0020ADF808001FE047E00D
:10E40000BEF800101FFA89F0814272D0169909886F
:10E4100081426ED00E99098881426AD0FF20014660
:10E42000D1E7BEF80000FF21ADF810000E9800887B
:10E43000ADF808001088ADF814002A980155BDF811
:10E440001000BDF81410884208D1BDF808108842A9
:10E4500004D181B2299800EB440017E00898C2B2B9
:10E46000DDE904100EF000FA059009980499C2B293
:10E4700002980EF0F9F905997F2202900EF0F4F956
:10E4800000902998BDF8001000EB4400018049E09D
:10E490009EF801109EF800202B9B02EB0121299A87
:10E4A00089B2052B22F8141004D0062B05D0142BAA
:10E4B00009D10AE09EF802100FE01FFA89F291429A
:10E4C00001D1002109E0FF2107E01A9B179908FB01
:10E4D00003120D9900EB4101515C10B9BCF1000F22
:10E4E00005DB0B9A904205D1BCF1000F02DD0998C3
:10E4F0000DE014E0B8F1000F02D10798002805DB09
:10E500000A9A90450BD10798002808DD0898C0F1B9
:10E51000FF0010FB01F0010A2A98015502E02A9938
:10E5200000200855641C24B228988442FFF6B8AE37
:10E530001BB0BDE8F08F000010B5818F92B004468B
:10E54000A9B168460BF0C6FD0B480121CDE900409A
:10E55000A08F0B9000200890CDE909010748079093
:10E560000748039068460BF029FE12B010BD12B0A8
:10E57000BDE810401DF090BD11C1020893A1010833
:10E5800013C10208F8B50EF0ABFD02682A4C2B4906
:10E590005162617869B1406820B10168E160012190
:10E5A0001CF079FA0BF090FD0168216101211CF04B
:10E5B00072FA19F070FF054618F0E8FE00222846AE
:10E5C000FF2119F0AEFA284613F05EFD0422A06187
:10E5D000114619F059F9284613F056FDE061002163
:10E5E00000910D220B46A16915F01DFC284615F07F
:10E5F000FFFF606118F0CAFE284616F058FCE1697A
:10E60000498B401A001F06B2284617F07BFD0146D1
:10E610006069324619F07AF90023606905211A46CB
:10E6200015F0F3FB044828301AF095FC2846BDE8A5
:10E63000F84019F079BB000060030020ADB9020872
:10E6400010B50446406882080AD0496821F00301E9
:10E65000091D08446060204600F042F8204610BDC5
:10E66000FEE74068103120F00300884201D301200A
:10E670007047002070472DE9FC470546486801AA0D
:10E680000C4620F0030069461DF06AF9DDE90070D0
:10E6900005EBC711804601EB8009D9F83C0060B159
:10E6A00064B1C4E9020504F10806C46004213046DF
:10E6B000FFF7FDFA864202D0FEE7FEE7FEE7012003
:10E6C000C9F83C402A6905EB870100FA07F31A43B1
:10E6D0002A614A6900FA08F002434A61BDE8FC87F2
:10E6E00010B5044600F087F8046010BD2DE9FC4722
:10E6F00006464FF000000D0007460090019042D002
:10E70000802D2C460DF10408E94607D3284621F058
:10E7100063FD411F01208840401E04444246494693
:10E7200020461DF01DF9009C0A2C2CDA06EB840013
:10E73000019A4FF0FF31406901FA02F210400CD10A
:10E74000641C3069A14008401DD021F03DFD044605
:10E75000009006EB8000406970B121F035FD06EBBA
:10E76000C411019001EB8001CF6B67B1796821F092
:10E770000301A94201D2FEE7FEE7009A03463946AB
:10E7800030461EF0C1FC3846BDE8FC8710B5044693
:10E79000FFF7A6FF416841F002014160606840F068
:10E7A0000100606010BD10B5044600F024F8416817
:10E7B00021F002014160606820F00100606010BD3E
:10E7C00070B506460D46084600F015F8040010D056
:10E7D0002079C0070BD0686880080BD021463046EE
:10E7E00000F03CF821462846FFF72AFF0546284658
:10E7F00070BDFEE7FEE7426800F1080122F0030069
:10E80000001F0844910800D1FEE7704770B50C0066
:10E8100006464FF000001ED0F2B120791546C00721
:10E820001BD011462046FFF71CFF78B12946204631
:10E8300000F025F805462046FFF752FF6868294694
:10E8400040F0020068603046FFF715FF2046FFF7F2
:10E85000AAFF04F1080070BDFEE7FEE77CB505469F
:10E86000486801AA0C4620F0030069461DF078F8BC
:10E87000DDE90023214628461EF046FC7CBD2DE93B
:10E88000F0410D46044600F10801281F0E1860688B
:10E8900006F1080720F00300401BA0F104083846E9
:10E8A0000421FFF704FA874200D0FEE7616808EB15
:10E8B0000500001D21F00301814200D0FEE7307900
:10E8C00000F0030040EA0800706020F003000C280C
:10E8D00000D2FEE7207900F0030028436060304654
:10E8E000FFF754FF3046BDE8F08100000B4810B53B
:10E8F0001AF03FFC094803211AF0A3FC0748283806
:10E90000007808B17F2100E0FF2104481AF08DFC57
:10E91000BDE8104001481DF049BC000088030020FC
:10E920000D4810B51AF025FC0B4847F6FF711AF098
:10E93000A7FD094803211AF084FC0748283800780D
:10E9400008B17F2100E0FF2103481AF06EFCBDE80A
:10E95000104001481DF02ABC880300200F4810B564
:10E960001AF007FC0D4808211AF08AFD0B48032114
:10E970001AF067FC09482838007808B17F2100E0C8
:10E98000FF2106481AF051FC044804211AF055FCF6
:10E99000BDE8104001481DF009BC000088030020BC
:10E9A0000F4810B51AF0E5FB0D4808211AF068FD74
:10E9B0000B4803211AF045FC09482838007808B1B3
:10E9C0007F2100E0FF2106481AF02FFC04480C21AB
:10E9D0001AF033FCBDE8104001481DF0E7BB000011
:10E9E000880300200D4810B51AF0C3FB0B4808211E
:10E9F0001AF046FD094803211AF023FC074828387D
:10EA0000007808B17F2100E0FF2104481AF00DFCD6
:10EA1000BDE8104001481DF0C9BB0000880300207C
:10EA20000F4810B51AF0A5FB0D4808211AF028FD73
:10EA30000B4803211AF005FC09482838007808B172
:10EA40007F2100E0FF2106481AF0EFFB0448032174
:10EA50001AF0F3FBBDE8104001481DF0A7BB000011
:10EA6000880300200F4810B51AF083FB0D480821D9
:10EA70001AF006FD0B4803211AF0E3FB0948283879
:10EA8000007808B17F2100E0FF2106481AF0CDFB95
:10EA9000044802211AF0D1FBBDE8104001481DF0E6
:10EAA00085BB0000880300200F4810B51AF061FBF9
:10EAB0000D4808211AF0E4FC0B4803211AF0C1FBB1
:10EAC00009482838007808B17F2100E0FF21064876
:10EAD0001AF0ABFB044806211AF0AFFBBDE810406A
:10EAE00001481DF063BB00008803002038B50446D0
:10EAF00013F028F8054613F05AF80028204605D0F0
:10EB0000218FE18617F00CFE012038BD11F0BCF911
:10EB1000002820461ED011F088F8218FE08E814217
:10EB20000CD020871C21E08E6A460090204611F010
:10EB3000F3FB0128E9D1204617F0F2FD284613F037
:10EB400042F80428E0D1204616F0ACF9002112F07A
:10EB500097F8D9E711F0F4F9D6E770B511F0D7FBC3
:10EB6000054616F0E5F9044628460CF025FE014658
:10EB70002046BDE8704000221BF058B92DE9F04F47
:10EB800087B00D460021044616F0C0F860B3294650
:10EB9000204600F075FA2946204600F06FF8002163
:10EBA000204616F0F2FF00210590204617F08FF85E
:10EBB00000210490204616F0B8FE012800D0002065
:10EBC00000218046204617F0D2F900210746204652
:10EBD00016F01AFF42F2D17906464F450BD1608CF0
:10EBE000000508D4012707E007B028461C21BDE82E
:10EBF000F04F14F021BD0027204616F005F9DFF88C
:10EC000078A0002183462046BAF8042017F0B3F814
:10EC1000C2B22868D5F810C0A968CDF800C0CDF8F8
:10EC20000C80CDE90110059B3946584609F0D8FE05
:10EC30004E45288304D1608C400501D4012600E0B4
:10EC40000026204616F0C6F8BAF80820002107462C
:10EC5000204617F090F86B68C2B2E9680024686932
:10EC60008DE81B00049B3146384609F0B9FE6883E5
:10EC700007B0BDE8F08F0000680200202DE9F34FD7
:10EC800081B00C46019809F033F90646019816F058
:10EC9000BBF88246304601F007F82061400014F0CE
:10ECA0006FFB20602069400014F06AFB002541F6EC
:10ECB0009A79A0603AE000BF36F91510DFF8248198
:10ECC000494532D1DFF820B100271FE001983946CD
:10ECD00016F01CF85946009017F064FAA8B900988D
:10ECE00009F018F9012810D1009809F009F9A84293
:10ECF0000BD1009817F006FA4045414601DA084664
:10ED000002E0009817F0FEF980467F1C019816F08B
:10ED10000FF8B842DAD8A168B8F1000F02DB21F889
:10ED2000158002E0002021F815006D1C2069A84222
:10ED3000C2D8002541F69B782F4628464A4616E061
:10ED400036F91010414504DB0D44A5F5F8559B3DFF
:10ED50000CE0914205D1A16831F8101039440FB28E
:10ED600004E0A3680F443FB223F81010401C21694F
:10ED70008142E5D80198002116F007FF2169C1F111
:10ED8000010200FB02A0C01B00B2002800DA002034
:10ED90004FF0FF3200234746194613E036F911C001
:10EDA000BC450EDBACF5F85CD4F80880ACF19B0CEC
:10EDB0000A460FFA8CF310FB03FCBCFBF5FC28F8A9
:10EDC00011C0491CD4F810C08C45E7D8002A07DBD5
:10EDD000E91AA3684143B1FBF5F1401A23F8120088
:10EDE000BDE8FE8F01E0FFFF010006002DE9F14FB5
:10EDF00000221146009818F02DFC0098002116F012
:10EE0000C1FD00210446009816F067FF20440FFA68
:10EE100080F90098002116F064FE20440FFA80F873
:10EE2000009816F023FDDFF8A0A000EB090101EB2C
:10EE3000080005B20098544615F07AFF00260746F0
:10EE40002AE0009821498068006850F8260083462F
:10EE500017F0A8F9F8B9584617F0BAFC40BB0021E2
:10EE6000584616F027FD18B3012821D002281FD0DC
:10EE700003281DD00021584617F08BF858B9BBF86D
:10EE80001A10BBF81600081A401C00B24844A042F1
:10EE900000DB044624B2761CBE42D2D3544504D0D3
:10EEA00004EB080000B2A84200DC2846BDE8F88F59
:10EEB0000098BBF91A10B0F91600081A411CA142BB
:10EEC000E8DB0C46E6E7000001E0FFFF010004007C
:10EED0002DE9F84F00228046114618F0A5FB0021CD
:10EEE000404616F04FFD00210446404616F0A1FEB4
:10EEF00020440FFA80FA4046002116F052FE2044CA
:10EF00000FFA80F9404616F0BFFC00EB0901DFF86C
:10EF100068B101EB0A0005B25C46404615F008FFF7
:10EF200000210746404616F0E2FC01284FF000069B
:10EF300044D092E0D8F808005049006850F8260004
:10EF4000009017F02FF9C0BB009817F041FC50B1AA
:10EF50000098B8F91810B0F91400091A481CA0421A
:10EF60002ADB4C1C28E00098002116F0A3FC58B1C5
:10EF7000032809D0062807D0082805D000980021CA
:10EF800017F001F858B118E00098B8F91810B0F966
:10EF90001400081A411CA1420EDB0C460CE000983C
:10EFA000143000900BF0B0FE5044A04204DB0098F7
:10EFB0000BF0AAFE00EB0A0424B2761CBE42B9D3C1
:10EFC0005C4555D004EB09004DE000BFD8F80800BF
:10EFD0002A49006850F82600009017F0E3F8C0BBFB
:10EFE000009817F0F5FB50B10098B0F91810B8F977
:10EFF0001400091A481CA0422CDA20462BE0009885
:10F00000002116F057FC58B1012809D0042807D078
:10F01000072805D00098002116F0BBFF58B11BE06F
:10F020000098B0F91810B8F91400091A481CA04249
:10F030000EDB4C1C0CE00098143000900BF064FECA
:10F040004844A04204DB00980BF05EFE00EB09048C
:10F0500024B201E0481C04B2761CBE42B6D35C4523
:10F0600006D004EB0A0000B2584501D0A84200DCEB
:10F070002846BDE8F88F000001E0FFFF0100040012
:10F080002DE9F84F0C46834609F036FB064600F0A2
:10F090000BFE6061400014F073F96060606940002D
:10F0A00014F06EF9002541F69A79E0603AE000BF6D
:10F0B00036F91510DFF83081494532D1DFF82CA13F
:10F0C00000271FE03946584615F020FE51460090B3
:10F0D00017F068F8A8B9009809F094FB012810D13E
:10F0E000009809F085FBA8420BD1009815F0DFFECF
:10F0F0004045414601DA084602E0009815F0D7FE87
:10F1000080467F1C584615F013FEB842DAD8E168F5
:10F11000B8F1000F02DB21F8158002E0002021F891
:10F1200015006D1C6069A842C2D8002541F69B7885
:10F130002F4628464A4616E036F91010414504DBB2
:10F140000D44A5F5F8559B3D0CE0914205D1E168D1
:10F1500031F8101039440FB204E0E3680F443FB2B5
:10F1600023F81010401C61698142E5D800215846FF
:10F1700016F0ADFD8146584615F02CFE024660693A
:10F18000C0F1010109FB0120C01B00B2002800DA18
:10F1900000204FF0FF3200234746194614E000BF1D
:10F1A00036F911C0BC450EDBACF5F85CD4F80C8028
:10F1B000ACF19B0C0A460FFA8CF310FB03FCBCFB72
:10F1C000F5FC28F811C0491CD4F814C08C45E7D8C8
:10F1D000002A07DBE91AE3684143B1FBF5F1401A65
:10F1E00023F81200BDE8F88F01E0FFFF01000600E0
:10F1F0001CB50B8804892344ADF800304B88448942
:10F200002344ADF802308B8804892344ADF80430E0
:10F21000C98843891944ADF806104369694698477F
:10F220001CBD00002DE9FF4FC87889B00D461A9C1F
:10F23000C007002801D0F44800E0F448069001D04F
:10F24000F34800E0F348049001D1F14800E0F148B0
:10F250004FF010034FF00C0E059066884FF0000B36
:10F26000A1885846D4F810C05A46A6EB010109B24D
:10F2700012E000BF02EB8207E66803EB870816F88E
:10F2800008805FEAC8780BD04FF0080808EB8707C2
:10F29000F65B891B09B2521C9445EBD800224DE065
:10F2A0000EEB8707F65B304400B2F4E702EB82090D
:10F2B000E66803EB89070797B246F65DF6073CD18F
:10F2C00010B391FBF0F60EEB89074FF0060808EB40
:10F2D0008908CDE900763AF807C00427019E07EBBC
:10F2E00089070CFB06FC3AF9086001960FFA8CF8C6
:10F2F0003AF90770464500DD4646B74206DC019EF6
:10F30000464502DD474601E0FEE73746019747459F
:10F3100005D0DDF81CC00127BB464AF80C70E76831
:10F32000082606EB890C019E27F80C608F1BE66807
:10F330000099765A39B2801B00B2521C2669964257
:10F34000B4D8BBF1000F88D10998002116F0E7FA74
:10F35000012826D0002703AA0020ADF8080002A942
:10F36000ADF80C00CDE900122189B4F9022028780B
:10F370000BB218991CF0DBFDE878384207D00998E9
:10F3800015F042FDBDF808100844ADF808000B99CF
:10F39000099815F0BBFC4FF4FA6806464FF0640B71
:10F3A00027E10127D7E79C49304616F0FBFE0028ED
:10F3B00070D10021304616F011FBE8B34FF0000980
:10F3C0002169484610E000BFE36800EB800253F873
:10F3D0002220B24207D100EB8000082101EB80001F
:10F3E00033F9009002E0401C8142EDD8E878C00774
:10F3F000708C04D020F4806040F4006003E020F4BE
:10F40000006040F480607084049906F11400824624
:10F410008847484528D0304617F082F9B08A4946D7
:10F42000ADF80000F08AADF80200308BADF80400B2
:10F43000708BADF8060000E012E0069A5046904747
:10F4400029216A46304610F067FF304615F070FDFE
:10F450002221324610F060FF304617F061F903E0D8
:10F46000708C20F44060708468780021009101283D
:10F4700011D0022817D1059906F114008847B4F974
:10F480000010491C21F00101081A00EBD07040F374
:10F490004F0007E0A5E0059906F114008847218890
:10F4A000081A00B20090E878384208D0049906F1B2
:10F4B00014008847BDF80810081AADF808000021AC
:10F4C00030466B2216F057FC0FFA80FA30460021C6
:10F4D0006C2216F050FC0FFA80F9304616F012FE3E
:10F4E0000190304615F0E3FCCAF3413101290ED1F9
:10F4F0002AF4C04141450ADCB1F57A7F01DDC1F54E
:10F500007A71019A514391FBFBF10FFA81FAC9F329
:10F51000413101290DD129F4C041414509DCB1F542
:10F520007A7F01DDC1F57A71414391FBFBF00FFA5F
:10F5300080F9B18A1698F28A411A1798EB785144EB
:10F54000A0EB020C0CEB0900DA0709B200B2002AAA
:10F5500003D000BFBDF9082000E0009A11440FFA63
:10F5600081FA01D0009901E0BDF9081008440FFAB2
:10F5700080F95AEA09011BD0304617F0D1F8B28A57
:10F58000338BF08A02EB0A01B6F81AC05344B182F9
:10F5900000EB090233830CEB0900F28270833046E2
:10F5A00017F0BEF800234A465146304617F05EF980
:10F5B000E87838420CD1049906F11400884719996B
:10F5C000BDF80C200844BDF808101044084406E0BB
:10F5D000BDF80C101998BDF808200844101AADF8B1
:10F5E0000800E8780BAAC0F38001099808F04AFFE8
:10F5F0000646002E04D0DDE90B0188427FF4D3AE2D
:10F600000DB0BDE8F08F000095AD01088BAD01088D
:10F6100039AD0108DFAC0108010006002DE9F04F0B
:10F620000E00054697B040D028682E8308B113F02D
:10F6300005FF06EB4601062000EB410013F072FEC9
:10F64000286048B30222042102EB460301EB860442
:10F65000C118E96003194FF000040122012EC5E929
:10F6600001031AD0F000083013F08AFE8146A34649
:10F6700000EB86005C4600F10408CDF838B0B0001D
:10F6800000B2ADF85000C0F10101ADF852B00FFA70
:10F6900081FA80100390B1E0FEE7B4210170E868C0
:10F6A0000480E8684280A868048017B0BDE8F08F45
:10F6B0005FF00007BAF1000F07DCBDF8521003221B
:10F6C00002EB41010AEB01000CE0BDF852200523DA
:10F6D000BDF85010521A491EADF8501003EB42020B
:10F6E00002EB0A000FFA80FABDF85200401CADF898
:10F6F000520014A800F0EFF868B1BDF9500003A95A
:10F70000821041F827200EA900F0030041F82700DD
:10F710007F1C042FCEDB042F76D1039906988142FB
:10F7200011D129F8141028F814B0DDE91012DDE920
:10F730000E030A44696818441044085501016868BA
:10F74000621C015557E00846049988421AD029F8EE
:10F75000140028F814B06B68621C0E981855030149
:10F760006868035510B2039B421C5B1E29F81030D9
:10F7700028F810B0DDE910710F9C6B68091D3C443E
:10F78000214434E0059904F1010229F8140088426B
:10F79000594628F814B015D06B68DDE90E073844D7
:10F7A000185503016868035510B2039B421C5B1E89
:10F7B00029F8103028F81010DDE910146B68214486
:10F7C000083114E00EAB93E881106B683844604454
:10F7D000185503016868035510B2039B421C5B1E59
:10F7E00029F8103028F8101011996B680C31195451
:10F7F0000B0169680B5414B20BF1010B14A800F053
:10F800006AF800287FF454AF40F2D32109EB44009A
:10F8100016FB01F130F9022C8812824205D108EB67
:10F82000440232F9022C82421AD0A1EB8021B1F5B8
:10F83000007F03DC494341F3CF3106E0C1F580612D
:10F84000494341F3CF31C1F10F0129F8140028F8E1
:10F85000140068680B01621C01556868035514B2F6
:10F86000A01E0DE038F81020631C29F8142039F888
:10F87000102028F814206A68115C401E11551CB233
:10F880000028EFDAEB680022114610461A801CE0CF
:10F89000EA6822F81100AA6839F8103022F811300D
:10F8A0000BE000BFAB6839F9106033F81120B242A9
:10F8B00000DB3246401C23F8112038F910208A4220
:10F8C00001D1A042EEDB491C09B2A042E0DB484670
:10F8D00013F0A2FDE9E6B0F90210B0F90000814290
:10F8E00001DC012070470020704717B5022A81B063
:10F8F00003D8BDF8080004B010BDBDF80830BDF84D
:10F900000400D90A01EBD0211F2900D31F21C3F322
:10F91000451461F3CF20ADF80400C0F34511214434
:10F920003F2900D33F2103F01F0361F34A10ADF8D4
:10F93000040000F01F0119441F2900D31F21FF2AD2
:10F9400061F30400ADF8040007D0DDE901010CF01B
:10F9500071FF0090BDF80000CDE780B2CBE737B56E
:10F96000022A82B003D8BDF80C0005B030BDBDF846
:10F970000800FF2ABDF80C104FEAD0244FEAD12529
:10F9800001F01F0314FB05F4C1F345114FEA5414B1
:10F9900064F3CF2000F01F0414FB03F34FEA53136A
:10F9A00063F30400C0F3451313FB01F14FEA911117
:10F9B00061F34A10ADF8080007D0DDE902010CF050
:10F9C00039FF0090BDF80000CFE780B2CDE717B552
:10F9D000022A81B003D8BDF8080004B010BDBDF8FC
:10F9E0000830BDF80400D90AA1EBD021002900DCC1
:10F9F0000021C3F3451461F3CF20ADF80400C0F338
:10FA00004511611A002900DC002103F01F0361F396
:10FA10004A10ADF8040000F01F01591A002900DC5B
:10FA20000021FF2A61F30400ADF8040007D0DDE9EE
:10FA300001010CF0FFFE0090BDF80000CDE780B2A0
:10FA4000CBE7F8B5044610F062FC0646204610F0FD
:10FA500020FC0546304615F06BFA2B2D044634D0B9
:10FA60000A2D31D112F06EF810B1007901282BD097
:10FA70006946304615F0C2FA94F82C0010F00C0FCD
:10FA800030462BD015F0C0F900210546204615F070
:10FA900052FF0128BDF9000005EBD5711BD000EB2A
:10FAA000610090FBF5F001B2002900DA0021608DC1
:10FAB0004FF00102884220461BD01AF0B7F900220D
:10FAC00020461C2110F028FCF8BD618D0022BDE805
:10FAD000F8401AF0ABB9C0EB6100E2E715F07AF933
:10FAE000BDF9021000EBD07201EB620191FBF0F066
:10FAF000D9E71AF09BF9F8BD2DE9FF4F83B0044612
:10FB0000109FDDF84890DDE91356DDF810A04FEAAC
:10FB100047000FFA80F8B9F1040F22D0B9F1060FAF
:10FB20001FD0B9F1050F5FD0B9F1140F59D1A388D7
:10FB3000E288CDF804804FF00008B4F90200B4F96F
:10FB40000010121A07FB001C591A491C0FFA81FBFE
:10FB5000521C0FFA82F90AEB4C0A4FEA4B00009054
:10FB600085E020460BF0C1F801460190304613F0C5
:10FB70008BFDA188AB46CDF80880B4F90280B4F9BA
:10FB8000000007FB0802081A401C00B200900AEBB4
:10FB900042074FEA400A0DE052463946584613F0F4
:10FBA00089FC029808F101080FFA88F807440098C8
:10FBB0000BEB400BB4F906004045EDDAB9F1060F46
:10FBC0000FD100224FF4FC601146ADF8000005E0B3
:10FBD00035F81130834200D17254491C019B99427F
:10FBE000F6D307B0BDE8F08FB4F902200023A18856
:10FBF000B4F806C0B4F90000ACEB020C0C1A07FB19
:10FC00000201641C22B2B81A0CF1010C00EB40078F
:10FC100001EB41010FFA8CF40FFA87F801EB0A00AF
:10FC200015E000210BE08778775490F801C0077841
:10FC300007EB0C2C4F1C25F811C039B2C01C9142A7
:10FC4000F1DB5B1C1BB2404405EB42051644A342AA
:10FC5000E7DBC6E7009A5146284613F02BFC019AD1
:10FC600008F101000FFA80F805EB4B059244C845F6
:10FC7000F0DB0598B4F90220069B4500B4F90010AA
:10FC80000498002405FB030007FB02110D1808E08F
:10FC90005A462946304613F00DFC641C24B25E44DB
:10FCA0003D444C45F4DB9CE7014641F6FF720020E1
:10FCB00000E0401C31F910309342FAD170471CB576
:10FCC000044690F8540000F0010088422DD094F8CA
:10FCD000540011B140F0010001E020F0010084F86F
:10FCE000540004F1480168460AF0E4FF606ABDF878
:10FCF0000010828A1144ADF80010C18ABDF80200DC
:10FD00000844ADF80200616ABDF80400898A08441D
:10FD1000ADF80400616ABDF80600C98A0844694666
:10FD2000ADF80600204616F01EFD1CBD0846114623
:10FD300008B50CF06BFC0090BDF8000008BD2DE983
:10FD4000F04F0746C87A89B0154602280E4603D8F8
:10FD5000012009B0BDE8F08F32691846B168FCF7A0
:10FD60001FFF041EF5D0207D00F01F0010F0D3FF10
:10FD70004FF4807808B1062011E0207D00F01F00CC
:10FD80000E2806D014280AD010F0B6FF30B1052096
:10FD900005E031884FF00E0931B902E004208146B8
:10FDA00006E07088404503D000214FF00509A161AD
:10FDB000226A22B1294638461DF0D4FEBEE0A06971
:10FDC000E8B302A829460AF03FFFB6F900005FEA4F
:10FDD000000A02D1708840452DD0EA88331DB5F85D
:10FDE0000280A988B5F800C0A2EB08027088521CF6
:10FDF000CDE90003A1EB0C015346491C12B209B234
:10FE000002A8FCF717FEBDF8080029880844ADF8E1
:10FE10000800BDF80A0069880844ADF80A00BDF87A
:10FE20000C0029880844ADF80C006988BDF80E0064
:10FE30000844ADF80E00B96802AA04A800E012E078
:10FE4000FCF7A1FB002879D0D7F8088004A8B86097
:10FE50002A46CDF800903146A36938460DF00CFCD7
:10FE6000C7F808806AE0B96804A82A46FCF78BFB4B
:10FE7000E8B3BDF81400BDF81010401A401C0FFA8A
:10FE800080FB0BEB4B0013F07BFA039004A9D7F82F
:10FE9000088001A80AF0D8FE012101A80AF075FF28
:10FEA000B5F90000B5F90210BDF91020BDF91250E6
:10FEB000101A0690A5EB010A37E001AA414607A8EF
:10FEC000FCF761FB80B303980FFA8AF200905B465F
:10FED000069801B2204611F02FFB01280ED02046D3
:10FEE00011F080FA039813F097FA204600E025E01D
:10FEF00011F078FA0020C7F808802AE707A8B86050
:10FF0000039B01AA31463846CDF800900DF0B4FBB2
:10FF1000BDF806000AF1010A401CADF80600BDF864
:10FF20000A00401CADF80A006D1CBDF91600A8427D
:10FF3000C3DAC7F80880039813F06EFA204611F070
:10FF400051FA05E7F8B504460B48007878B10F88F8
:10FF50004D888E88B8B2CB88A9B2F61B00925B1B85
:10FF6000761CB5B25B1C2A469BB2F7F7C1FC204653
:10FF7000BDE8F8400DF0AEB85E03002070B5054650
:10FF800011F0E0FD0646286B1AF03DFC3168898BC4
:10FF9000884223D295F83C006C6A10F0030105D02A
:10FFA0006420012906D0022909D106E0002060F36F
:10FFB0000F0404E060F3174401E060F31F6430466F
:10FFC00011F08CFE214628460CF031FF30B10022A2
:10FFD00028461C2110F0A0F9012803D11AF01AFCC0
:10FFE0002863012070BD00002DE9F04F99B0144640
:10FFF0008A46074614A80DF005F94FF4A0213846AB
:020000040801F1
:1000000015F061FC9DF85D1060F382018DF85D10C4
:10001000A1882088091A491C09B201EBD1714E1040
:100020003044ADF86000608800213044ADF86200D3
:10003000384615F019FD8146514602A814F0A4FC7B
:1000400000204FF400320F9214A90A912E49CDE9F5
:10005000031007F130008346FCF782FE4EE0207962
:10006000032847D1208BADF85000208AADF852000C
:100070006079FD2801D9484602E010FB09F0000A2A
:100080008DF85C002568E88BB5F9203018440090A5
:10009000A068D5E9051213F026F9E98B8046B5F979
:1000A000203058180090E068D5E9051213F01BF9CC
:1000B0001FFA88F5ADF854501FFA80F8ADF8568055
:1000C000608B1A2102AA13943044ADF8440018A89A
:1000D0000B90384610F020F9BDF8443018AACDE94D
:1000E000005814A950460DF07DF81B21384602AA8D
:1000F00010F012F921465846FCF72FFE0400AED14D
:1001000019B0BDE8F08F0000B05F03082DE9F74F8C
:10011000C878A0B00C4602287ED9114668460AF07D
:100120008AFDB4F92000012829DD94F82200FD2879
:1001300025D3208818B394F82300BDF80010400898
:10014000C0F38003C0F34002C818ADF80000BDF84A
:1001500002001044ADF8020094F82310BDF804002A
:100160004908C1F3C001401AADF8040094F8231007
:10017000BDF80600C1F34001401AADF80600209812
:100180006946826802A8FCF7FEF9002844D0E07BAB
:1001900010F0070619D0E088ADF810006189BDF8AD
:1001A0001000884200D1002668460DF0C3FF1C21D4
:1001B000074611A8F0F7D8F8A0788DF85D00BDF8D3
:1001C0001000ADF84C001FB105E060680490E5E751
:1001D000208800B9EEB3E078FD2800D3FF20BDF8F9
:1001E0000610BDF802208346BDF80430BDF800506B
:1001F000891A491C581B09B2401C894600B248455F
:10020000824600DB0846B4F90050B5EB600F00DB16
:100210004510BDF80C1000E042E04FF0FF30BDF893
:1002200008200B9000200490A1EB020000F10100D7
:1002300000B2002D804600DC7FB113F0A1F800234E
:100240002A466946049018A80EF0E0F9002118A883
:1002500000E01CE00DF086FD0B90FF22BDF80810B9
:100260000FA8ADF83C10BDF80C10ADF84010049983
:100270001190149151461690A01D8DF85C204A46AD
:1002800010F088FB040018D0022E0CD015E0CDF839
:1002900044D011A9E0788DF85C0020980EF080FC25
:1002A00023B0BDE8F08FBDF90820BDF90000A168BA
:1002B00001EB4201A1EB40001290002F7DD0BDF96F
:1002C0000A5027E02FB2049842465946ADF83E70D6
:1002D000ADF8427013F084F9BDF908104346049854
:1002E0003A460DF0E9FE01288DF8540002D10220B3
:1002F0008DF85400012E08D1BDF90200A168281A1A
:1003000001EB40000088ADF84C0011A920980EF0D8
:1003100047FC6D1CBDF90E00A842D3DAB7E000BF60
:10032000BDF80220BDF80600BDF90A103A44C31B0F
:100330000FFA82F90FFA83FA494503DDBDF90E1071
:10034000514544DB04984246594613F049F9BDF93A
:100350003C10434604984A460DF0AEFE01288DF845
:10036000540002D102208DF85400BDF90A1049450D
:1003700013DC012EADF83E90ADF8429009D1BDF9E5
:100380000220A168A9EB020001EB40000088ADF853
:100390004C0011A920980EF003FCBDF90E10514538
:1003A00015DB012EADF83EA0ADF842A00BD1BDF992
:1003B0000220A168AAEB020000E009E001EB400086
:1003C0000088ADF84C0011A920980EF0E9FB7F1CC5
:1003D000AF42A5DBBDF80000ADF87800BDF8040021
:1003E000ADF87C00BDF802002844ADF87A00BDF8F5
:1003F0000600401BADF87E001EA80DF09BFE0746D0
:1004000030430CD001218DF85410BDF90600BDF920
:100410000210A0EB05098DF85CB00D4435E0BDF885
:10042000020000218DF85CB02844ADF83E00BDF814
:100430000600149111A9401BADF8420020980EF05F
:10044000AFFB24E06FB104984246594613F0C8F858
:10045000BDF908102AB2049843460DF02DFE8DF820
:100460005400012EADF83E50ADF8425008D1BDF910
:100470000210A068691A00EB41000088ADF84C003A
:1004800011A920980EF08CFB6D1C4D45DADD049807
:1004900008B112F0C1FF0B98401C05D00B980EF06C
:1004A00063F918A80DF02AFE002C3FF4F9AE20469F
:1004B00010F069FAF4E62DE9F0410646086992B0B9
:1004C000154600280C467BD0A07E022878D9B26859
:1004D0000DA82946FCF757F8002871D0D6F80880F7
:1004E0000DA8B060206911F01BFB022806D020691E
:1004F00002A910F097FF012847D0C7E041F6FF702E
:10050000002702973B46CDE90070D4E904120FA8FA
:100510001AF0A4FC28460AF0FDFB298800EBD072F3
:10052000BDF93C0001EB620100EBD072A1EB62016E
:10053000ADF80C100844401EADF8100028460AF033
:10054000C2FB698800EBD072BDF93E0001EB62018D
:1005500000EBD072A1EB6201ADF80E100844401E12
:10056000ADF8120005A80DF04DFB606903AA0590D7
:1005700005A9208BADF82000A07E8DF82E00304616
:10058000009723690DF09AF880E004A80DF07CF83C
:10059000A0784FF0FF378DF81C00208BADF81800C5
:1005A000E07E8DF81A00A07E8DF81B00207F40B100
:1005B00002996888ADF8020007EB515108445DE0EC
:1005C00066E028460AF0A6FB029900EBD0702A8864
:1005D000C1F38A2102EB6000A0EB5100ADF80000EE
:1005E00028460AF070FB698800EBD072029801EB94
:1005F0006201C0F38A22A1EB9051ADF80210BDF860
:10060000003007EB5050521E08449918ADF8041002
:10061000ADF8060004A923696A4630460DF000F8DB
:1006200034E002992888ADF80000C1F38A21491E00
:10063000084410E0236904A96A4630460CF0F0FF34
:100640000298BDF80010C0F38A200144ADF80010F4
:10065000BDF804100844ADF80400B5F90410BDF964
:1006600000008842E6DD0298BDF8021001EB50510F
:10067000ADF80210BDF8061001EB5050ADF80600C1
:10068000B5F90610BDF902008842CADDC6F8088037
:1006900012B0BDE8F081F0B5074691F8220087B0AE
:1006A000164602280C466BD9208C002868D094F896
:1006B000230010F03E0F63D0C00761D1B1883388AA
:1006C000F0887288C91A491CB4F90050801A401C7D
:1006D00009B200B2814200DA0846B5EB600F00DDD6
:1006E0004510314604A80AF0A6FA94F82300BDF993
:1006F0001020C0F344014807B4F9200001D4284475
:1007000040421044ADF81000B4F920000907BDF9CB
:10071000141001D428444042081AADF8140094F88B
:100720002300BDF9121040088007B4F9200001D45D
:10073000284440420844ADF8120094F82300BDF963
:1007400016104008C007B4F9200001D128444042E7
:10075000081AADF81600208C281A00B2002800DA1A
:100760000020A27894F822102B46CDE90212E18BEA
:1007700004AAADF8041031460090384600F002F8A3
:1007800007B0F0BD2DE9FF4FA7B01D4616460C4639
:10079000DDE93679DDF8D080FF2F00D3FF2708464A
:1007A0000DF0C8FC8346284350EA080076D027980D
:1007B0002146826804A8FBF7E6FE002875D0BDF844
:1007C0001400BDF81010401A401C00B212901C21F9
:1007D00007A812F031FF129812F0D2FD0A90002DF6
:1007E0004FF0FF3024900ADD00232A461DA8214641
:1007F0000DF00CFF00211DA80DF0B4FA2490012388
:1008000017A8424631460DF001FF002117A80DF050
:10081000A9FA259001A807900C90BDF8D4008DF896
:100820003470ADF824008DF83590B4F900001190C3
:10083000B6F9003042199A4200DC1A46B4F90400B5
:100840000F900FFA82F8B6F90410401B8E467045DF
:1008500000DB0846B4F9021010910FFA80F9B6F9DE
:10086000022029449246514500DC1146B4F90600A5
:1008700023900FB2B6F90620401B904200DB1046D1
:1008800000B21390A9EB08011098491C0FFA81FCE3
:1008900050450DDC01200CE000E006E0359B3246BF
:1008A00027982146009700F0B7F92BB0BDE8F08FEC
:1008B000002023998246914201DB012000E00020C4
:1008C000BBF1000F834644D0BDF81000ADF8040022
:1008D000BDF81400BDF91240ADF8080022E000BFD9
:1008E000BAF1000F01D1A7421BDCBBF1000F02D10E
:1008F0001398A0421ADB25B212990A98ADF8065057
:10090000ADF80A5012F0C0FEBDF910102A46129B35
:100910000A980DF0D1FB8DF82C0007A927980EF04E
:100920003FF9641CBDF91600A042D9DA17A80DF0F2
:10093000E5FB25980DF018FF2498401C05D01DA854
:100940000DF0DCFB24980DF00FFF0A9812F064FD07
:10095000ABE71198984201DC012000E000200F99DC
:100960001190714501DB012100E000210F91084049
:100970000121039100EA0A0010EA0B0F04D0BCF138
:10098000320F01DA00200390039901228DF82C2008
:100990001AEA010F0ED0ADF8048007A9ADF808904F
:1009A0006088ADF806007088401EADF80A002798F0
:1009B0000EF0F6F803991BEA010F0ED0ADF8048093
:1009C00007A9ADF80890F088401CADF80600E08853
:1009D000ADF80A0027980EF0E3F8119878B1208856
:1009E00007A9ADF804003088ADF80670401EADF8D8
:1009F00008001398ADF80A0027980EF0D1F80F9868
:100A000078B1B08807A9401CADF80400A088ADF803
:100A100008001398ADF80A002798ADF806700EF09C
:100A2000BFF80398C0B1BDF91400A8F10102BDF9E7
:100A300010109042ADF8041000DB1046ADF808002D
:100A4000411A491C0DB2002D70DD119850EA0A00C0
:100A500066D0BDF9124061E0BDF81000ADF80400A9
:100A6000BDF81400ADF80800B6F90200B4F90210A0
:100A7000401AA84200DB05460FFA85F8002533E04E
:100A80006288E188BDF912002A44491B16B20FB2F0
:100A9000B04203DDBDF91600B84224DB12990A9872
:100AA00012F0F2FDBDF904103246129B0A980DF0C7
:100AB00003FB8DF82C00BDF91200B04207DC27982B
:100AC00007A9ADF80660ADF80A600EF069F8BDF947
:100AD0001600B84207DB279807A9ADF80670ADF8F5
:100AE0000A700EF05DF86D1C4545C9DB8DE026B23D
:100AF0000A982946ADF80660ADF80A6012F0C4FD08
:100B0000BDF904102B460A9832460DF0D5FA8DF83F
:100B10002C0007A927980EF043F8641CA742E6DCD6
:100B2000119850EA0B001DD0139C16E01AE026B273
:100B30000A982946ADF80660ADF80A6012F0A4FDE7
:100B4000BDF904102B460A9832460DF0B5FA8DF81F
:100B50002C0007A927980EF023F8BDF91600641C95
:100B6000A042E4DABDF9100009F10101884200DC7D
:100B70000846BDF81410ADF80400081AADF80810C6
:100B8000401C05B2002D40DD0F9850EA0A001BD032
:100B9000BDF9124016E026B20A982946ADF8066063
:100BA000ADF80A6012F070FDBDF904102B460A98EA
:100BB00032460DF081FA8DF82C0007A927980DF028
:100BC000EFFF641CA742E6DC0F9850EA0B001CD034
:100BD000139C15E026B20A982946ADF80660ADF8D8
:100BE0000A6012F051FDBDF904102B460A983246F6
:100BF0000DF062FA8DF82C0007A927980DF0D0FFB0
:100C0000BDF91600641CA042E4DA17A80DF076FACC
:100C100025980DF0A9FD92E62DE9FF478EB0154607
:100C20000C4682461C211A9E02A812F005FDCDF842
:100C300008D0BDF84400ADF810008DF82060B4F97C
:100C40000200B5F90210884201DC012700E000270C
:100C5000B4F90600B5F90610884201DB012600E070
:100C60000026B4F90000B5F90010884201DC01212A
:100C700000E00021B4F90420B5F9043089469A4215
:100C800001DB012100E00021ADF80000A0888846CA
:100C9000ADF804006088ADF802006888A0F101009A
:100CA000ADF806001FB102A950460DF079FFE888A3
:100CB00000F10100ADF80200E088ADF806001EB1B9
:100CC00002A950460DF06CFF2088ADF8000028887E
:100CD000A0F10100ADF8040017B1B5F9020001E080
:100CE000B4F90200ADF8020016B1B5F9060001E052
:100CF000B4F90600B9F1000FADF8060003D002A95F
:100D000050460DF04DFFA888B8F1000F00F101002A
:100D1000ADF80000A088ADF8040003D002A9504649
:100D20000DF03EFF12B0BDE8F0872DE9F04F8B4685
:100D30009146A2F57F410646FF3991B044D0746ACE
:100D4000208C9842804604D0608C238440F00800B8
:100D500060844FF4802A2046514615F099F80746E2
:100D60005146204615F0BBF8B7F9087005463046E5
:100D700007F0B2FAB0F916107A1905EBD57009FB35
:100D800002116D1EA1EB6000ADF83A003844284412
:100D9000ADF83E00706A818AADF83810008BADF86E
:100DA0003C0068460DF006FD6A465146204615F0A7
:100DB00056FB0EAA694658460DF0E8FCA4F82080C0
:100DC000608C20F00800608411B0BDE8F08F2DE940
:100DD000F04305461746A2F57F400E46FF3893B014
:100DE00055D06C6A208C9842804604D0608C238455
:100DF00040F00800608406A80CF004FF4FF480293E
:100E0000204606AA494615F07CFA4946204615F0C8
:100E100066F8ADF82A00284607F05EFA050036D0DD
:100E20000699BDF92A00B5F91620B1F90810431842
:100E3000491E07FB032200EBD073A2EB6302ADF85F
:100E40000A2010440844ADF80E00A08A02AAADF8AA
:100E50000800208BADF80C000EA8B168FBF793FBDF
:100E600078B1B7680EA8B060284611F0AAFB034617
:100E70000020009005F11402304606A90CF01EFC7B
:100E8000B760618CA4F8208021F00800608413B062
:100E9000BDE8F0832DE9F0412E4D074668680CF05F
:100EA00033F904463868C66B716B09B13046884720
:100EB0006868E16800680288408812FB00F0884298
:100EC00001D1012000E00020216859B1616849B1D9
:100ED00028B107E068680068816A01B18847206925
:100EE0000028F7D10120206169680968C9688A690A
:100EF000D20702D08969890700D400206061606947
:100F000008B1012500E000253868416971B1016927
:100F100011F0300F06D0490704D5D6E9001000F0D3
:100F20001BF803E0D6E90021FEF762F920680028EB
:100F30000BD06168002908D03A68127CAA43D20716
:100F400003D1A268824202D1A160BDE8F081A06015
:100F5000FBE70000880100202DE9F34F05468C488F
:100F600093B041680E683069820701D542076ED49C
:100F7000C0F3011002281ED0012801D0032866D139
:100F800000200F9008460CF0BFF810904FF4A051CD
:100F9000AB88B5F90000EC88B5F902201B1A5B1C80
:100FA000A71A1CB2B1FBF4F37F1C3FB2BB420FDAAD
:100FB000B1FBF4F10DE0149A2946304600F0F4F844
:100FC000149A15B029463046BDE8F04FFEF710B927
:100FD0003946337C0B910792C3F30111012906D0E6
:100FE000611E68800844E8804FF0000BC1E0718802
:100FF000081A401EE880011B491C6980F4E700BF05
:101000000B99A7EB0B00884200DD08464FF0010169
:1010100000B201901098BBF1000F016121D1A742ED
:101020001FDB0194307CC0F30110032810D0002096
:10103000149A214600F0EBF8307CC0F3011001282F
:1010400008D031880798081A401E011B56E09BE023
:101050000120EDE70798079920442980401EA880C9
:101060004FE00F9820B94FF4205012F089F90F90FB
:10107000307CC0F3011003281BD000200199864664
:101080000F980C90601E14FB01F24843DDF850905D
:10109000521ECDE90D2000208842824621DA0E9AA8
:1010A000BEF1000F02EB0A0001D00D9A101A0022C7
:1010B00011E00120E2E700BF0C9BBEF1000F39F800
:1010C000028B03EB400CACF8008001D0084400E038
:1010D000401A521C12B2A242EEDB0AF1010000B229
:1010E000DAE7307CC0F3011001281BD03188079863
:1010F000091AA1EB0B000199401E411AA880491C56
:10110000298001990BEB0108B84514DB1098806920
:10111000C00710D01098806980070CD51099012065
:1011200048610BE0079901EB0B000199288001440D
:10113000491EA980E5E71098002141610F9828B168
:10114000024629463046FEF753F805E0149AF8E7C0
:10115000B16A09B130468847109800690028F7D174
:1011600001990FFA88FB04FB01F0149901EB400090
:101170001490BB45FFF644AF0F98002804D015B07B
:10118000BDE8F04F12F048B915B0BDE8F08F00008F
:101190008801002030B50D880488058010880880FB
:1011A000188810801C8030BDF8B58B8800240D880D
:1011B000CE884F885B1B5B1CF51B6D1C13FB05F376
:1011C0005B1E0DE002EB430602EB44075B1E358815
:1011D000641CADF80050B7F800C0A6F800C03D8010
:1011E000A342EFD843884C88CA881B1B5B1ECB8068
:1011F00043889A1A521E4A8003880C888A881B1BCF
:101200005B1E8B800088801A401E0880F8BD2DE987
:10121000F0470C4617460026824601EBD47936E0AB
:10122000601C002500EBD0782CE0A01B621B401E48
:1012300001B2A2F1010210B2BAF1000F0ED015FBFB
:10124000041211FB040110FB046C07EB420307EBD3
:10125000410216FB045007EB4C010DE011FB040C9E
:1012600010FB046215FB041116FB045007EB42034C
:1012700007EB4C0207EB410107EB4000FFF78AFF49
:101280006D1C2DB2B5EB680FCFDB761C36B2B6EB1A
:10129000690FC5DBBDE8F0872DE9F047A2B0054630
:1012A0000FF035F8044628460EF0F9FF8246606AD2
:1012B00011F087F9054694F85400C00777D006A8C6
:1012C0000DF078FA4FF4E029204606AA494615F0B9
:1012D000C6F804F1480101A809F0ECFC606ABDF809
:1012E0000410828A1144ADF80410C18A01AABDF825
:1012F00006000844ADF80600616ABDF80800898A56
:101300000844ADF80800616ABDF80A00C98A0844BB
:10131000ADF80A0006A950460DF038FA49462046B5
:1013200014F048FB06464946204614F070FC871925
:101330004946204614F00DFD1E494FF00008CDF837
:101340000C800644CDF81080206D09682844884739
:101350000246206D411903A812F0ACF8BDF8040054
:10136000552241463844ADF80400BDF8060030442B
:10137000ADF80600606A14F0FEFC054614A80CF0F7
:1013800041FC14AA4946204614F0BBFF9DF81B00FF
:10139000022804D8BDF85C00A9B2884207D003AB8C
:1013A000504601AACDF8008014A90CF087F922B0AC
:1013B000BDE8F087200200202DE9F04FC3B00546BC
:1013C00030300E460190FBF744FD00287DD1B16816
:1013D00005F114023FA8FBF7D6F8002875D0D6F81F
:1013E00008A03FA8B0603BA80CF09DFC4FF4E0249F
:1013F00028463BAA214614F0D4FF2CA80DF0DAF9B8
:101400009DF8F41047F6FF708DF8B3102146ADF843
:10141000B000284614F0B1FD00EBD0702146471013
:10142000284614F0AAFD00EBD07031464FEA600B5D
:1014300003A813F0A9FA0521109429A8099019A866
:1014400007906348CDE904010198FBF789FCB6E0F9
:101450000A223BA929A812F02DF838222CA919A894
:1014600012F028F8E088ADF8A400E088ADF8680034
:1014700017A80C903EA80D90607BC00704D0B4F96B
:101480000000B4F902100FE0B4F90410A1F5FE4019
:10149000FF3875D0A28841ABA16828460AF082FDCA
:1014A000BDF90401BDF90611AA8AEB8A104419445A
:1014B0000FFA80F80FFA81F9C7B1BBF1000F15D010
:1014C000A8EB070208EB070000E07DE0ADF8A00004
:1014D000012009EB0B03ADF89C20ADF8A230A9EB7D
:1014E0000B01ADF89E10419027A801E0002041902B
:1014F0000690207B81072CD0C00702D0B5F91400DC
:1015000000E04046ADF85C00ADF85E904846217BB7
:10151000890702D5B5F9181000E04146ADF8F8107A
:101520001A21ADF8FA0003AA28460EF0F5FE3EABEC
:10153000304617AA29A90CF0E9FB419820B127AA47
:10154000304619A90DF022F91B21284603AA0EF0F6
:10155000E3FE207B10F00C0F2DD041074046ADF884
:101560005C8002D5B5F9161000E04946ADF85E1072
:10157000ADF8F800207B000703D5B5F91A0001E0AB
:1015800019E04846ADF8FA001A21284603AA0EF0E1
:10159000C3FE3EAB304617AA29A90CF0B7FB419811
:1015A00020B127AA304619A90DF0F0F81B212846D2
:1015B00003AA0EF0B1FE01982146FBF7CEFB040012
:1015C0007FF446AFC6F808A043B0BDE8F08F000036
:1015D000785A03082DE9F04F9FB005460EF097FEAC
:1015E000044628460EF05BFE1C90204614F08AFD4F
:1015F0000546204613F05BFCA38A05EBD572014635
:1016000003EB62000FFA80FBE08A01EBD1714FEA35
:10161000620800EB61000FFA80FA06A80CF083FB69
:101620000021204606AA14F0BCFE4FF41D7242F2BF
:101630003410002618FB02F191FBF0F03146801CBB
:10164000ADF81A00204614F04CF947F6FF7905462C
:1016500000234A4604F114010AA80CF0D7FF002128
:101660000AA80CF07FFB1B90E38AA28AADF8123027
:101670005819218B2A44ADF81410678B491BADF81B
:1016800010204A467B1BADF8141004A9ADF81200D7
:1016900010A8ADF8163001230CF0B8FF002110A8F7
:1016A0000CF060FBBDF91A2000271D90A8EB050087
:1016B000A0EB0209904439462046FCF7B5FB09909F
:1016C000BDF82400ADF81800300A00B2054619F044
:1016D000FBFA00FB08F00BEBE030ADF858002846B1
:1016E00019F0EAFA00FB08F00AEBE030ADF85A0016
:1016F000284619F0E9FA00FB09F00BEBE030ADF8F1
:101700005C00284619F0D8FA00FB09F017AB16AABE
:101710000AEBE030ADF85E001C9806A90CF0F6FA72
:10172000FF1CBFB2B7F5807F06F58766C3D90AA84C
:101730000CF0E4FC10A80CF0E1FC1B980DF014F880
:101740001D980DF011F81FB0BDE8F08F2DE9F04F96
:101750008A68A7B08846044600F1140124A8FAF765
:1017600012FF00287ED0D8F8080024A91F90204638
:10177000C8F80810002114F023F90021054620467E
:1017800014F04BFA284400B220900021204614F0B7
:10179000E6FA284407B2204613F036FBB4F884106A
:1017A000484340F30F201790204613F013FBB4F882
:1017B0008610484340F30F20189014A80CF0B3FA99
:1017C0000021204614AA14F0ECFD4146684613F0AF
:1017D000DBF80025DFF8D0A1681E6A4614A9CDE920
:1017E0000D5006911A21CDE901A5204609950A95CB
:1017F0000EF092FD31222046294614F0BCFA00F08A
:10180000FF092046002114F0DBF8332283462046EE
:10181000294614F0B0FAC6B2204613F00FFC23900C
:10182000204613F0D7FCB4F87E10E9B3A38AB9F1CF
:10183000020FE28AADF84C30218B3A44A2EB000053
:10184000ADF8781000B21A90B4F97E7040D9BBF1AF
:10185000000F3DDDB00707D50021204614F07FFAC8
:1018600010B900E09CE00125F00731D000212046AE
:1018700014F06DF960BB7F1E3FB229E0189801217A
:1018800010FB05F2B4F87E00401E92FBF0F01A9AAD
:101890001044ADF84E00ADF87A0013A809901EA8C8
:1018A0006A460E950A9000E014E0CDE901A11A21E4
:1018B00020460EF031FD1EAB404613AA14A90CF0D1
:1018C00025FA1B216A4620460EF026FD6D1C2DB21E
:1018D000BD42D3DBB4F88000F0B3A18AB9F1020FA6
:1018E000E28A4FF000072098ADF84E20628B014449
:1018F0002398ADF87A20B4F98050A1EB00000FFADC
:1019000080F913D9BBF1000F10DD700705D5002158
:10191000204614F082F900B90127300706D50021CE
:10192000204614F0BCF908B96D1E2DB202260DF147
:10193000780B26E017986A4610FB07F1B4F8800090
:10194000401E91FBF0F01A214844ADF84C00ADF870
:10195000780013A80E9700E015E0CDE9090BCDE95A
:1019600001A620460EF0D8FC1EAB404613AA14A9CF
:101970000CF0CCF91B216A4620460EF0CDFC7F1CF2
:101980003FB2AF42D6DB00200990411E6A460E915D
:101990001B210A9020460EF0BFFC1F98C8F80800D3
:1019A00027B0BDE8F08F0000785A03082DE9F04F0A
:1019B00091B083460EF06DFC064658460EF0A7FC2B
:1019C000122E04467ED0152E01D0182E7BD114F095
:1019D00099FB0690204613F06AFA00210590322206
:1019E000204614F0C8F9002105461222204614F0C2
:1019F000C2F928440FFA80F820460021132214F07F
:101A0000BAF928440FFA80FA20460021102214F077
:101A1000B2F9284407B220460021112214F0ABF994
:101A2000628E43190FFA83F902EB0801ADF8081032
:101A3000A08E3844ADF80A0094F8390000F0030095
:101A400001287DD002A9E08ECDE90001B4F9303043
:101A500003A8DDE90521FAF7EDFFBDF80C10A08A17
:101A60000844ADF80C00BDF80E10E08A0844ADF84B
:101A70000E00BDF81010A08A0844ADF81000E18AED
:101A8000BDF812000844ADF8120000BF04F11401C3
:101A900001910FA80D4609F0FBF803A9284609F0AB
:101AA000F7F8D348594613F01BF9012861D1019882
:101AB0000FA909F0EDF8152E5BD1E08D002858D064
:101AC000A08D01E058E054E0002852D0E08E0028BC
:101AD0004FD058460EF0E3FB0199064605A809F0E1
:101AE000D7F820460FF048FE054694F8390000F07C
:101AF000030001287ED0BDF81000BDF80C10401A7C
:101B0000BDF814100844ADF81800BDF81200BDF877
:101B10000E10401ABDF8161000EB0100BDF81410AD
:101B2000ADF81A0001EB0800ADF81400BDF816007E
:101B3000BDF818103844ADF81600A1EB0A0000E01B
:101B40007CE0ADF81800BDF81A10A1EB0900ADF863
:101B50001A0094F8381001F00300012873D08907A7
:101B600071D0022870D00023019A194630460BF03C
:101B700057FD11B0BDE8F08F58460EF0C6FB054684
:101B800000780228F5D094F838000126C14389076F
:101B90004ED000F0030102294AD0C0F3840004288B
:101BA00001D0012844D100212046462214F0E3F858
:101BB000C0B2FF283CD1208ED0BB58460EF0A5FB0A
:101BC0000746E08EB0F5807F34D0204613F06FF9E1
:101BD0008046204614F096FA04F132020146E08E67
:101BE0000023CDE9000202A84246FAF723FFBDF820
:101BF000080000E029E0A18A00220844ADF80800AE
:101C0000BDF80A00E18A0844ADF80A00BDF80C00EE
:101C1000A18A0844ADF80C00E18ABDF80E00084422
:101C2000ADF80E0002A93846FAF7D6FC0028A0D17C
:101C30002E709EE7002204F11401F4E703A9204668
:101C400013F0FCF822E72BE0C1E0B4F92C002AB233
:101C5000BDF81410801A401C00EBD070A1EB60019D
:101C6000ADF81410BDF81810BDF81620A1EB6000F7
:101C7000ADF81800B4F92E002914401A401C00EBEE
:101C8000D070A2EB6000ADF81600B4F92E00BDF8DC
:101C90001A20401A401C00EBD070A2EB60003DE718
:101CA00007A80BF0F1FC0021204607AA14F0D5FA92
:101CB000E08E0DAAADF81E00208EADF81C00608EDF
:101CC000ADF82000A08EADF8220094F83800BDF8E1
:101CD0000C10C0098DF8300001EB0800ADF834009D
:101CE000BDF80E00BDF810103844ADF83600A1EB79
:101CF0000A00ADF83800BDF81210A1EB0900ADF8EC
:101D00003A00B16810460F46FAF73DFC002890D023
:101D10000DA8B060B4F92A30B4F92EC0B4F9281077
:101D200093FBFCF8B4F92C20BDF916000CFB18331A
:101D300091FBF2FC034402FB1C1819B2ADF802102F
:101D4000814203DDE08D081AADF80200E18DBDF897
:101D500002000844401E30E0BDF9141001EB0800F9
:101D600000B2ADF80000884203DDA18D401AADF845
:101D70000000A18D80B20844401E0DE0636A07A9EF
:101D80006A4630460BF04CFCBDF800002844ADF824
:101D90000000BDF804002844ADF80400BDF90000BF
:101DA000BDF918108842E9DBBDF80210281401447F
:101DB000ADF80210BDF806100844ADF80600BDF9F4
:101DC0000200BDF91A108842C6DBB760D1E607A849
:101DD0000BF018FF0021204607AA14F092FA002009
:101DE0000090636A07A9019A30460BF067FCC0E6D1
:101DF000105903082DE9F04FD3B005460EF087FACD
:101E0000044628460EF04BFA03A92F90204613F003
:101E100015F800212046692213F0ADFF0021054688
:101E20006A22204613F0A7FFBDF80C10BDF8102061
:101E3000491BADF80C102A44ADF81020521ABDF819
:101E40000E10521C0FFA82FBBDF81220091AADF8D1
:101E50000E101044ADF81200421AD4E90A01521CC7
:101E60000FFA82FAD345A1EB000801DB012200E062
:101E7000002294F85C3091460022459203F0030260
:101E8000012A08D1002806DA002904DD216B8142ED
:101E900001D1012045900021204613F094FE00213D
:101EA0004390204613F0D7FE00210B90204613F0FC
:101EB00026FF00212C90204613F025FE3C9003A91C
:101EC00004F13400099008F0D1FEA18EB9F1000FA1
:101ED0004398228F01440B98E38EA2EB00022C98CA
:101EE000658F03443C98A1862287A5EB0000E3861A
:101EF00000B2608711D099B2401A401C00B2042889
:101F00001DDA0AEBDA72E18A6FF0010000EB620081
:101F10000844E086001D608711E0218FA08E081A1A
:101F2000401C00B204280ADA0BEBDB72A18A6FF0C6
:101F3000010000EB62000844A086001D2087218F6D
:101F4000B9F1000FA28E638FE58EA1EB020101F1C2
:101F5000010109B2A3EB050000F1010000B2CDE9D7
:101F60003D0105D0DF4804F13806099D0F4604E025
:101F7000DD4804F136053D9F2E1D0790A26D501CD3
:101F800014D0A06AD4E914311B1A091A7B4379438F
:101F900093FBF8F391FBF8F019B200B2401A5043EA
:101FA000C21700EB126001EB202005E0216BA06A54
:101FB000081A784390FBF8F000B20890A26C501C0D
:101FC00014D0A06AD4E910311B1A091A7B43794353
:101FD00093FBF8F391FBF8F019B200B2401A5043AA
:101FE000C21700EB126001EB202005E0D4E90910D4
:101FF000081A784390FBF8F00021162200B24690B0
:10200000204613F0B8FEB9F1000FC0B22AD0012863
:102010000AD1469842420898414210B2469028465A
:102020003546064608B2089029884698084430800C
:102030002988089808442880459898B3A16AB9F17E
:10204000000FC1F1000000FB07F090FBF8F000B2B8
:1020500015D02A88B6F90010104400B281420BDD79
:10206000288039E031884698081A401C2880318839
:102070000898081A3080DFE7298030802CE0328809
:10208000B5F90010101A401C00B2814201DD308009
:1020900001E031802880B6F90010B5F900008142D6
:1020A000EADB19E0FFE7079909988847012813DC64
:1020B0002F993CA812F068FC00204FF400314991A0
:1020C0008A493CAACDE93D1009981A213F90204643
:1020D0000EF022F93CAAFDE0099950A808F0C6FDCF
:1020E0000CA80CF067FB4FF4003620460CAA3146D2
:1020F00014F0B5F92F991AA812F046FC4FF0000819
:102100007A4827961A211AAA4546CDE91B080CA839
:102110001E9009981D9020460EF0FEF80B222046D6
:10212000294613F028FE05B25846D345514600DB38
:102130000846B5EB600F00DD4510DDE93D10884233
:10214000BDF9300000DA3E99B0EB610F00DD4810B8
:10215000B9F1000F02D0228FA18E01E0628FE18ED3
:10216000511A491C09B2B1EB400F18DD9DF833102C
:1021700008910CA99DF84A709DF852608DF8338043
:10218000099A2F988DF84A808DF852800CF0FEFA4B
:1021900008998DF833108DF84A708DF8526000233D
:1021A000A18A2A4643980844ADF83801218B0B9840
:1021B000081AADF83C01E18A2C980844ADF83A01C0
:1021C000618B3C98081AADF83E014EA930A80CF07E
:1021D0001DFA002130A80BF0C5FD9DF8526003A93F
:1021E0008DF852804546029005A88DF8668008F06B
:1021F0003DFDBDF81410B9F1000F4398084403B237
:10220000ADF81430BDF816102C980844BDF818101D
:1022100002B20B98ADF81620A1EB000001B2ADF8A8
:102220001810BDF81A703C98A7EB000000B2ADF88A
:102230001A0012D0801A401C00B204281FDA0AEBE0
:10224000DA72E18A6FF0010000EB62000844ADF839
:102250001600001DADF81A0011E0C81A401C00B2AB
:1022600004280CDA0BEBDB71A28A6FF0010000EBA3
:1022700061001044ADF81400001DADF81800BDF960
:1022800030200023099936A80CF0C0F9002136A8A7
:102290000BF068FD05AA07462F980CA90CF076FAFA
:1022A0008DF852600CA98DF83350099A2F988DF84B
:1022B0004A508DF866500CF069FA36A80BF01EFFF4
:1022C00030A80BF01BFF38460CF04EFA02980CF0C9
:1022D0004BFA1AAA20461B210EF01EF853B0BDE897
:1022E000F08F00002DAD0108D3AC01086858030839
:1022F0002DE9F04FB9B005460EF009F8044628461E
:102300000DF0CDFF00218346204613F0FCFA012892
:102310000CD00026204607F010F9054694F85C0022
:10232000002700F00300012802D008E00126F1E7B1
:10233000A06A002803DAE06A002800DD01272046B1
:102340008DB112F0B4FD814627B1606A002801DA30
:10235000A08E05E016B1B4F9340001E0B4F93800FC
:10236000ADF894000BE013F0CDFE814627B1606A12
:10237000002801DA608F00E0E08EADF8960012A828
:102380000CF018FA4FF44038204612AA414614F0D7
:1023900066F825A92B464A46204619F004FE04F1AA
:1023A000680025A9824608F07CFC5946684612F070
:1023B000EBFA00202E4912AFCDE90110CDE90D80D6
:1023C000CDE903A7204616F00DFB022806D01A21FE
:1023D0006A4620460DF0A0FF52463CE0382212A982
:1023E00027A811F067F81A216A4620460DF094FFDD
:1023F00012A9524658460CF0C9F91B216A462046DC
:102400000DF08AFF45B126B1B4F93800ADF894005B
:1024100005E0B4F93400F9E7608FADF8960025A91E
:102420002B464A46204619F0BEFD04F1600025A95E
:10243000054608F036FC382227A912A811F03AF810
:1024400002A96A46012081E8A1001A210E902046C7
:102450000DF062FF2A46584612A90CF097F91B218D
:102460006A4620460DF058FF39B0BDE8F08F0000F5
:102470009C5903082DE9F0438FB004460DF047FF47
:10248000054612F055FD074603A80BF0BBFB0021E3
:10249000384603AA13F035FF284610F08DF828B10E
:1024A0009DF8290040F001008DF8290020460DF02C
:1024B000F6FE816807F1140204460DA80E46FAF7ED
:1024C00062F8002850D00DA8A0600BA9384606F08D
:1024D000A3F9A88A01AAADF80400E88AADF80600BD
:1024E000288BADF80800BDF82E00ADF80A001046A4
:1024F000A168FAF748F80DF104084FF0000978B127
:10250000A7682846C4F8088010F05BF805F11402AB
:10251000034603A92046CDF800900BF0CFF8A76042
:1025200001AAA88AADF80400BDF83200ADF8060093
:10253000288BADF80800688BADF80A001046A1683A
:10254000FAF721F878B1A7682846C4F8088010F097
:1025500038F805F11402034603A92046CDF800908F
:102560000BF0ACF8A760A6600FB0BDE8F0830000E8
:102570002DE9FF4F9FB0987B00F00F042098032CAB
:10258000DDF8B080827E18D0012C1DD0022C21D025
:10259000042C13D0082C7DD19E4D61014FF0FF0B10
:1025A000FD2A2BD29C4E3078904202D17068A04216
:1025B00021D0DFF868C200201BE00424954D4FF0C5
:1025C000F00B103D1021EBE7924D4FF0800B163DC4
:1025D0000221E5E78F4D4FF0C00B143D0421DFE7EA
:1025E0002F5CFF2F1AD017FB02F73F0A0CF8007080
:1025F000401C8842F4D3894D327074601F98B3F840
:1026000006A01E8981682198B1F90030B0F9002038
:102610000AFB04F09A4203DB002302E01746E5E7D9
:102620009B1AB1F9047002EB0A0C0793BC4501DC5C
:10263000534601E0BB1A5B1C219AB1F9027099461E
:10264000B2F90220BA4201DB002300E0BB1AB1F963
:102650000610971918938F4201DC314601E0891A60
:10266000491C169103FB00F207981C2100FB042073
:1026700000F0070708EBD0080FA810F0DDFF209846
:102680008089ADF844002098807E8DF85400209811
:10269000807F00E0BBE0C0F3C2008DF85500FAF780
:1026A0000DFE0AF035FD0AFB06F1814200DC08460A
:1026B0001C9010F065FE089000261290A9F1010010
:1026C00021990A8807990A44ADF80C2021990988B4
:1026D00001442198ADF810108B1ADDF860C05B1C26
:1026E0001BB24088ADF86C10169960440993ADF8A0
:1026F0006820ADF80E00ADF81200ADF86A0008448D
:10270000ADF86E001AA80BF015FD07991D90C4F1E5
:1027100008000AEB01021790A2EB0900DDF860A0A7
:1027200003A90F916043149101905AE00799002387
:102730002BFA07F0B6461DE098F80020DDF85CC0E3
:102740000240ACEB070C32FA0CF205D015F802C0CF
:10275000089A02F806C001E0089A9355179A974222
:1027600002D2E040274403E00027584608F1010860
:10277000491C761C4945DFDB1D9880B10898BDF9DE
:102780001220BDF90C107044099B19900BF094FCB9
:102790008DF84C0018B90999199810F04DFF079859
:1027A000A9EB000081191C98814203D2BDF81200E8
:1027B000401C0CE002208DF84C001F980FA90CF073
:1027C000EFF9BDF812000026401CADF80E00ADF880
:1027D00012000AF1010A0198384400F0070708EBDB
:1027E000D00816988245A1DBBDF90E10BDF9120084
:1027F000814209D0401EADF8120002211F988DF8C9
:102800004C100FA90CF0CCF9089810F005FE23B07D
:10281000BDE8F08F321F03089C0100208882002051
:102820002DE9F04F0C46B1F90210B2F90060834671
:10283000491EB3F9000089B04D1001F00101864234
:10284000294400DA3046ADF80000B2F90000B3F9CF
:102850000030984200DC1846401EADF80400508855
:10286000401AADF80200508869462844ADF80600C9
:10287000DBF808200846F9F786FE00281FD0E0881C
:1028800018B1A08808B1012700E00027684601259B
:102890000BF050FC00B907B100251C2102A810F074
:1028A000CBFECDF808D06E462088ADF81000207A17
:1028B0008DF8200035B102A958460CF071F909B025
:1028C000BDE8F08FBDF804204FF0000ABDF900000C
:1028D000BDF80230A2EB0001BDF9068001F1010153
:1028E000ADF806300DB247B1B4F90610B4F90420C2
:1028F000114490FBF1F201FB120A284610F040FD52
:10290000079681460590BDF902603EE0294648469B
:1029100010F0BAFEBDF9001032B22B4648460BF05B
:10292000CBFB8DF818000FB300B3002350461946B7
:1029300017E000BFB4F90420824205DB121A1144EB
:10294000104409B200B208E0B4F906C06244824201
:1029500001DC002001E009F80130491C401C09B2EB
:1029600000B2A942E6DB02208DF8180002A9584601
:102970000CF016F9BDF80200401CADF80200BDF8DD
:102980000600401CADF80600761C4645BEDD4846F4
:1029900010F042FD93E700002DE9FF4FB2F902402D
:1029A000BBB0B3F90250AC420ADA128864F31F409C
:1029B0001B8865F31F4162F30F0063F30F0109E009
:1029C0001B8865F31F40128864F31F4163F30F00F7
:1029D00062F30F0102910FFA81F904B205144FEA74
:1029E000214AA9EB0406002EAAEB050701DD3046BB
:1029F00000E07042002F01DD394600E07942884254
:102A000001DD012100E000213C98B0F902000091B5
:102A100061B1002F01DD394600E07942002E4FEA16
:102A2000411201DD31460DE071420BE0002E01DD67
:102A3000314600E07142002F4FEA411201DD394674
:102A400000E0794292FBF1F1AD4A4C45525C12FB39
:102A500000F000F13F004FEAE01000F001024FEA01
:102A6000600802EB080B01DA214600E04946A1EBC1
:102A70000001ADF8101001DD214600E04946524644
:102A800055450144ADF8141001DA294600E011461D
:102A9000A1EB0001ADF8121001DD294600E051461E
:102AA0000844ADF816003B9804A982680846F9F777
:102AB0006AFD00287ED000984FF0000100287AD0EF
:102AC000002E504615DDA0EB08024B4612B2CDE9B0
:102AD0000021A5EB0800214602B20DA80BF0CEFBA9
:102AE00001200AEB0B0109B2CDE9001005EB0B0048
:102AF00014E000EB0B024B4612B2CDE9002105EBCE
:102B00000B00214602B20DA80BF0B8FB0120AAEB86
:102B1000080109B2CDE90010A5EB08004B4602B24E
:102B2000214618A80BF0AAFB00210DA80BF01AF9FA
:102B30000021399018A80BF015F903904FF0FF39D8
:102B40003C98C846417AC80623D403212A46A819CE
:102B500000B2CDE90001E01B214603B223A80BF02F
:102B60008DFB029902200A14911909B2CDE90010D7
:102B7000029801B2C81B03B22EA80BF07FFB002104
:102B800023A80BF0EFF8002181462EA80BF0EAF8FD
:102B90008046BDF81400BDF81010401A401C04B265
:102BA000FAF78CFB0AF0B4FA054604A808F09DF881
:102BB000A84201E0A1E028E003D204A808F095F8BB
:102BC0000546AA46284610F0DBFBBDF91670834681
:102BD000BDF8120000255146ADF81600584610F019
:102BE00053FD1C2106A810F027FD3C9804A906916E
:102BF0000088ADF820003C98007ACDF824B0BDF9EB
:102C000012608DF830000B9144E0CDE900A109EB92
:102C10000B0204EB0B0013B22A4601B20DA80BF015
:102C20002DFB01212A46A4EB0800CDE900A1A9EB68
:102C300008010BB201B274E7BDF9101032B20BEB10
:102C40000500234600900BF037FA8DF8280018B9DC
:102C50000098214610F0F0FC25442919514505D271
:102C6000BDF81600401CADF8160012E002208DF8E9
:102C700028003B9806A90BF093FFBDF8160000252D
:102C80005146401CADF81200ADF81600584610F041
:102C9000FBFC761CBE42CFDDBDF91210BDF916005B
:102CA000814209D0401EADF8160002213B988DF8F4
:102CB000281006A90BF074FF584610F0ADFB0DA8C4
:102CC0000BF01CFA18A80BF019FAB9F1FF3F02D06B
:102CD00023A80BF013FAB8F1FF3F02D02EA80BF097
:102CE0000DFA39980BF040FD03980BF03DFD484676
:102CF0000BF03AFD40460BF037FD3FB0BDE8F08FDA
:102D0000322003082DE9F04F8346B1F9020089B063
:102D10000C46401E1588411000F001000844281A96
:102D2000ADF8000010880844ADF80400B2F90210B4
:102D3000B3F90200814200DA0846ADF80200B2F9A8
:102D40000200B3F90210884200DC08466946401EC2
:102D5000ADF80600DBF808200846F9F714FC002857
:102D60001FD0E08818B1A08808B1012600E0002635
:102D7000684601270BF0DEF900B906B100271C21D7
:102D800002A810F059FCCDF808D06D462088ADF8A7
:102D90001000207A8DF8200037B102A958460BF0B8
:102DA000FFFE09B0BDE8F08FBDF80400BDF80020BB
:102DB000BDF80210801ABDF90670401CADF806106F
:102DC00000B2814610F0DCFA8246079505904FF07C
:102DD000000056B1B4F90610B4F90420BDF90200A0
:102DE000114490FBF1F201FB1200BDF90250804644
:102DF00031E04946504610F047FCBDF900102AB2B8
:102E00004B4650460BF058F98DF81800A6B178B132
:102E1000B4F90410414502DA00208DF81800B4F925
:102E20000600B4F904100144414501DC4FF00008EC
:102E300008F101000FFA80F8584602A90BF0B0FE25
:102E4000BDF80200401CADF80200BDF80600401CB1
:102E5000ADF806006D1CBD42CBDD504610F0DCFA2B
:102E60009FE77CB505460DF052FA446A28460DF0FE
:102E700016FA626A0546816868461432F9F783FBE0
:102E8000002835D0AE68C5F808D094F83C0080061C
:102E900021D5628FE08E824208D121232946204627
:102EA000FDF743FF628F212320461DE020232946A2
:102EB0002046FDF73AFF628F202320462946FDF782
:102EC00086FFE28E012320462946FDF72EFFE28E83
:102ED0000123204608E0628F202320462946FDF783
:102EE00024FF628F202320462946FDF770FFAE6045
:102EF0007CBD00002DE9F04FD5B005460DF007FA76
:102F00000446008E00287DD028460DF0C8F9539065
:102F1000608C40F008012046618447A911F08EFFC3
:102F2000608C4FF00009278C4D4640F00802A4F851
:102F3000209039A84E46C84662840BF03BFC07A897
:102F40000AF060FE4FF4A02A204639AA514613F039
:102F500086FA07AA5146204613F0D3F9618C204621
:102F6000278421F008016184002112F0CEFE0021A7
:102F70004B90204612F0CDFD00214A90204612F0E1
:102F800028FE00211090204612F06BFE53990F90FE
:102F900019A811F0F9FCB748CDE91A082BA81D9023
:102FA00011A8CDF898A01E9058E1761CB6B2606AC0
:102FB000B1A150F82600EDF7E9F90028F5D0E06A54
:102FC00030F81500C0F30011002975D18846C0F310
:102FD000002109B14FF00108C0F3801010B148F092
:102FE000800014E0A08EA84212D1B80601D548F0A6
:102FF0002008B80701D548F00208780701D548F045
:10300000040800E032E1380702D548F008008046A5
:10301000A06A00EBC50103A807F031FEBDF80C2043
:10302000B8F1000FBDF81C1102EB0100ADF80C0067
:10303000BDF80E20BDF81E010244ADF80E20BDF80B
:1030400010201144ADF81010BDF812100844ADF86E
:10305000120026D0628C2BA8A4F8208042F0080130
:1030600061840BF0A7FB11A80AF0CCFD2BAA5146F6
:10307000204613F0F4F911AA5146204613F041F905
:10308000618C278421F008016184E06A30F8150022
:10309000C0F3C02000289DF861000ED040F0010070
:1030A0000DE0382239A92BA810F004FA202207A934
:1030B00011A810F0FFF9E8E7CCE020F001008DF84E
:1030C000610003A827951A211C9019AA20460DF02B
:1030D00023F99DF8CF004108C9063CD520F03E00F9
:1030E000BDF90C201E308DF8CF00B4F914301099C2
:1030F00019448A4203D120F008008DF8CF00B4F9BA
:1031000018200F98BDF91010101A814205D19DF8B2
:10311000CF0020F010008DF8CF00B4F916204B98A6
:10312000BDF90E101044814205D19DF8CF0020F06A
:1031300004008DF8CF00B4F91A204A98BDF9121096
:10314000101A814207D19DF8CF008108490061F330
:1031500045008DF8CF00BDF812205FEA8863BDF905
:103160000E00A2EB000101F101010FFA81FB08D56D
:10317000E16A31F81510490503D5A0EB0B00ADF855
:103180000E00539803AA2BA90BF000FB606ABDF94F
:103190005830119A50F826004C90BDF82001BDF827
:1031A0001CC1BDF95610A0EB0C009DF861C0401C7D
:1031B000CDF808C000B2CDE900104C9954A817F022
:1031C0004DFEBDF81010BDF80C00BDF95031091AC4
:1031D000491C09B2C91A01EBD17100EB6100ADF8CD
:1031E0000C00BDF812101844BDF80E20891A491CB5
:1031F0000FFA81FCBDF95211ADF810005FEA886347
:10320000ACEB010C0CEBDC7C02EB6C0212B2ADF807
:103210000E20114409B2ADF812100ED5E06A30F854
:103220001500400509D50BEBDB70A2EB6002ADF891
:103230000E20A1EB6000ADF812004C9B03AA53983E
:1032400011A9CDF800900AF039FA1B21204619AADD
:103250000DF062F86D1C761CADB2B6B2208EA8429D
:103260003FF6A5AE608C20F00800608455B0BDE844
:10327000F08F0000A05803080A0000002DE9F04F6D
:10328000A9B005460DF043F8044628460DF007F8AE
:1032900000211E90204612F081FB002105461222DB
:1032A000204612F068FD28440FFA80FB20460021DA
:1032B000132212F060FD28440FFA80FA2046002104
:1032C00012F02FFD28440FFA80F915A80AF09AFC95
:1032D00015AA20464FF4003113F013F8A06A08B184
:1032E000099009E0802010F04BF880220546014645
:1032F00020460CF099FD0995002794F83C0000F059
:103300000F00012800D1012720460021162212F0CB
:1033100032FDC0B2012800D10127E06A002869D03F
:103320000EF0FEFB022880460ED0E06A69460EF0E1
:1033300079F801281CD04FF0FF363546EFB1A28A4C
:10334000711E02EB0B001DE09DF8712041F6FF712C
:10335000BDF966008DE80700BDF9683020A8E16A74
:10336000159A17F07BFDBDF98060BDF98250E5E745
:103370000098450DC0F38A26E0E7228B711EA2EB70
:103380000A00801BADF81800B8F1020F0144ADF837
:103390001C105FD0204611F08AFD401BE18A00EB33
:1033A000D07001EB6000ADF81A00691E0844ADF85A
:1033B0001E001FA80AF068F94FF4003820461FAA23
:1033C000414612F04AFF06EBD67041466E2240108D
:1033D000ADF8800005EBD5704010ADF882002046B6
:1033E00012F0C9FCADF87C0006AAE36A1FA91E987A
:1033F0000AF016F90DA80AF005FC002120460DAAD6
:1034000012F07FFF9DF8512041F6FF71BDF9460093
:103410008DE80700BDF9483008A80D9A099917F002
:103420001DFDE18A01EB0900ADF80E00BDF8221088
:103430000844ADF81200E06AF0B15FB3228BBDF82A
:103440002010A2EB0A00401AADF80C000144ADF8C0
:10345000101029E0E28A6D1E0021009102EB0900A4
:10346000ADF81A004219ADF81E20E36A06AA1E98AC
:1034700015A90AF023F9BDE7204612F043FEBDF975
:103480002010A28A401A00EBD07002EB6000ADF869
:103490000C0006E0A18A01EB0B00ADF80C00BDF8B2
:1034A00020100844ADF8100000200090099B03AAEA
:1034B0001E980DA90AF002F9A06A002802D1099805
:1034C0000FF0AAFF29B0BDE8F08F2DE9F04796B0C4
:1034D00005460CF01CFF044628460CF0E0FE03A94C
:1034E0000646204611F048FC94F848000025C10625
:1034F00000D50125800601D545F0020520460021B2
:1035000012F029FDA0F51C51D13904D1608C0005C1
:1035100001D445F004050BA80AF074FBB4F844008C
:103520000021ADF842000BAAB4F84600ADF8440003
:1035300020468DF8495012F0E4FE9DF848004FF007
:10354000010808B98DF84880E06B0C904FF6FF70C9
:10355000216C0D910C9981421ED00D9981421BD096
:103560004FF48029274655224946204612F003FC95
:10357000024649463846F9F7E8FC00902022BDF89B
:1035800000004946ADF83A00204612F0F4FB0090E6
:10359000BDF80000ADF83C0041F6FF7A94F8480011
:1035A00000F00700022801D003281ED19DF8480032
:1035B000022801D0032818D1BDF93E1005A8CDE995
:1035C000001A0295BDF94030616A0B9A17F046FC6B
:1035D000BDF81000BDF80C20BDF91410801A401C75
:1035E00000B2884201DA8DF8488004F1300794F87F
:1035F000480000F00700032809D0BDF81200BDF80C
:103600000E10401A401C00B2B0F5806F00DA00279F
:10361000B26803A913A8F8F7B6FF00287DD094F884
:10362000480040070BD1204611F0D4FD404202B2C1
:10363000002103A807F094FB608BADF812000DF198
:103640004C0994F8480000F00700022813D0032822
:1036500011D0009703AA636A0BA930460AF02EF82E
:10366000B068C6F80890804694F8480000F007005B
:1036700003280FD05FE0D6F8088003AAC6F80890A8
:103680000BA900973046636A0AF018F84046C6F85E
:103690000880E6E7BDF93E1009A8CDE9001A0295B9
:1036A000BDF94030616A0B9A17F0D8FBBDF81000E5
:1036B000BDF80C20BDF92410801A401C00B28842CD
:1036C00019DA20220B9811460CF03EFFB4F8441092
:1036D00000EB4000BDF8242011440844ADF842003E
:1036E000B4F8460003AAADF844000BA90097304691
:1036F000636A09F0E3FFBDF81210BDF80E20BDF9B2
:103700002600891A491C09B2814214DAB4F844101F
:10371000ADF842100B99098900E00EE0B4F846209C
:10372000009710440844ADF84400636A03AA0BA94B
:10373000304609F0C3FFC6F8088016B0BDE8F08730
:103740002DE9F04393B007460CF0A3FD054638463B
:103750000CF0DDFD152D04464FF480267ED0182D8B
:103760007DD138460CF09BFD054603A80AF04AFAC5
:1037700003AA3146204612F0C4FD0EA9204605F0EA
:103780004BF8A9680EAA10A8F8F7FDFE002866D02D
:10379000204604F0A8FD81460EF00EFF28B19DF8EA
:1037A000290040F001008DF82900204612F0AAFC03
:1037B000064648460EF005FF0146BDF91E000222EE
:1037C0000292CDE90006BDF920300BA8039A17F04C
:1037D00045FB204611F06BFBB4F9161000EBD076D8
:1037E000B9F9160001EB6601471A484611F05FFB74
:1037F000B90391FBF0F70021204612F04FFB03992B
:10380000B0F90800B1F90810081ABDF82E1000EB45
:10381000D0704010091A09B2ADF82E10E28A79432F
:1038200002EB660202EBA1310F1A2046002112F0D2
:10383000BBF8002180461222204612F09CFA00219B
:1038400006461322204612F096FAA18A06EB0802D9
:103850001144ADF83010ADF8327001E023E01FE004
:10386000218B081AA0EB0800ADF83400BDF82E003B
:103870003844ADF836009DF8290040F002008DF87C
:103880002900AC6810A8A86048460EF09AFE0346CE
:10389000002000900CAA284603A909F00FFFAC6095
:1038A00013B0BDE8F08338460CF0F9FC0EA90546CC
:1038B000204604F0B1FF68460AF07CFF6A463146B4
:1038C000204612F0CCFD0EAA694628460AF05EFF9B
:1038D000E6E72DE9F043ABB005460CF018FD0446D1
:1038E00028460CF0DCFC00218146204612F083F9CA
:1038F00000210746204612F0C6F900210646204660
:1039000012F01BFA00210546204612F014F9E38A52
:103910000146B4F814C0ADF80E302B44228B674436
:10392000ADF81020608B921BADF80C70401AADF80A
:103930001020ADF80E30ADF8120008A80AF03AFFDA
:1039400008AA20464FF4003112F089FD03AA484628
:1039500008A90AF01BFF204611F0A9FAA18A054622
:10396000208B411A606A491C4A1B16B2411C06D0C2
:103970007043C11700EB116040F30F2708E02046A9
:1039800011F090FF10F0010F01D0374600E0002742
:1039900020460021162212F0EEF9C0B2012801D112
:1039A000F01B07B2A08A4FF440363844ADF800004F
:1039B0004119ADF80410E08A3146ADF80200608B81
:1039C000ADF80600204612F016F9074631462046AB
:1039D00012F059F980463146204612F0AEF90546FC
:1039E0003146204612F0A7F80146BDF80000BDF8A8
:1039F0000420C01BADF8000002EB0800ADF8040085
:103A0000BDF80200401BADF80200BDF806000844F6
:103A1000ADF8060016A80AF0CDFE16AA31462046DB
:103A200012F01DFD16A96A4648460AF0AFFE2BB0FB
:103A3000BDE8F0832DE9F04FE1B005460CF067FCDE
:103A4000044628460CF02BFC826804F114018246DF
:103A500033A8F8F798FD00287ED0DAF80800002196
:103A60000F9033A83222CAF80800204612F083F9DA
:103A700000B256900021204612F065F900215A90BC
:103A8000204612F05EF800215C90204612F0B9F852
:103A900000215990204612F0FCF858900026218C05
:103AA00021912684608C40F00800608435A80AF0DB
:103AB00081FE4FF4A025204635AA294612F0CFFCFE
:103AC00011A80AF09FF811AA2946204612F019FC05
:103AD000219900272184608C20F008012046618410
:103AE00011F086FBE28A01465A981044411A569812
:103AF0000844401EADF81200204611F072FB002170
:103B00005790204611F005FF012800D000205146B3
:103B1000834643A810F038FF4FF000094FF4A0216E
:103B20005091F04922A8479019A8CDE9441948902E
:103B3000CDE100BFE26ABDF81200401C32F9191055
:103B400000B25D91491EADF80E000144ADF81210AF
:103B5000BDF9D210884200E0C0E16EDCBBF1000F7D
:103B60000AD0218B5898091A5798091A5698081A9A
:103B7000401EADF80C0009E0A18A599801445798FD
:103B8000091A56980844401EADF81000002596E129
:103B9000A06A002150F82700029108B10078029035
:103BA000BBF1000F0CD0BDF80C00401EADF81000AA
:103BB000216B31F81510401A401CADF80C000BE0D9
:103BC000BDF81000401CADF80C00216B31F8151049
:103BD0000844401EADF8100000261DE0A06AB91987
:103BE00050F82100E8B10078C0071AD0AA19216B5B
:103BF000022303EB4200BBF1000F085E05D0BDF8C5
:103C00000C10081AADF80C0004E0BDF810100844C0
:103C1000ADF81000761CB6B2A18C7019491E88420E
:103C2000DCDBBDF91200BDF9CE10884206DAB81906
:103C3000A919401C87B288B23FE14CE1BDF90C8064
:103C40008646BDF90E20ADF8C480ADF8C620BDF99A
:103C50001010ADF8C810ADF8CA009DF8F700C0F319
:103C6000440043070DD5B4F914C0599B63449845EB
:103C700007DDBDF9F43003EBD373A8EB6303ADF8B4
:103C8000C43083070DD5B4F916C05A9B63449A42D9
:103C900007DDBDF9F43003EBD373A2EB6302ADF89B
:103CA000C620020711D5B4F91830589A9A1A521E34
:103CB00091420ADABDF9F42002F0010302EBD2725C
:103CC00003EB62021144ADF8C810C00712D0B4F97A
:103CD0001A105C98091A491E8E450BDABDF9F400DA
:103CE00000F0010100EBD07001EB600101EB0E0070
:103CF000ADF8CA00E28E00204A457CD1A18EA942CF
:103D000079D1218C4A0602D48A0600D520208A0760
:103D100001D540F002004A0701D540F00400090730
:103D200001D540F00800002865D0628C208422A8CC
:103D300042F0080161840AF03DFD19A809F062FF14
:103D40004FF4A028204622AA414612F088FB19AA67
:103D50004146204612F0D5FA628C2198208422F048
:103D60000801618431A8469043AAA18C09FB015047
:103D70001A21519020460CF0CFFA31AA504622A9C0
:103D80000AF004FDA06A50F8270000287ED04FF406
:103D9000A0282046414611F034FF414600902046BD
:103DA00011F077FF41460190204611F0CCFF4146CB
:103DB0000D90204611F0C5FE01460298BDF80C306A
:103DC000BDF80EC0C0F340025E92009A002013447A
:103DD0005E9A0FFA83F8BDF81030002A019AADF808
:103DE0002880A3EB020213B20D9AADF82C30624486
:103DF000ADF82A2000E01DE0BDF81220A2EB010181
:103E0000ADF82E1000D00220BDF97620A3EB0801FA
:103E10000092491C09B2CDE90110A06ABDF97830C1
:103E2000119A50F827105BA8083117F017F85E9820
:103E300058B11FE0382235A922A80FF03BFB202201
:103E400011A919A80FF036FB8CE75D98BDF96E211A
:103E5000BDF80E1000EBD07302EBD27001EB630CD7
:103E6000ACEB6002ADF82A205A1002EB6000084467
:103E7000ADF82E0003AA33A95FA8F8F784FB28B198
:103E80005FAACAF808200020009000E00BE0A06ABA
:103E90000AAA19A950F827305046083309F00EFC39
:103EA00033A9CAF808101B21204643AA0CF034FAA3
:103EB000A819B919491C80B28FB2401C85B2A08CD8
:103EC000A8423FF665AE09F101001FFA80F9E18CC6
:103ED00049453FF62FAE0F98CAF8080061B0BDE81B
:103EE000F08F0000D45903082DE9F74F91888046E0
:103EF00004461088A8B0091A491C09B201EBD17117
:103F00004E103044ADF8200050883044ADF8220007
:103F100021A809F008FF4FF4A025404621AA294610
:103F200012F03FFA02A809F0AFFB02AA2946404668
:103F300012F093F90021404611F096FD299983462D
:103F40000EA810F021FD63494FF400301B9008AF1C
:103F500004F1300017970F912490F8F701FFB2E0B9
:103F600025681F942079012801D0A0B3A7E0E88B31
:103F7000B5F9203018440090E068D5E905120FF03B
:103F8000B2F9A98B00B2628A814611448D1916F0EC
:103F90009BFE10FB05F047F6FF7ABDF8222090FB50
:103FA000FAF01044ADF89A00484616F089FE10FB6E
:103FB00005F0BDF8202090FBFAF01044ADF8980011
:103FC000A08AADF88400208AADF886006079FD28CB
:103FD00002D9584603E017E010FB0BF0000A8DF8F9
:103FE0008C0021A8149026A8012110911A21CDE956
:103FF00017700EAA40460CF08FF9179A26AB299835
:1040000021A909F083FE55E02069E0B3E88BB5F9FA
:10401000203018440090E068D5E905120FF063F9EC
:1040200027A9814620690DF0FDF9BDF820004FF069
:10403000FF33A18A411AADF82410BDF82200E28AAC
:10404000801AADF82600279AC2F38A256D1E03EB6D
:1040500052522944ADF828101044ADF82A00607976
:10406000FD2801D9584602E010FB0BF0000A8DF83C
:10407000130009EB8900A18AADF80C104000E18A19
:10408000B0F5616F00E01AE0ADF80E1001DDA0F5AB
:104090006160ADF808000221109102A815901A2164
:1040A00040460EAA0CF038F9236909AA299802A9FA
:1040B00009F0B6FA1B2140460EAA0CF02DF92498FF
:1040C0002146F8F74AFE04007FF44AAF2BB0BDE862
:1040D000F08F0000B05F030870B5054691F82A0024
:1040E00088B00C4602285FD9E08C00285CD004A878
:1040F000114606F0A0FD208DBDF81010401E091AD3
:10410000ADF81010BDF81210091AADF81210BDF874
:1041100014100144ADF81410BDF816100844ADF8A1
:10412000160004A906A806F086FDBDF81810E08C5C
:10413000BDF81060091AADF81810BDF81C10BDF8D4
:1041400012300844ADF81C00BDF81A00E18C401A8A
:10415000ADF81A00BDF81E00E18C0844ADF81E0051
:10416000BDF81400BDF81610801BB4F90020C91A60
:10417000401C491C00B209B2884200DA0146B2EB89
:10418000610F00DD4A10A178E38C94F82A001344F3
:10419000CDE90201A08C1BB206A9ADF804002846A7
:1041A000009204AAFCF7EEFA08B070BDF8B5044618
:1041B0000CF0ADF8064620460CF0A7F80446406B1C
:1041C000B0F5A02F51D1A06B0025072805D220699A
:1041D000C570206980F8225012E081B2304640223A
:1041E00007F0ECFA60B12069C570206980F82250B0
:1041F000122013F0E5FD00906069BDF80010818188
:104200004FF40042208F81B2304607F0D7FA98B1C0
:1042100021696620C870304616F0BEFA0090206909
:10422000BDF800108180304607F0C6FAA16B8842C5
:1042300002D12169B220C8704FF48042208F81B230
:10424000304607F0BBFA00280FD02169FF2081F823
:104250002200304616F0A0FA00902069BDF8001048
:10426000C1832169088C401C0884F8BD2DE9F04108
:104270008CB005460CF04BF8044628460CF00FF8BD
:104280008046606A0EF09DF9007800283BD1A06A54
:10429000002838D00078002835D001A809F0B2FCF9
:1042A00001AA20464FF4002112F02BF894F8600088
:1042B000000705D59DF8210040F002008DF821008F
:1042C0000021204611F0A3FC00210746204611F0F2
:1042D00040FD00210646204611F06CFB04F114015C
:1042E000054609A806F0E6FC701902B2791909B270
:1042F00009A806F035FD00200090A36A09AA01A9CB
:10430000404609F0DBF90CB0BDE8F0817CB504460D
:1043100080696D4661898668A08961B100287DD079
:10432000814203D12289E3889A4278D3022977D047
:10433000032976D0CCE0E0BBE0882189884239D2DD
:10434000B4F9060016F0C0FCB4F90410B4F90E205C
:104350002368891A4843598801EBE030ADF8020020
:10436000E0885A3000B216F0AFFCA188226810FB3A
:1043700001F0118801EBE030ADF80400B4F9080059
:1043800016F0A2FCA188226810FB01F0518801EB15
:10439000E030ADF8060020895A3000B216F094FCE7
:1043A000B4F90410B4F90E202368891A4843198817
:1043B00060E0FFE720680088ADF800002068A18871
:1043C00040880844ADF80600B4F9060016F07CFCFD
:1043D000B4F90410B4F90E202368891A48435988A7
:1043E00001EBE030ADF80200E0885A3000B216F080
:1043F0006BFCA188226810FB01F01188324601EBAA
:10440000E0306946ADF804000846F8F7BCF858B14A
:10441000A06985602169D4E9052003E006E034E065
:1044200031E02EE00AF0B2F9A089E8BB2068A1884B
:1044300000880844ADF8040020684088ADF8020008
:10444000B4F9080016F040FCA188226810FB01F0C6
:10445000518801EBE030ADF8060020895A3000B2F7
:1044600016F032FCB4F90410B4F90E302268C91AFF
:1044700048431188324601EBE0306946ADF8000050
:104480001BE0022801D0012822D120680088ADF865
:10449000000020684088ADF802002068A1880088EC
:1044A0000844ADF8040000E012E020683246A1881C
:1044B000408808442946ADF806000846F8F763F836
:1044C00030B1A06985602169D4E905200AF05EF960
:1044D000A06986607CBD7CB5044680696D466189B3
:1044E0008668A08901290CD0012867D0814203D1B8
:1044F0002289E3889A427ED300297DD003297CD08B
:10450000B5E0012822D1E088218988421ED2B4F981
:10451000060016F0D9FBA188226810FB01F0518833
:1045200001EBE030ADF80600E0885A3000B216F03A
:10453000CBFBB4F90410B4F90E202368891A484360
:10454000198801EBE030ADF8040042E02068A18852
:104550000088401AADF8000020684088ADF80200DD
:10456000B4F9060016F0B0FBA188226810FB01F038
:10457000518801EBE030ADF80600E0885A3000B217
:1045800016F0A2FBB4F90410B4F90E302268C91A6F
:1045900048431188324601EBE0306946ADF804002B
:1045A0000846F7F7F0FF30B1A06985602169D4E9CA
:1045B00005200AF0EBF8A089012858D1206800886E
:1045C000401EADF804002068A18840880844ADF87A
:1045D0000600B4F9080016F077FBB4F90410B4F93A
:1045E0000E202368891A4843598801EBE030ADF862
:1045F0000200208902E018E010E014E05A3000B216
:1046000016F062FBA188226810FB01F01188324687
:1046100001EBE0306946ADF800001DE0022804D04F
:10462000032802D023E0022821D120683246A18845
:104630000088401AADF8000020684088ADF80200FC
:1046400020680088401EADF804002068A1884088DA
:1046500008442946ADF806000846F7F794FF30B144
:10466000A06985602169D4E905200AF08FF8A06966
:1046700086607CBD7CB5044680696D46618986682C
:10468000A08902290CD002287ED0814203D1228940
:10469000E3889A4279D3002978D0012977D0D4E0F1
:1046A00002283FD1E088218988423BD25A3000B2AB
:1046B00016F00AFBA188226810FB01F0118801EBBB
:1046C000E030ADF80000B4F9060016F0FDFAB4F9D8
:1046D0000410B4F90E202368891A4843598801EB65
:1046E000E030ADF80600B4F9080016F0EDFAA18844
:1046F000226810FB01F0518801EBE030ADF80200B8
:1047000020895A3000B216F0DFFAB4F90410B4F977
:104710000E302268C91A4843118801EBE030ADF829
:10472000040066E020680088401EADF804002068A0
:10473000A1884088401AADF80200E0885A3000B2E3
:1047400016F0C2FAA188226810FB01F0118801EB73
:10475000E030ADF80000B4F9060016F0B5FAB4F98F
:104760000410B4F90E302268C91A48435188324601
:1047700001EBE0306946ADF806000846F7F703FFA5
:1047800058B1A069856003E00AE03BE034E036E020
:104790002169D4E9052009F0F9FFA089022854D144
:1047A0002068A1880088401AADF800002068408881
:1047B000401EADF8060020895A3000B216F084FA87
:1047C000B4F90410B4F90E302268C91A48431188AC
:1047D00001EBE030ADF80400B4F9080016F074FA0B
:1047E000A188226810FB01F0518801EBE030ADF8A0
:1047F0000200324669461DE0032803D025E0032865
:1048000000D010BB20683246A1880088401AADF85D
:1048100000002068A1884088401AADF80200206896
:1048200029460088401EADF8040020684088401EDC
:10483000ADF806000846F7F7A6FE30B1A06985601E
:104840002169D4E9052009F0A1FFA06986607CBD3B
:104850007CB5044680696D4661898668A089032914
:104860000ED003287ED0814203D12289E3889A4268
:1048700079D3022978D0012977D0022976D0CEE0E9
:1048800003283BD1E0882189884237D25A3000B2D0
:1048900016F01AFAB4F90410B4F90E202368891A34
:1048A0004843198801EBE030ADF80000B4F9060088
:1048B00016F00AFAA188226810FB01F0518801EB7A
:1048C000E030ADF8020020895A3000B216F0FCF951
:1048D000A188226810FB01F0118801EBE030ADF8EF
:1048E0000400B4F9080016F0EFF9B4F90410B4F9B3
:1048F0000E202368891A4843598862E02068A188FD
:1049000000880844ADF8040020684088401EADF8D7
:104910000600E0885A3000B216F0D6F9B4F9041057
:10492000B4F90E302268C91A4843118801EBE0300F
:10493000ADF80000B4F9060016F0C6F9A1882268A7
:1049400010FB01F05188324601EBE0306946ADF8CA
:1049500002000846F7F717FE60B1A0698560D4E948
:10496000052004E009E038E032E035E031E021697B
:1049700009F00CFFA089032851D120680088ADF808
:1049800000002068A1884088401AADF80200208904
:104990005A3000B216F098F9A188226810FB01F095
:1049A000118801EBE030ADF80400B4F9080016F00E
:1049B0008BF9B4F90410B4F90E302268C91A4843CF
:1049C0005188324601EBE0306946ADF806001BE045
:1049D00018B1012801D022E008BB206832460088C7
:1049E000ADF800002068A1884088401AADF80200A8
:1049F0002068A18800880844ADF804002068294692
:104A00004088401EADF806000846F7F7BCFD30B1FF
:104A1000A06985602169D4E9052009F0B7FEA06985
:104A200086607CBD70B5A4B00C4620AA054622A9BC
:104A300010F0E6FB22A806F058F920B920A806F0ED
:104A400054F900283DD012A9284618F0CBFD0128C2
:104A500037D1214668460FF097FF02221A48D1034A
:104A6000CDE9010212A80D91049022A806F03DF9AB
:104A700080B122A86A461A21039028460BF04CFC0C
:104A800022AA204612A909F081FE1B216A46284667
:104A90000BF042FC20A806F028F9002811D01A21BA
:104AA0006A4620AE284603960BF036FC20AA204624
:104AB00012A9039609F06AFE1B216A4628460BF0EC
:104AC0002BFC24B070BD0000F81E03082DE9F04F48
:104AD0008A68B5B08B46044600F1140118A8F7F7B0
:104AE00052FD00287DD0DBF8080018A92F90204641
:104AF000CBF80810002111F090F80021064620465E
:104B000011F02DF90746204610F07EF9B4F8841014
:104B1000484340F30F2220462D9210F05BF9B4F881
:104B20008610484340F30F20069004F124000790BC
:104B3000F8F701F900210546204611F02CF8B4F8E9
:104B400084104FF4A0282D9A4843B4F88210001224
:104B5000C1F1010303FB002090FBF1F001B22046FC
:104B60000891414611F017F8B4F88410C5F101021C
:104B70004143081208991A9002FB0010B0FBF5F0AF
:104B80000FFA80FABAF1010F01DA4FF0010A20465C
:104B9000002110F015FF0546204610F04FFA301A9C
:104BA000284400B23090204610F014FB381A2844F4
:104BB00000B231900AA809F0FDFD0AAA4546414617
:104BC000204611F04CFC9DF83710FF208DF82B008B
:104BD00021F007018DF83710608BBDF828100844CC
:104BE00000E097E05946ADF80E001BA80FF0CCFE90
:104BF00004204A492895CDE91C10002081E0089A3C
:104C0000401E2D99A38A891ACDF8A49001FB09F1C1
:104C100091FBF0F130980844184400B232900798A4
:104C2000F8F79EF868E0287BC00761D12946204646
:104C300007F095FA024632981A9BAAF1010146182C
:104C4000ADF8080031B2BDF960605344ADF80C1006
:104C5000034412B21BB23293B14249DBBDF9641076
:104C600088424BDC2B8902EB0901ADF82C30287B04
:104C7000B4F882206E68C0F30013B4F816C004EBD9
:104C8000430091FBF2F3B0F9707002FB1312B0F91C
:104C90006C1010B27B1A36F91020511A069A514343
:104CA00091FBF3F1521A319911446144ADF80A10A5
:104CB000696831F91010A1F5FE48B8F1FF0817D066
:104CC00002A91E910AA92C951F911BAA696831F9A6
:104CD00010001A212B9020460BF01EFB02AA58460A
:104CE0000AA909F053FD1B2120461BAA0BF014FB57
:104CF00007982946F8F731F8050094D109F1010029
:104D000080B28146B4F8820048453FF678AF2F98CC
:104D1000CBF8080035B0BDE8F08F0000785A0308E2
:104D20002DE9F04F8A68894600F114010546BFB0AD
:104D30000F463AA8F7F727FC00287CD0D9F808A03E
:104D40003AA9C9F80810B5F88200022873D30021E7
:104D5000284610F035FE00210446284610F05DFF7D
:104D600006192846002110F0FAFF0444284610F0E6
:104D70004BF8B5F88410484340F30F202D90284697
:104D800010F028F8B5F88610484340F30F2828465D
:104D900010F054F90146A88A3044401A00B2369007
:104DA000284610F017FAE98A2144081A394600B259
:104DB0003890D9F808203CA8F7F7E5FB00283AD04E
:104DC00031A808F0B0FF31AA28464FF4A02111F015
:104DD000E8FA19A809F0EEFC4FF40034284619AAA5
:104DE000214611F03CFB2146284611F0C6F800EBA5
:104DF000D07021464710284610F00CFE00EBD07012
:104E00004110BDF9C6008B465F4501DA3A4600E025
:104E10000A4600EBD071B2EB610F05DD9DF8CD10B5
:104E200041F010018DF8CD10012807D19DF8CD007B
:104E300040F0100000E091E18DF8CD00B5F882104F
:104E40002D98814201DB012000E00020399005F11E
:104E500024002A90F7F784FF7BE1207BC0077DD1F7
:104E600020892146ADF8C4002089ADF868002846A5
:104E700007F075F9369900B2ADF8AC10ADF80C102A
:104E80002E90227B61682F90C2F30012049031F9BA
:104E9000103005EB4200B0F96C10B0F97020581AD0
:104EA000511A00FB08F090FBF1F0A8EB00013898D4
:104EB00008444946ADF80E0007A80FF065FD032130
:104EC000A84A4FF4A020149031A80D90189419A866
:104ED000CDE908210B900026BDF90E0027902990FE
:104EE000F4E000BFBDF90C10781CADF8AC10BDF8B3
:104EF0000E20ADF8AE20BAF90420104481427BDCCC
:104F00002D9B2E9873438219B5F88200A0F1010CF5
:104F100093FBFCFC369B634492FBF0FC00FB1C22E1
:104F200018B2ADF80C00237B12B2D4F804C004927E
:104F3000C3F300133CF9122005EB430CBCF96C30B1
:104F4000BCF970C0D21AACEB030302FB08F292FB6F
:104F5000F3F2A8EB0203389A1A4400E0F5E00FFAE6
:104F600082FEADF80EE0BAF90020D21B521E90422C
:104F700045DB002E43D0399AEAB3626847F6FF73E7
:104F8000DDF8BCC032F91CC09C4538D0DDF810C03B
:104F900032F91C209A4232D0299B9E4501DA1A46EA
:104FA00000E07246DDF89CC02992E64501DD6246CC
:104FB00000E072462792814221D0401EADF80C00DD
:104FC0002999ADF8AC00ADF8AE208A42CDF8BCE02E
:104FD000ADF80E1002D1491CADF80E1003AB4846D7
:104FE0002BAA31A908F092FEBDF80C102F98491C8D
:104FF0002790299001E003E06DE0ADF80C1061E02E
:10500000BDF8AC10721ECB1BADF804303944ADF8BE
:105010000810BDF8AE10A1EB0B03ADF806305944F3
:10502000ADF80A10159262682F9932F91110A1F5A6
:10503000FE40FF3801D02BA900E0002110916268EA
:10504000049932F91110A1F5FE40FF3801D003A8F0
:1050500000E00020119001A80A90616807AA2F982B
:1050600031F910001A21179028460BF055F96068A5
:105070002F9930F91120A2F5FE41FF390CD0049987
:1050800030F91110A1F5FE40FF3805D003AB4846BA
:105090002BAA31A908F03AFE7FB1BBF1000F0CD06A
:1050A00062682F9832F91000A0F5FE41FF3904D054
:1050B00001AA484619A909F069FB1B21284607AA3D
:1050C0000BF02AF90498761CB6B22F90B5F882003E
:1050D000B0423FF607AF3998B8BBB5F88200B0428E
:1050E00033D16268049932F91110A1F5FE40FF38FE
:1050F0002BD0BDF80C00761EBDF80E20C11BADF8FC
:105100000410A2EB0B01ADF806103844ADF808000E
:10511000002010905A44ADF80A20119001A80A907E
:1051200007AA15966168049831F910001A211790A2
:1051300028460BF0F1F801AA484619A909F026FB08
:105140001B21284607AA0BF0E7F82A982146F7F713
:1051500004FE04007FF481AEC9F808A03FB0BDE8AA
:10516000F08F0000785A03082DE9F04F8A68B9B033
:105170008A46054600F1140137A8F7F704FA00281B
:105180007AD0DAF8080037A934902846CAF808100F
:10519000002110F015FC00210446284610F03DFDCA
:1051A00000210646284610F0DAFD074628460FF093
:1051B0002BFEB5F88410484340F30F203390284667
:1051C0000FF008FEB5F88610484340F30F20189002
:1051D00028460FF033FFA98A32191144081A00B289
:1051E000049028460FF0F6FFE98A3A191144081A8C
:1051F00000B21B902EA808F096FD2EAA28464FF468
:10520000A02111F0CEF81FA809F0D4FA4FF4003411
:1052100028461FAA214611F022F92146284610F0FF
:10522000ACFE00EBD07021464FEA6009284610F032
:10523000F1FB00EBD0704A464110BDF9BA00884638
:10524000C14500DB0A4600EBD071B2EB610F05DD12
:105250009DF8C11041F010018DF8C110012805D151
:105260009DF8C10040F010008DF8C10005F1240048
:105270001C90F7F775FD3CE141E1207BC0077DD133
:1052800020892146ADF8B8002089ADF88000284675
:1052900006F065FF01460498ADF8D8000EB2ADF8EF
:1052A0006800B3461D96606830F816000A282AD0B8
:1052B000339800230090217B2068C1F3C00205EBE6
:1052C000420130F91600B1F97820B1F974100EF0EE
:1052D0000AF804990023189A0844ADF8680000926F
:1052E000207B6268C0F3001105EB410132F9160022
:1052F000B1F97020B1F96C100DF0F5FF1899081A8A
:105300001B99084402E07F48ADF868005146ADF8AB
:105310006A0006A80FF038FB03214FF4A020139079
:1053200079480027CDE907012EA80C901FA81794F3
:105330000A909EE01D98BDF86810C319BDF86A0078
:10534000ADF8D810ADF8DA00B5F88260606893FB6C
:10535000F6F206FB123216B230F91600A0F5FE4145
:10536000FF3968D018990091217BC1F3001205EB39
:105370004201B1F97020B1F96C1000E0B5E00023F2
:105380000DF0B1FF189A00233399101A1B9A00915F
:105390001044ADF86A00207B2268C0F3C00105EB21
:1053A000410132F91600B1F97820B1F974100DF00D
:1053B0009AFF04990844ADF86800E7B3BDF8D82017
:1053C000791EA2EB0903ADF800304A44ADF8042081
:1053D000BDF8DA20A2EB0803ADF802304244ADF884
:1053E00006201491626832F91B10A1F5FE40FF38C7
:1053F00001D036A900E000210F91616831F9161043
:10540000A1F5FE40FF3801D01AA800E0002010905E
:10541000CDF824D006AA616831F91B001A21169034
:1054200028460AF079FF616847F6FF7231F91B00E0
:10543000904216D000E019E031F91600904210D0E9
:105440001AAB504636AA2EA908F060FCB9F1000F3D
:1054500007D0B8F1000F04D01FA96A46504609F0E2
:1054600095F91B21284606AA0AF056FF7F1CB34671
:10547000BFB2B5F88200B8423FF65CAFB5F8820023
:10548000B84232D1616831F91610A1F5FE40FF38FB
:105490002BD0BDF868007F1ECDF824D0A0EB090109
:1054A000ADF800104844ADF80400BDF86A000021D2
:1054B000A0EB0802ADF802204044ADF806000F91C1
:1054C00006AA149710911A21606830F916001690F8
:1054D00028460AF021FF1FA96A46504609F056F9EE
:1054E0001B21284606AA0AF017FF1C982146F7F749
:1054F00034FC04007FF4C1AE3498CAF8080039B017
:10550000BDE8F08F01E0FFFF785A03082DE9F74F5F
:10551000B1F92E00ACB014460D46002872D095F8B3
:10552000361002296ED9012808D1B5F934000028B7
:1055300004DC288E10B9688E0028EFD02288288ECF
:10554000A98E0244521AADF82420A38818440844B6
:10555000ADF8280061886B8EAE8E1944891BADF8BA
:105560002610E3886E8EAF8E33443B44ADF82A306C
:10557000B5F92E6006EBD676A2EB6602521EADF8A8
:105580005C20012202EB66063044ADF86000B5F9FC
:105590002E0000EBD070A1EB6000401EADF85E0065
:1055A000B5F92E0000EBD07002EB60001844ADF8A6
:1055B000620095F836001490FD2801D9FF20149060
:1055C0002C9817A982682AA8F6F7DDFF0028A5D035
:1055D00012A8214605F02FFB4FF0FF3712A83946DD
:1055E0003A4605F0AFFBB5F9009012A805F092FB22
:1055F000044612A805F067FB844212A803DA05F0FE
:1056000089FB02E0FDE305F05EFBB9EB600F01DD15
:105610004FEA6009B5F9006009A805F07BFB044674
:1056200009A805F050FB844209A802DA05F072FBD4
:1056300001E005F048FBB6EB600F00DD4610B5F960
:105640002E00841904FB04F040000DF099FE039035
:105650003346B5F92E20014609A818F021F917A8FC
:1056600008F068FD4FF0010620B9E878FF2801D363
:10567000A87860B100264A46012312A924A808F0A0
:10568000C5FF002124A808F06DFB209000E02097C2
:1056900017A805F03FFB0DF073FE1C21834619A8E7
:1056A0000DF0CAFF22A81990CDF870B01E90A88DF9
:1056B000ADF86C0095F836008DF87C00A8788DF870
:1056C0007D00BDF86000BDF85C10ADF88C00421A9A
:1056D000521C12B202EBD27201EB6201BDF86220E1
:1056E0000FFA81FABDF85E10521A521C12B202EB88
:1056F000D27201EB620217B2021B601E16900B18E9
:10570000521C10B2ADF888001AB2ADF88A1050459C
:105710005146ADF88E2000DC0846ADF88800BA424C
:1057200000DB3A462C98ADF88E2022A9826805A8A5
:10573000F6F729FFF0B312A94A4605A8F6F74CFF81
:10574000C0BBBDF91620BDF95E300398A2EB030281
:10575000BDF81880BDF9141002FB0400BDF960C04B
:10576000A8EB010202F10102ACEB0403A1EB03017F
:10577000084411B20C91A0F10100159046B112A994
:105780004A4605A8F6F798FF10B10120019000E005
:1057900001960C98002828DDBDF814100220ADF801
:1057A0008810BDF81810CDF870B0ADF88C108DF8D9
:1057B000740000E019E0BDF9160011E00198ADF8A1
:1057C0008A80ADF88E8078B315981C9019A92C9812
:1057D00009F0E6F9159908F1010000B2214415918C
:1057E000BDF91A1080464145E8DABDF86000ADF811
:1057F0008C00011B491C08B2ADF88800BDF862207E
:105800005045ADF88E20A2EB040101F1010109B26F
:10581000ADF88A1000DC5046ADF888007A1C029280
:10582000914216DD084615E0FFE7159922465846D5
:105830000DF040FEBDF9141042460C9B584608F08E
:105840003BFC01288DF87400C0D102208DF8740053
:10585000BCE7781CADF88A002C9822A9826805A8BC
:10586000F6F791FEF0B312A94A4605A8F6F7B4FE82
:10587000C0BBBDF98E20BDF91A300398A2EB03021C
:10588000BDF81880BDF9141002FB0400BDF960C01A
:10589000A8EB010202F10102ACEB0403A1EB03014E
:1058A000084411B20C91A0F10100159046B112A963
:1058B0004A4605A8F6F700FF10B10120019000E06C
:1058C00001960C98002828DDBDF814100220ADF8D0
:1058D0008810BDF81810CDF870B0ADF88C108DF8A8
:1058E000740000E019E0BDF91A0011E00198ADF86C
:1058F0008A80ADF88E80B0B315981C9019A92C98A9
:1059000009F04EF91599A8F1010000B22144159152
:10591000BDF9161080464145E8DDBDF85C001699DA
:105920002044ADF88800BDF86000001BADF88C0085
:10593000BDF85E00ADF88A00014408B2ADF88E00F3
:10594000B84200DB3846ADF88E002C9822A9826858
:1059500005A8F6F718FEC8B312A94A4605A8F6F737
:105960003BFEA8B180E0FFE71599224658460DF0AE
:10597000A1FDBDF9141042460C9B584608F09CFB53
:1059800001288DF87400B9D102208DF87400B5E7B4
:10599000BDF81810BDF81420BDF91630BDF98AC045
:1059A000A1EB0201039801F10101A3EB0C0202FB40
:1059B0000400159008B20C904EB112A94A4605A8F1
:1059C000F6F77AFE18B10120019001E04CE0019653
:1059D0000C98002848DD019868B10020CDF87000CF
:1059E000BDF81400ADF88800BDF81800ADF88C00C3
:1059F000BDF9160033E0CDF870B0F1E70198ADF8CD
:105A00008A80ADF88E8060B11498FF2815980078D0
:105A100004D095F8361010FB01F0000A8DF87C00D8
:105A200013E015980C9A017858460DF0D9FDBDF990
:105A3000141042460C9B584608F03EFB01288DF896
:105A4000740002D102208DF874002C9819A909F075
:105A5000A7F8159908F1010000B221441591BDF98C
:105A60001A1080464145C9DA95F836008DF87C0059
:105A7000BDF85C002044ADF88800BDF86000BDF8BA
:105A80006210001BADF88C00081BADF88E10029957
:105A9000401C00B2ADF88A00884200DC781CADF8EA
:105AA0008A002C9822A9826805A8F6F76CFD78B3C5
:105AB00012A94A4605A8F6F78FFD48BBBDF8181095
:105AC000BDF81420BDF91AC0891ABDF98E300398AB
:105AD000491CA3EB0C0209B2019102FB040000294E
:105AE000159051DD3EB112A94A4605A8F6F7E4FD2E
:105AF00000201C9001E0CDF870B0BDF81400ADF8A6
:105B00008800BDF81800ADF88C00BDF91A0036E029
:105B10003AE000BFADF88A80ADF88E808EB112A950
:105B20004A4605A8F6F7C8FD1498FF28159800788E
:105B300004D095F8361010FB01F0000A8DF87C00B7
:105B400013E01598019A017858460DF049FDBDF90A
:105B500014104246019B584608F0AEFA01288DF811
:105B6000740002D102208DF874002C9819A909F054
:105B700017F81599A8F1010000B221441591BDF95B
:105B8000161080464145C5DD95F836008DF87C003D
:105B9000BDF86000ADF88C00011BBDF85E00491C2B
:105BA000029B0AB2ADF88820204400B2ADF88A000A
:105BB000BDF86210091B09B2ADF88E10984200DBE7
:105BC000781CADF88A00B94200DC3946504652458F
:105BD000ADF88E1000DC0246ADF888202C9822A982
:105BE000826805A8F6F7CFFCB8B312A94A4605A803
:105BF000F6F7F2FC88BB169DBDF96030BDF81820A1
:105C0000BDF914101B1B0398521A05FB0400C91A96
:105C10000844521C11B20C91A0F101001590EEB194
:105C200012A94A4605A8F6F747FD10B14FF0010842
:105C300000E0B04615990C981C91002836DDBDF89F
:105C400014100220ADF88810BDF81810ADF88C10B3
:105C5000BDF916508DF8740024E027E05946B0468F
:105C6000E9E700BFB8F1000FADF88A50ADF88E50EB
:105C700012D10C9A584615990DF01CFCBDF9141060
:105C80002A460C9B584608F017FA01288DF8740034
:105C900002D102208DF874002C9819A908F080FF19
:105CA0006D1C2DB2BDF91A00A842DBDA0398002161
:105CB00016E002190146501E002304EBD47508E0DB
:105CC00090F800805B1C91F800C001F8018B00F88F
:105CD00001C9B3EB650FF3DB0EF10101104609B208
:105CE000A1428E46E5DBBDF85C001699ADF8880050
:105CF0000144BDF85E00029A09B22044ADF88C1050
:105D000000B2ADF88A009042BDF86220A2EB040216
:105D100012B2ADF88E2000DB781CADF88A00BA42D2
:105D200000DC3A46ADF88E20AAF1010011908142C4
:105D300000DB01462C98ADF88C1022A9826805A8DA
:105D4000F6F721FCB8B312A94A4605A8F6F744FCB9
:105D500088BB169DBDF81820BDF914100398BDF935
:105D60008830A2EB010205FB0400A1EB030108440B
:105D7000159002F1010210B21490EEB112A94A4638
:105D800005A8F6F799FC10B14FF0010800E0B04605
:105D9000159914981C91002838DDBDF814100220C4
:105DA000ADF88810BDF81810ADF88C10BDF916507C
:105DB0008DF8740024E029E05946B046E9E700BFB9
:105DC000B8F1000FADF88A50ADF88E5012D1DDE970
:105DD000142158460DF06EFBBDF914102A46149B91
:105DE000584608F069F901288DF8740002D10220A4
:105DF0008DF874002C9819A908F0D2FE6D1C2DB2F4
:105E000000E07BE1BDF91A00A842D9DABDF85C00D8
:105E10001699ADF888000144169A08B21199ADF8A8
:105E20008C008842BDF85E10ADF88A100A4411B2A9
:105E3000ADF88E1001DBAAF10100ADF88C00B9427B
:105E400000DB39462C98ADF88E1022A9826805A88F
:105E5000F6F799FBE0B312A94A4605A8F6F7BCFB92
:105E6000B0BBBDF91630BDF98A50BDF81820BDF998
:105E70001410A3EB05030398BDF988C0A2EB01023F
:105E800003FB0400A1EB0C0101EB000802F101028D
:105E900010B20C9046B112A94A4605A8F6F70CFCC0
:105EA00010B10120019000E001960C98CDF870B07F
:105EB000002821DDBDF814100220ADF88810BDF8CF
:105EC0001810ADF88C10BDF916508DF874000FE065
:105ED00012E00198ADF88A50ADF88E50C8B3CDF8F5
:105EE000708019A92C9808F05BFE6D1C2DB2A0449F
:105EF000BDF91A00A842ECDABDF85C001699ADF8BD
:105F00008800BDF86220014409B2ADF88C10101B66
:105F1000ADF88E20029A401C00B2ADF88A00904283
:105F200000DC781C119AADF88A00914201DBAAF1DD
:105F300001012C98ADF88C1022A9826805A8F6F70B
:105F400022FBE0B312A94A4605A8F6F745FBA8B123
:105F500061E0FFE72246414658460DF0ABFABDF935
:105F600014102A460C9B584608F0A6F801288DF814
:105F70007400B6D102208DF87400B2E7BDF98E50DE
:105F8000BDF91A70BDF81820BDF91410A5EB07056E
:105F90000398A2EB0102BDF9883005FB0400A1EBD8
:105FA000030102F101020FFA82FA01EB000756B178
:105FB00012A94A4605A8F6F77FFB20B100E02AE0C7
:105FC0004FF0010800E0B046CDF870B0BAF1000F14
:105FD00021DDBDF814100220ADF88810BDF81810AE
:105FE000BDF91A50ADF88C108DF874000FE000BFA9
:105FF000B8F1000FADF88A50ADF88E502FD01C9735
:1060000019A92C9808F0CCFD6D1E2DB22744BDF9BE
:106010001600A842ECDDBDF85C0022A92044ADF8D2
:106020008800BDF86000001BADF88C00BDF85E0074
:10603000CDF870B02044ADF88A00BDF86200001BB6
:10604000ADF88E002C98826805A8F6F79CFAE8B3A4
:1060500012A94A4605A8F6F7BFFAA0B141E02246C8
:10606000394658460DF026FABDF9141053462A4613
:10607000584608F021F801288DF87400C0D102209C
:106080008DF87400BCE7BDF91800BDF91410421A70
:10609000521C15B2002D24DDADF88C00BDF9164060
:1060A000ADF8881019E000BF29465846ADF88A407F
:1060B000ADF88E400DF0E8FABDF914102B462246DB
:1060C000584607F0F9FF8DF8740000E009E02C98BD
:1060D00019A908F065FD641C24B2BDF91A00A0429C
:1060E000E2DA2EB924A808F009F8209808F03CFB61
:1060F00003980DF091F958460DF08EF92FB0BDE8D8
:10610000F08F00002DE9F74FD8B058984E90908846
:10611000B2F90030D4885188C01A401C611A00B20C
:10612000491C09B200EBD07001EBD1714010B0EB0B
:10613000610F00DB481040901844ADF81000518802
:1061400040980844ADF8120005A807F0ECFD4FF4A4
:10615000C024589805AA214610F023F99DF81D0087
:1061600040F010008DF81D0026A807F04BFD589850
:1061700026AA214610F0C5F859990BA80EF004FC88
:106180000321D6481894CDE90C0105A811904E982A
:1061900024304190F6F7E4FD99E11C94409EA088DC
:1061A000A289BDF81010301AB31A0D1AADF80C51AF
:1061B0000A18ADF8102119B20A91BDF8121047F66D
:1061C000FF752A460B1AADF80E310844ADF81201DE
:1061D000012343A934A808F019FABDF810000A9960
:1061E000421AADF82821491E0A9A4318BDF8120038
:1061F000ADF82C310123821AADF82A2108442A4631
:106200004AA9ADF82E013AA808F000FABDF810101E
:10621000701E8B1BADF83C310A18BDF81210ADF89A
:1062200040212A468B1BADF83E310844ADF84201AF
:1062300000234FA92EA808F0E9F900212EA807F0A5
:1062400091FD4790608908B1401E01E04FF6FF7054
:106250000027814627E1618909F101094FF0000B10
:10626000494502D1D9464FF0010BA06900210090A9
:10627000384662886369521E0DF035F8BBF1000F95
:1062800082461B9004D0A06800904290E08903E011
:10629000206800904290E08800B2519080464E986D
:1062A00030301E90F6F75CFD3FE02879022838D1A7
:1062B000A968514535DCEA68524532DB288A6B8A89
:1062C000B5F814C040440FFA80F8634503D1688ADA
:1062D000ADF8000025E0A87D4FF00003C0074FF0A7
:1062E000FF000090504601D1D4E905120CF0FBFFED
:1062F000AB8AC2B2688A121D79499BB280B243EA66
:10630000034340EA004008400B40D2081B1A5343A5
:1063100000EB5310084040EA1040ADF8000080B296
:1063200000901E982946F6F718FD0500BDD107EB31
:106330008700E28B61884500B4F92000A1F10101DA
:10634000BDF800306A4300EB8000ADF8143092FBDA
:10635000F1F2BDF91010822EADF8168002EB400567
:1063600001DA822000E0304630440844ADF84801AC
:10637000BDF812004FF4807804AB42462946ADF8D0
:106380004A0152A811F034FD04A8149052A81590A7
:10639000BBF1000F199726A8109060D0479808F01D
:1063A000E3F9228A04AB0A98BDF81010801A42461D
:1063B0000844ADF81401BDF812002946ADF81601E5
:1063C00045A811F015FD202226A91EA80DF072F88F
:1063D0001EA853461021109042A253A812F00CFBA5
:1063E00053A8169058981A210BAA09F095FFBDF9E9
:1063F0008A104FF0000841F6FF728DE80601BDF9E2
:106400008C3046A81E9A169914F028FDBDF9181173
:10641000BDF81401BDF8163101EBD172A0EB620298
:10642000BDF91A01ADF820200A44ADF8242008AACD
:1064300000EBD075CDF80080A3EB6503ADF82230FA
:106440001918ADF82610169B1099599807F036F9CF
:1064500000212EA807F086FC47903AA808E000200B
:10646000109016901A2158980BAA09F055FF34A8DD
:10647000002107F077FC04AB0546599852AA05A9FC
:1064800007F044FC284608F06FF9589816210BAA2B
:1064900009F042FFBDF808017F1CADF81400BFB23F
:1064A0005198ADF816006088B8423FF6D4AE34A8D3
:1064B00007F024FE3AA807F021FE2EA807F01EFEE2
:1064C000479808F051F941982146F6F746FC040038
:1064D0007FF463AE5BB0BDE8F08F0000B05F0308EF
:1064E0001FF8E007256400002DE9F74FB4B092468D
:1064F0000546114602F0F0F904468068C0F30E0725
:10650000012F7DD9000404D4208810B960880028A8
:1065100076D060687F1EC0F30E40474370D00021E4
:1065200028460FF07AFB0021064628460FF048FA6D
:10653000064428460EF068FCB5F88410484340F342
:106540000F2825A807F05EFB25AA28464FF4C02196
:106550000FF0D7FE28460EF071FDAA8ABAF1020F9D
:1065600002EB0601A1EB00000FFA80F920894FEA47
:10657000004007D000284BDA4FF4C02128460FF026
:10658000EEFB46E0002805DA4FF4C02128460FF064
:10659000DEFA00E0002035996B8B83465B1C89682E
:1065A0001EB2B1F90620B2422ADB259A06EB0B0097
:1065B000B4F90030B1F90210B2F908201A441044BD
:1065C00088421DDB0EA807F0AEFB0EAA28464FF44A
:1065D000C0210FF0E6FE0020ADF83E003599ADF881
:1065E0003C0011A80EF0D0F9022390494FF4C020CE
:1065F0000622CDE91E03BAF1020F25A8169000E08D
:1066000010E10EA81790CDE9121207D0012006E084
:106610000020E98A8346491E0EB2D3E7002095F890
:1066200088100A9001F00700022819D1002128469D
:106630000FF0B1FAB5F884104843B5F88210001293
:1066400008EB000292FBF1F109B2081A00EBD072DC
:10665000A8EB000009EB62010FFA81F90FFA80F84C
:10666000ADF822600026DAE060684FF0000AC0F35F
:106670000E41B6FBF1F001FB106008B94FF0010AC2
:106680000A98BDF93A100028A8EB010000FB06F0BB
:10669000B0FBF7F101EB0900ADF82000ADF81C00EC
:1066A0000BD0BDF92210BAF1000F02D0B4F90000EE
:1066B00001E0B4F90200081A0AE0BDF92210BAF1AB
:1066C000000F02D0B4F9000001E0B4F90200084460
:1066D000ADF81E0008A81A9007A81B9095F888002E
:1066E00000F00700032848D06068C0F30E40B6FBF6
:1066F000F0F3BAF1000F219368D02089000465D52A
:1067000010214BA230A812F077F9102125A816907D
:1067100030A8CDE91C011A21284611AA09F0FCFD78
:10672000BDF9A6004FF0000A41F6FF728DE805049E
:10673000BDF9A8300BA8259A1C9914F08FFBBDF960
:106740002C10BDF81C00BDF81E3001EBD171A0EB80
:10675000610212B2ADF8142000EB61000A9900B298
:10676000ADF81800C1B1A3EB0B01ADF81A10BDF8DC
:106770002E30C91AADF8161017E00A983A4605EB04
:106780004000B0F9781000910021B0F97430304623
:106790000CF0A9FD0346ACE703EB0B01BDF82E306E
:1067A000ADF816101944ADF81A10B5F91410884256
:1067B00015DBB5F91800824211DC1C9B05AA35983F
:1067C00025A9CDF800A006F079FF08E0002016907A
:1067D0001A211C9011AA1D90284609F09DFDBDF9B3
:1067E0003A00BDF92010B5F9142000EBD07001EB90
:1067F000600191420DDBBDF91C20B5F91810A2EB28
:106800006000884205DC359807AB08AA0EA907F09E
:106810007DFA1B21284611AA09F07EFD761CBE4296
:106820007FF622AF37B0BDE8F08F0000785A03083A
:10683000256400002DE9F74FB8B091460446114693
:1068400002F04AF805468068010404D4298811B989
:106850006988002971D0C0F30E06012E6DD96868D1
:10686000761EC0F30E40464367D05FEA090000D0B1
:1068700001201D90002120460FF0A2F80021804643
:1068800020460FF06CFA074620460EF0A3FAB4F843
:106890008610484340F30F20179020460EF09AFCD4
:1068A000E38A07EB0801024603EB0100A0EB0200BC
:1068B00000B232904FF4C0282046B9F1000F414693
:1068C0000DD00FF0ECF91B90B4F91800B9F1010FDD
:1068D0003190B5F900B0B5F902A006D00DE00FF087
:1068E0009CF91B90B4F91400F0E7CBF10001CAF158
:1068F00000020FFA81FB0FFA82FA21A807F013FABF
:1069000021AA414620460FF04CFD28A807F07AF94D
:1069100028AA414620460FF0F4FC399904A80EF04D
:1069200033F8062073490027CDE9051021A80A9005
:1069300028A80990CDE91189D5E0D7E0BDF98610E6
:10694000B9F1000F1798A0EB010000FB07F0B0FBB6
:10695000F6F132980844ADF86200ADF8660031985F
:10696000ADF860007FD0401CADF8600069684FF062
:106970000008C1F30E40B7FBF0F100FB1170BDF849
:106980006010002871D0A1EB0A0000BFADF86400D0
:1069900018A80D9019A80E9032461D9804EB4001DE
:1069A000B1F970000090F01BB1F96C3000210CF0CF
:1069B0009AFCB8F1000F034614906BD028890004AC
:1069C00068D510214CA233A812F016F8102128A87F
:1069D000099033A8CDE90F011A21204604AA09F035
:1069E0009BFCBDF9B2004FF0000841F6FF728DE844
:1069F0000501BDF9B4301AA8289A0F9914F02EFA9F
:106A0000BDF96A00BDF8661000EBD072A1EB620020
:106A100001EB62011D9A00B2ADF87E0009B2ADF83B
:106A200082103AB3BDF864201B9B1344ADF87C3050
:106A3000BDF8683013441B9A1A44ADF8802000BF9B
:106A4000B4F9162091422EDBB4F91A1088422ADCE0
:106A5000CDF800801FAA0F9B28A9399806F02EFEBA
:106A600021E000E001E0401E7EE7A1EB0B004FF0CB
:106A700001088BE7BDF86420BDF86830DDF86CC014
:106A8000D31AA2EB0C0C1B9AADF880C09A1AADF881
:106A90007C20D5E7002009901A210F9004AA1090BD
:106AA000204609F039FCBDF98600BDF96210B4F941
:106AB000162000EBD07001EB600191420DDBBDF9B7
:106AC0006620B4F91A10A2EB6000884205DC399800
:106AD00019AB18AA21A907F019F91B21204604AA0D
:106AE00009F01AFC7F1CB7427FF628AF3BB0BDE827
:106AF000F08F0000785A03082564000070B5044642
:106B00000BF020F848B1006882680AB1217A9047FA
:106B1000207E810742D4C0077BD1606800210EF03F
:106B2000B1F9002518E0017A0A0610D5802904D0B1
:106B3000227A21F08001914209D14168E160016827
:106B400020468847207E810728D4C00761D16D1C6C
:106B5000606829460EF096F918B101680029F6D050
:106B6000E1E7002021460EF0BBF8050053D0606835
:106B700000210EF087F9002619E0016891B1017A31
:106B80000A060FD411B1227A91420BD14168E1601B
:106B9000016820468847207E810701D5012070BD0D
:106BA000C00736D1761C606831460EF06BF910B123
:106BB000012DE2D02FE0012D2DD16068416851B345
:106BC000217E490727D4217A232919D0242917D0D7
:106BD000A9030FF0E0FAF0B1207A11381C280FD287
:106BE000DFE800F019191919191919191919190ECD
:106BF0000E190E0E191919190E0E0E0E19190E195D
:106C00006068406860602046FFF778FF012805460D
:106C100001D0002070BD284670BD0000F0B51C4EAC
:106C200091B0054670690FF06DFA044628460FF0E2
:106C300069FA211A002016F001FB01B2284611F072
:106C400012F8C8204FF47A7116F0F8FA0446684634
:106C500003F040FA0F480027CDE9005070690EF0AC
:106C600026F9064628460EF022F9301A0997CDE992
:106C70000A044FF6FF70ADF8400004EBD47008979B
:106C80000E9440100C90684603F098FA11B0F0BDD5
:106C900060030020996C010809B210F0FABF0000EF
:106CA000F0B5DDE9054659B3050AAF0702D51F4621
:106CB00033463E466F0702D5274634463E4615F01A
:106CC000060F4FEAC5771FD017B11F4623463C4633
:106CD000EF076FEA010C0CF0FF052270C0B212FB47
:106CE00005F44FEA1424347011D011FB00F000BFFA
:106CF0006FEA1020C0B212FB00F0000A1870F0BD5D
:106D0000327022701A70F0BD002FDED0E0E720B1A3
:106D10004042C0B210FB01F0EAE70802E8E70000D9
:106D20002DE9FF4F8A8889B00B880446CD884988B1
:106D3000A2EB0302199802F10102DDE916B8A5EBF6
:106D4000010101F1010117B20FFA81F9012813D0F5
:106D5000022813D0032841D1424E00BF5FEA080049
:106D60002088ADF808000BD00020049098F80000AF
:106D7000FD2836D35A4637E03B4EEFE73B4EEDE772
:106D8000ADF800005A4600990C98B04703900020D7
:106D900021E0002518E000BF34F81510BDF8080008
:106DA00088420BD004EB45005A460088ADF80C0031
:106DB000ADF8080003990C98B047039004EB450127
:106DC000BDF80C006D1C0880BD42E5DB0B9804EBA0
:106DD000400408F1010048458046DADB0DB0BDE80B
:106DE000F08F00FB0BF0020A02990C98B047089054
:106DF000002033E0002528E018F8050020B30499AE
:106E0000884205D134F81520BDF80810914216D0FB
:106E1000FD2801D35A4602E000FB0BF0020A04EB06
:106E200045000088ADF8100004990C98B047089010
:106E300034F8151018F805000490ADF8081004EBAC
:106E40004501BDF8200008806D1CBD42D4DB0B98C5
:106E5000189904EB400488440AF101004845824631
:106E6000C8DBBBE75FF90008EBF80008CFF90008C2
:106E70002DE9FF4F8B880446088885B0CA88498869
:106E8000A3EB0000DDE91296A2EB010100F1010085
:106E900001F1010105B20FFA81FA76B1BDF82010B7
:106EA000B9F1FD0F01EB014000907DD31FFA81F98C
:106EB0004FF0000BA5F104083FE1B9F1FD0F0FD32E
:106EC000002608E008992A46204605F0ACFB079802
:106ED000761C04EB40045645F4DB09B0BDE8F08FA6
:106EE000BDF8001000204A4660F3040189B260F347
:106EF0004A1189B260F3CF21ADF8001088B200903A
:106F0000BDF8000002900146089805F093FC014688
:106F1000009109F104000899C0088BB2C006C3F3C0
:106F20004512000ED90A03F01F0311FB00F112FBFA
:106F300000F213FB00F361F30F06C0F1FF0162F3EF
:106F40001F460020B64663F30F07039753E000BFC8
:106F50004FF0000948E000BF34F81920BDF80800E0
:106F600090423AD004EB49001FFA8EF34FEA1E47D5
:106F70000088ADF80400BDF80420ADF808000398BF
:106F8000D60AC2F3451C16FB01331CFB017602F046
:106F90001F021FFA80F8BDF8000012FB018203EB0C
:106FA000C31C06EBC61700E0CEE00CEBC33C07EBBE
:106FB000C63702EBC21303EBC232CCF3C456C7F39D
:106FC000C55366F3CF20C2F3C45263F34A1062F391
:106FD0000400ADF8000080B2009004EB4903BDF856
:106FE000002009F101091A80A945B5DB079804EBD7
:106FF00040040BF1010050458346A9DB6DE70027F3
:1070000010E03278FF2A12D02088ADF804000199F0
:10701000089805F00FFC0190BDF804002080A41C26
:10702000761C7F1CAF425DDAB007EAD15AE0A4F8C3
:107030000090F4E73068411C43D0E8B33278FF2A6F
:1070400053D02088ADF804000199089805F0F2FBB0
:107050000190BDF804002080A41C16F8012FFF2A1F
:1070600046D02088ADF804000199089805F0E2FBAD
:107070000190BDF804002080A41C16F8012FFF2AFF
:1070800039D02088ADF804000199089805F0D2FBAA
:107090000190BDF804002080A41C16F8012FFF2ADF
:1070A0002CD02088ADF804000199089805F0C2FBA7
:1070B0000190BDF8040000E011E02080A41C761CC3
:1070C0000FE0A00707D00220A4F80090009901511A
:1070D000A4F8069003E000982060009860600834EF
:1070E000361D3F1D4745A5DD1CE0A4F80090B3E721
:1070F000A4F80090C0E7A4F80090CDE7A4F80090B1
:10710000DCE73278FF2A1CD02088ADF80400019912
:10711000089805F08FFB0190BDF804002080A41CA6
:10712000761C7F1CAF42ECDB07980BF1010B421B76
:107130001498411B04EB42040E44D345FFF65FAFA5
:10714000CBE6A4F80090EAE7218800229346904617
:10715000ADF8001033E0002727E0307818B39042F4
:1071600005D0FF282ED000FB09F31B0A9B46904256
:1071700003D134F81700814210D0BBF1FF0F23D0A8
:1071800004EB47005A460088ADF8000000990898C3
:1071900005F050FB009034F81710327804EB4703E9
:1071A000BDF800001880761C7F1CAF42D5DB149818
:1071B00008F10108431B07981E4404EB4004D04526
:1071C000C9DB8AE64B46D1E70898E3E72DE9FF4F94
:1071D00083B00C46DDF84480F6F770F8BDF818A0CF
:1071E000B8F1000F81460CD0A18800262288E388E0
:1071F0006088891A491C181A401C0FB20FFA80FBCC
:1072000041E0B4F9026017E0B4F900500FFA86F8D3
:107210000DE010982BB20290ADF804A0CDF80080DC
:10722000D9F80000059A0399C769B8476D1CB4F9ED
:107230000400A842EDDA761CB4F90600B042E3DAA5
:1072400007B0BDE8F08F002518E000BF18F8050072
:1072500098B11099ADF804A04843000A02906088E4
:10726000304400B20090D9F800002188059A2944E2
:10727000D0F81CC00BB20399E0476D1CBD42E5DBA2
:107280001299761C88445E45DDDBD9E70068096801
:10729000884201D1012070470020704740680A6889
:1072A00020F04040904200D208600020704700006B
:1072B0002DE9FF4F83B017460E4600210398DDE904
:1072C00010A40EF04EFE0021054603980EF096FB2A
:1072D0000146F07882070BD5C30742F2D17202D083
:1072E000954202D006E0914206D120F00200F070F3
:1072F000C00701D07A4800E07A48F1788146C80793
:1073000012D078484FF0000BA4F802B03946A4F828
:1073100004B08046C4F810B0A4F800B0C4F808B0B7
:10732000C4F80CB00197A8E06D48EBE70198B842AB
:1073300006D04FF4000128460EF02DFF002870D132
:10734000694928460EF02EFF00286BD100212846FF
:107350000EF044FB029070B3227D2069A38800F1F7
:1073600001002061D20703EB0A01A1806BD000EB82
:10737000800080000CF004F80090E8B1E16851B1A1
:107380002069401E00EB8000820000980CF092F80B
:10739000E0680CF041F8206900EB8001009800EBF8
:1073A00081004FF0000140F8145CF078C0072846D7
:1073B00003D0022202E036E0FEE705220EF0DBFCFD
:1073C000216900B201EB8102009901EB820121F8F1
:1073D000100C4FF00001F078C007284601D00322BE
:1073E00000E006220EF0C7FC226900B202EB820325
:1073F000009A02EB830222F80E0C206900EB800257
:10740000009800EB8202029842F8080C206900EB19
:107410008002009800EB820040F804BC0098E06015
:1074200011E030E01EE0494628468847F178890798
:1074300005D5B4F904100A1806998A4223DCA288FB
:1074400050441044A0804146284688470146B4F97C
:107450000000814202DD414628468847A16820801D
:10746000491CA160F078400702D54FF0FF3000E0E2
:10747000012001994118019105D403980DF046FCB3
:10748000051E7FF453AFB4F90400002802DDA0EB21
:107490000A00A080206908B1069801E0B4F9040050
:1074A0006080CDB10198B84216D1039901AA8968CC
:1074B000096851F82050F078C0F38001039800F07B
:1074C000E1FF4DB14146284688474946208028467D
:1074D000884760800121A160019807B0BDE8F08F66
:1074E00005610208AF4E0208010006002DE9F04FC9
:1074F000B04D002199B004466A880EF03CFC9DF81E
:107500004F108308C208401C60F30001204663F35B
:10751000410162F382018DF84F10AA8800210EF01C
:107520002AFC8DF84C000021EA8820460EF023FC4E
:107530008DF84D0000212A8920460EF01CFC002108
:107540008DF84E0020460EF0EAF9012800D0002008
:107550009DF84F108146C8074FF0000120460CD01F
:107560000EF0AFFB9DF84F108246C8074FF00001A8
:10757000204605D00EF003FB04E00EF000FBF1E71F
:107580000EF09FFB9DF84F101190C807204602D0C7
:107590000DF03AFC01E00DF01DFC002110903222AC
:1075A00020460EF0E8FB00210546102220460EF092
:1075B000E2FBE18A2844461820460DF019FE301AF5
:1075C000ADF854000021204612220EF0D4FBA18A0F
:1075D0002844451820460DF004FE281AADF858003E
:1075E0009DF84F009DF84E60C00701D015AD00E03A
:1075F00016AD204600210EF0B4FC00211890204664
:107600000EF0FCF99DF84F108346C80708D0ABF583
:107610001C52D13A02D1608C400509D5C80708D167
:10762000189AA2F51C50D13803D1608C000500D403
:107630000026B9F1000F08D0C80706D116B1012EF7
:1076400002D002E0012600E000264FF000000746CD
:107650008046ADF8180076B3480703D5A0684268A5
:10766000521E14E0002212E00AA9119B00200F9084
:107670002046CDE90031109B13A9FFF719FEBDF894
:10768000283057440246D81907B208F10108A0680B
:107690004068904201DD002AE6DAB8F1000F02D01E
:1076A000A7EB0A0007B29DF84F00C007204603D0A1
:1076B0000DF090FB02E00BE00DF0A6FB06A93A46A8
:1076C0000FFA88F3CDE900510146304614F02FFC43
:1076D0009DF84F00410703D5A1684E68761E00E073
:1076E0000026B9F1000F04D0C00702D12888384421
:1076F00028800AAFA0684068B04249DD002E47DB11
:1077000001210F91119813A9CDE90007109B324672
:107710002046FFF7CDFDB9F1000F804608D09DF857
:107720004F00C00704D12888BDF82810401A2880CF
:10773000BDF9542002ABDDE910010192324683E825
:107740008300BDF9580013A9434600902046F7F77F
:1077500069FD0D9846460BF05FFE00200D90B9F1D3
:10776000000F03D09DF84F00C0070AD02888BDF84D
:107770002820BDF81810024401EB0A0010442880AC
:10778000B8E7BDF81820298802EB0A00081AF6E7C6
:10779000189942F2D170814201D0834502D120462E
:1077A0000FF006FB002220462B2108F0B5FD19B092
:1077B000BDE8F08F5C0200202DE9F74F0546007F01
:1077C0009346C1074FF00000824661D1EC684FF04C
:1077D00001080026C1467CB9287FC0F3C000401EC6
:1077E000304254D1B9F1000F51D001992846884751
:1077F0004FF000080446C1460EB9260047D0B8F144
:10780000000F06D05A46214628469047B04204460B
:107810003DD0002C4FF00108DED020680EF042F879
:107820000006D8D427681FE0012138460EF0B3FCCB
:10783000B0B12FB1012138460EF0ADFC0028CAD1FD
:10784000E868A04223D0B0B1284600F047FC0246C9
:10785000E8680F21006808F05FFD012817D106E0F5
:1078600038460DF065FB0746002FDDD1E8E7E868F4
:1078700000680EF055FF2846EC6000F02FFC024631
:10788000E8680E21006808F047FD012802D0504644
:10789000BDE8FE8FE86800680EF042FF296909B173
:1078A000284688470120F3E72DE9F0470023954C4F
:1078B000C0B01A46194618461F4610E096F82050E8
:1078C000D6F818C0032D2B440CFB051101D96D0807
:1078D00000E00125F6697F1C2A4406FB050007EB42
:1078E000C70504EB85067568002DE7D1B0FBF2F5FE
:1078F00001EB000C834EB1FBF3F16427303E981886
:10790000BCFBF0F870687D43B5FBF1F700B1804730
:1079100010F0C1FD0CF0C0FD0025756110F0BBFD3D
:1079200001210FF0F3FE10F0B6FD0AF0ADFB76A1D9
:107930004246B0610BF065FA10F0ADFD0AF0A4FB11
:1079400076A13A46F0610BF05CFA10F0A4FD0DF060
:107950005BFA074610F09FFD11F02AFF02218246D4
:1079600012F096F807EB4700EE1EC11700EB91707E
:10797000002106EBA00002B2504612F004F9F917FC
:1079800007EB9170012106EBA002504612F0FBF8C4
:1079900042F26401504610F050F9012329460022BA
:1079A000504611F0AFFE0022294661A3504612F066
:1079B00021F8012500274FF4807940E0B0691428B0
:1079C00018D296F820000A2814D354F82830002240
:1079D0002946504612F00EF8B3695BA24946684644
:1079E00011F00AF801226B462946504612F002F8BF
:1079F0006D1CADB2F069142820D296F8200003283F
:107A00001CD914281AD354F8283050A24946684685
:107A100010F0F2FF00226B462946504611F0EAFFB3
:107A2000F36949A24946684610F0E6FF01226B4619
:107A30002946504611F0DEFF6D1CADB27F1C07EBEE
:107A4000C70804EB880670680028B7D1012D0CD157
:107A5000012329460022504611F054FE00222946F7
:107A60003DA3504611F0C6FF02255046012329468A
:107A7000002211F047FE002229463AA3504611F099
:107A8000B9FF0026A0466D1CACB230E058F8273094
:107A900000222146504611F0ADFFAB692AA24946AB
:107AA000684610F0A9FF01226B462146504611F0AE
:107AB000A1FF641C58F82730A4B2494623A26846A7
:107AC00010F09AFF00226B462146504611F092FFBB
:107AD000EB691DA24946684610F08EFF01226B46F5
:107AE0002146504611F086FF641CA4B2761C06EBBA
:107AF000C60708EB870569680029C7D140B0BDE813
:107B0000F08700009003002057656967687465641A
:107B1000204650533A202575000000004F70612E1A
:107B20002073706565643A202575252500000000E6
:107B3000536C6F772062757420636F6D6D6F6E206C
:107B40006361736573000000257500002573202BA9
:107B5000206F706100000000416C6C20676F6F64E3
:107B600000000000416C6C206361736573000000CD
:107B700070B5426B818C12F0060F06D0C2F3410241
:107B8000022A04D0012A05D020E0008D00E0C08C3C
:107B900008441AE0828D468D14B2B24202D202F538
:107BA000B47214B2028DC38C15B29A4202D202F59D
:107BB000B47005B2301900EBD0704010834201DA86
:107BC000581802E0854203DD501881B208B270BD3A
:107BD0000844FAE72DE9F34F87B0064669460DF0F1
:107BE0002DF930460EF08EFA059030460DF05FF913
:107BF0000021049030460DF0ECFF00218346304612
:107C00000EF02FF80021044630460EF07EF80021D9
:107C1000054630460DF07DFF0021804630460EF0CF
:107C20004AF80021074630460DF09DFF07EBD7715B
:107C300007F0010202EB610100EBD07200F00100DD
:107C400000EB6200491C401C09B200B20D2900DBA8
:107C50000D210D28894600DB0D200D2C824600DB0E
:107C60000D240D2D274600DB0D254046B8F10D0FE4
:107C700000DB0D20002480466DE0B06A00EBC401FB
:107C800002A802F0FCFFBDF90800584516DCBDF95A
:107C90000010BBF10D0F01DA5A4600E00D22891ADF
:107CA00000EB0100ADF80800BDF90A00A8421FDC96
:107CB000BDF902100D2D07DA2A4606E0BDF80020B6
:107CC000A2EB0A010844EDE70D22891A00EB01003E
:107CD000ADF80A000598C11BBDF90C00891E884249
:107CE0002BDBBDF900100D2F084407DA394606E0FA
:107CF000BDF80220A2EB09010844E9E70D21084480
:107D0000ADF80C000498A0EB0801BDF90E00891E27
:107D1000884218DBBDF90220B8F10D0F414610442E
:107D200000DB0D2100EB0100ADF80E0008990022E8
:107D300002A8F4F711FD88B90BE0BDF8001001446A
:107D400001EB0A00DCE7BDF80210014401EB090079
:107D5000EAE7641CA4B2308EA0428ED8308EA042D6
:107D600001D14FF6FF7409B02046BDE8F08F10F046
:107D70000F0000D101207047B0F90C00032101EB86
:107D8000400020F00300103070472DE9F0474FF01D
:107D900000081C4616460F4605464046A3F80080DC
:107DA00006E02A6B218832F81020401C1144218003
:107DB000B042F6D3002128460DF0ABFD012828463D
:107DC00015D00DF00EFA2188081A208000212846CF
:107DD0000DF017FF218808442080296B31F8161018
:107DE0000844401EA0800020A4F802801FE00DF08F
:107DF000F8F921880844208028460EF083F90021F4
:107E0000814628460DF045FF22880146A9EB020075
:107E1000401AA080296B31F81610401A2080E2E742
:107E2000EA6A618832F81020401C11446180B8422F
:107E3000F6D3002128460DF086FF61880844608053
:107E400028460DF0D5F96188081A6080E96A31F892
:107E500017100844401EE080BDE8F0872DE9F05F70
:107E600093468946002182460DF0A7FE0021054673
:107E700050460DF0EAFE0021804650460DF039FFD5
:107E80000021044650460DF038FE064650460EF0DE
:107E900039F9411B5046A1EB08070DF008F8001B0B
:107EA000801B8742504605DA0EF02CF9411BA1EBEE
:107EB000080003E00CF0FBFF001B801BBAF8142045
:107EC000BBF1000F00EBD07040F34F0000EB050159
:107ED0001144A9F80010BAF8161000EB0403194475
:107EE000A9F8021001D0ABF80000BDE8F09F000037
:107EF000024A002152880DF03EBF000068020020B7
:107F0000034A002110B552890DF035FFC0B210BDF3
:107F100068020020034A002110B592890DF02BFF62
:107F2000C0B210BD6802002030B5032901D2012380
:107F300000E000230C2403EB4305C01A01EB85018C
:107F4000891E6423C1EB4111B1FBF4F49D00B0FB29
:107F5000F3F307212244B0FBF5F4024402EB900056
:107F6000C01A2044B0FBF1F201FB1200C0B230BDD8
:107F70002DE9FC470D0024D00469616929B1086826
:107F8000A84202D14868BDE8FC87628A0020042725
:107F9000C2F308020EE000BFA36800EB800653F8AE
:107FA00026C007EB86069E5BA5EB0C039E420AD219
:107FB000401C80B28242EFD819B10D600020616987
:107FC00048600020DFE700EB8006A16812224FF036
:107FD000060802EB86000027085C02280CD04FF050
:107FE0000C0A70B12A4A03284FF0100C4FF0080118
:107FF0000FD0012826D043E008EB8600085AC718A6
:108000003EE00AEB860208EB86068858895BC05C76
:1080100035E0ADF8043001EB860900920CEB8602E6
:10802000A0680223825A50F8091001A8F5F79CFABB
:1080300030B3A16808EB860351F80920C95A801AA9
:1080400040101CE0ADF8043001EB860900920CEB07
:108050008602A0680223825A50F8091001A8F5F799
:1080600083FA68B1A1680AEB860208EB860351F82F
:1080700009608A58801BC95A401032F810000F1846
:10808000606910B105606069476038467BE70000B1
:10809000ED0703082DE9F0410D46044600F01CF9F8
:1080A000071E19D0F88A00212D1A38460DF0F0FE6F
:1080B0000689002138460DF012FF00EBD0713044E4
:1080C00005EB610109B200B291FBF0F0A18E80B224
:1080D000814201D8491E88B2BDE8F0812DE9F04106
:1080E000002607463546304610E000BF09F06BFD1C
:1080F000616DB94209D1022802D0042803D003E0FF
:108100002046BDE8F08126462546204609F020FDA0
:108110000400EBD10EB13046F3E70DB12846F0E78D
:10812000BDE8F041002009F013BD00007CB50369F3
:108130000025DC685B8AA0689B042BD4830F16D0D3
:108140000123B3EB907F31D101EB0241266818483F
:108150000423CDE90001A068314620F0404201A887
:10816000F5F702FA10B3801B616880101DE02668E5
:1081700001EB02210F4A0223009220F0404201A8A5
:10818000ADF804103146F5F7EFF978B1801B61685E
:1081900040100AE06368805C595C39B130B1637BA0
:1081A000491E2268401E11FB03210D5628467CBD46
:1081B0009F980108B39801082DE9FF4F81B01D4633
:1081C00017460E464FF4003101980DF084FB00EB8A
:1081D000D070441001983F1BFFF7CAFC81465A300B
:1081E00000B212F071FD10FB07F04FEAE03848468C
:1081F00012F06AFD10FB07F04FF440394946C713EF
:1082000001980DF0DAFC8346019849460DF01DFDFA
:108210000090494601980DF06CFD82460198494650
:108220000DF06BFC328800EB040C00994244A2EB89
:108230000B02101B288030880B1940441844A8807A
:108240007088C119A1EB0A00001B6880708838444F
:108250006044E88005B0BDE8F08F2DE9F84F0C468A
:108260000646002120460DF03CFB00EBD0704FF499
:1082700040374508394620460DF0D5FC3946009078
:1082800020460DF012FD8346394620460DF06DFD67
:108290008246394620460DF060FC278D2A18A08AB8
:1082A00005EB0A01E38A3844014461F30F09618D4B
:1082B0000B449918421B00985B1B121AA3EB0B008E
:1082C00062F30F0861F31F4960F31F48C6F800808E
:1082D000C6F80490BDE8F88F406A002802D000215B
:1082E0000CF014BD704700210CF010BD2DE9F041D9
:1082F0000F46418C0426C26805460020C1F30513D1
:108300000FE000BF06EBC00414595FEAC41C07D598
:1083100024F07F44BC4203D152F83000BDE8F08124
:10832000401C8342EED84FF0806000EBB1204FEA52
:10833000B0506884C0F30510C10010460BF0A2F8DD
:10834000E860C0B3688CC0F30514641E16D06FF0EB
:1083500003014B00E86801EBC40282585FEAC21CCB
:108360000CD492010AD403EBC40C844400EBC40285
:10837000641EDCE9000CC2E9000CEBD1E8680821BE
:1083800000EBC4000BF058F908200AF0CBFFE968B5
:1083900041F8340010F0DFFDEA6806EBC400115824
:1083A00041F080711150EA6867F317011150E868D5
:1083B00050F83400B2E7FFE7FEE700002DE9FC418A
:1083C0000068C068C068B0FBF1F4944200DD144658
:1083D000154F78680068806920B30020ADF8000070
:1083E00025B2ADF80400ADF80200681E06B2ADF883
:1083F000066078686946006882699047BDF80600A3
:10840000BDF80210401A401C00B2A04202DD351E29
:10841000EBDC01E0002D02DC0020BDE8FC81BDF9B1
:108420000640641C2046F8E788010020491E01D55B
:10843000401E0C310C2901DB401C0C3901290DD0E8
:10844000072091FBF0F200FB121000EBD07121F03D
:108450000101401AC0F11F00C0B2704781070CD162
:108460006421B0FBF1F201FB120149B94FF4C8716C
:10847000B0FBF1F201FB120010B100201C30EBE761
:108480000120FBE7136821B15B1E13600BD48068E9
:1084900005E05B1C1360806841688B4203DA00686A
:1084A00050F823007047002070472DE9F843154627
:1084B0000E46044609F046FB09F085FB01280AD068
:1084C000032808D04FF6FF7005B1288006B1308030
:1084D0000020BDE8F88309F035FB694609F048FB48
:1084E0004FF0000875B320460CF07BFEBDF800107D
:1084F000084407B2204600210DF00BFA01280CD0E9
:10850000A08A00213F1A20460DF07BFB381AA5F8FF
:10851000008002B24046002110E0002120460DF00C
:10852000B8FB218B081AC01BF1E7236B33F810301E
:10853000194409B28A4205DB401C2880A38C80B212
:108540009842F2D3F6B120460CF052FEBDF802304C
:108550000021E28A1844851A20460DF0F4FB281AFF
:10856000A6F8008003B2002108E0E26A32F8102089
:10857000114409B28B4205DB401C30803088E28C0C
:108580009042F2D30120A4E72DE9FF4F83B01F46AC
:1085900005460598F4F799FE0122B5F8209095F864
:1085A0002230002482406FEA09014FF0FF3688B282
:1085B0004FF0040B02F0FF080190C3F3C00A1FE064
:1085C000E96801EBC4004268920140D5BAF1000F9E
:1085D00015D10BEBC4028958049AC1F30741090471
:1085E00091420CD10068817911EA080F07D00599F2
:1085F0006A4610F00BFC012830D0022831D0641CF0
:10860000688CC0F30510A042DAD820E0E96851F880
:108610003400827912EA080F18D00BEBC402895893
:108620001FFA81FAC1F307421104049A91420DD155
:10863000019A1AEA020F09D1B24507DD05996A4687
:1086400010F0E4FB01280FD002280AD0641C688CCB
:10865000C0F30510A042D9D8002E0DDB0098386079
:10866000012007B0BDE8F08FCA45F7D05645EDDAD6
:10867000009856463860E9E70020F2E72DE9F04718
:1086800081461D46C0F15A000F4642F3000600B273
:108690005408761C12F018FBA7EB040800FB08F046
:1086A000C711484612F010FB00FB08F0002F4FEAFC
:1086B000E01007DD7F3F39120A1B2144A9803244B4
:1086C0002A8006E07F3739120A1B2A802144891B41
:1086D000A980002808DD7F380012011B2044E880B3
:1086E00031446980BDE8F0877F300012011B69804A
:1086F0002044801BE880F5E7024A0021D2880DF073
:108700003ABB0000680200202DE9FF4F838C85B042
:10871000148993460746DDE9152000254B43104494
:10872000049020449CB20FFA80FAA14656E000BFA4
:10873000D7F828C05CF8242052B3396B0026401EBD
:108740008E4631F9151011E0A3195CF8233083B17E
:108750001B78DB070DD005EB0608022303EB480866
:10876000761CB6B23EF80830194409B27319834238
:10877000EADB107880070CD5BBF908001599014495
:10878000169808445146504500DC08460FFA80FA16
:1087900020E0DDE91302089B1044081A129900B288
:1087A000002202925A46CDE90010B86A50F824100F
:1087B00003A8083112F052FBBDF90E1004980844CA
:1087C0005146504500DC0846A119AA198CB20FFA8F
:1087D00080FA95B2641C6D1CA4B2ADB2B88C00EBEB
:1087E0000901A142A4D809B05046BDE8F08F0000AD
:1087F000034A002110B5128A0DF0BDFAC0B210BDB7
:1088000068020020034A002110B5528A0DF0B3FA25
:10881000C0B210BD680200202DE9FC410C4606469E
:1088200000210DF03BFB4FF48021054630460DF052
:1088300035FBB5F908700021B0F9085030460DF04D
:108840005AFBE91901EBD17100EB610005B230462A
:108850000CF02DFBF18A00EBD07005EBD57201EB2B
:1088600060006946A0EB620060802844E0803046EA
:108870000CF0E4FABDF800002080BDF80400A080F0
:10888000BDE8FC812DE9FF410646FFF72CFD040001
:1088900020D04FF48027304639460DF0FFFA582299
:1088A0000546304639460DF066FA06B2204609F014
:1088B00088FE41F6FF720146002033460290CDE962
:1088C000000203A82A4612F0C9FABDF90C0004B050
:1088D000BDE8F0810020FAE739B1012909D0022969
:1088E00005D0042907D0002070473C30704748303D
:1088F0007047543070476030704700002DE9F041F8
:10890000468C0423C2680D4604460020C6F30511B8
:108910000BE000BF03EBC007D7595FEA871C03D504
:1089200027F07F47AF4202D0401C8142F2D88142FB
:1089300003D002EBC000BDE8F0814FF0806000EB97
:10894000B6204FEAB0506084C0F30510C100104655
:108950000AF098FD618CE060C1F30510401E0DD057
:108960006FF00703E16803EBC0020A4401EBC006A5
:10897000401ED2E90012C6E90012F3D1E0680821D6
:108980000AF05AFE08200AF0CDFCE168086010F0F9
:10899000E2FAE168486840F000704860E16865F319
:1089A00017004860E068C6E70C4838B514460D4625
:1089B00090F820004FF00201C0074FF0120002D0E3
:1089C0000FF0CCF901E00FF0E1F92246294603F05F
:1089D0007FFF0090BDF8000038BD0000AC450120CD
:1089E0002DE9F0474FF00009CC46089DDDE9096408
:1089F000DDF82CA0A5F1010711BB052A03D0062A3A
:108A000001D0042A03D1012D4FF0000301D0002131
:108A100009E001225FF000019C4436F81180491CF6
:108A2000C4440FFA8CFCA942F6D3ACEB030109B2A3
:108A3000072A2AD2DFE802F004070B2921160D00CD
:108A4000A4F8009021E0411A01EBD17112E0411A23
:108A500011E0411AA4F800903AB20BB293FBF2F283
:108A600013B212E0411A2AB209B291FBF2F10BB231
:108A700003EBD3714910218007E06A1C411A09B247
:108A800012B291FBF2F10BB2238000210BE000BF88
:108A900036F811C004EB410834F81120491C624437
:108AA0001A44A8F80220B942F2D306EB4502238803
:108AB00004EB4501BAF1000F32F8022C31F8027CC8
:108AC00007EB0201A1EB03010AB20CD0002108E080
:108AD00034F8113036F81170C31ADB1B24F811304A
:108AE000491CA942F4D31046BDE8F087F0B58BB01D
:108AF0000446FFF7FDF905462046FFF7FDFD002D72
:108B00005CD000285AD069462046F6F737F80C2189
:108B100007A80AF091FD0021204632220DF02BF922
:108B200000210546122220460DF025F9461920465F
:108B3000002110220DF01FF9471920460CF051FBBF
:108B4000A18A3144081AADF8240020460CF050FBED
:108B5000E18A00253944081AADF8260007E00068CC
:108B600007AA694650F8250000F0FEFC6D1CA068BD
:108B70004168A942F3D800980AF04EFC01980AF027
:108B80004BFC02980AF048FC03980AF045FC0021CF
:108B900020460DF0ECF90021054620460CF034FF8C
:108BA00042F2D172954201D0904202D120460EF09D
:108BB000FFF8002220462B2107F0AEFB0BB0F0BDE2
:108BC0000021A0F13002092A01D8D1B216E06128B3
:108BD00001D32038C0B2413806280FD2DFE800F0B8
:108BE000030507090B0D0A2108E00B2106E00C2103
:108BF00004E00D2102E00E2100E00F21084670473D
:108C00002DE9F0474FF440410446406A02F0D0FAA3
:108C100094F92E100122A08DFFF786F90546206BEE
:108C200018B3AF1D4FF0020800264FF003094FF4B0
:108C3000004A17E0206BA18D30F826208A420FD120
:108C400008EB860194F92E204156914208D109EB98
:108C5000860152464156606A394489B202F0BAFD33
:108C6000761CB6B2A08EB042E4D8A08D218D884289
:108C700011D194F92E0094F92A1088420BD194F95D
:108C80002B00AD1D4FF480424119606ABDE8F047EA
:108C900089B202F09FBDBDE8F08700000B4808B51F
:108CA00010F067FA09482838007808B17F2100E001
:108CB000FF21064810F0D9FA00200090044903462D
:108CC0000246024800F0EEF808BD000088030020CC
:108CD000507503080B4808B510F04BFA09482838BE
:108CE000007808B17F2100E0FF21064810F0BDFAAE
:108CF00000200090044903460246024800F0D2F8E2
:108D000008BD0000880300208CEA03080D4808B560
:108D100010F02FFA0B482838007808B17F2100E0C6
:108D2000FF21084810F0A1FA06487F2110F0A1FAAF
:108D300000200090044903460246024800F0B2F8C1
:108D400008BD0000880300208CEA03080B4808B522
:108D500010F00FFA09482838007808B17F2100E0A8
:108D6000FF21064810F081FA0120009004490023F9
:108D70000246024800F096F808BD00008803002073
:108D80008CEA03080B4808B510F0F3F909482838B5
:108D9000007808B17F2100E0FF21064810F065FA55
:108DA00000200090044901220346024800F07AF8AE
:108DB00008BD0000880300208CEA03080B4808B5B2
:108DC00010F0D7F909482838007808B17F2100E071
:108DD000FF21064810F049FA0120009004490022C2
:108DE0000346024800F05EF808BD0000880300203A
:108DF0008CEA03080B4808B510F0BBF9094828387D
:108E0000007808B17F2100E0FF21064810F02DFA1C
:108E100000200090044901230246024800F042F875
:108E200008BD0000880300208CEA03080B4808B541
:108E300010F09FF909482838007808B17F2100E038
:108E4000FF21064810F011FA002000900449034663
:108E50000246024800F026F808BD00008803002002
:108E6000B83804080D4808B510F083F90B482838C5
:108E7000007808B17F2100E0FF21084810F0F5F9E3
:108E800006487F2110F0F5F90020009004490346C0
:108E90000246024800F006F808BD000088030020E2
:108EA000B83804082DE9F05F314E00241D46904685
:108EB000DDF828A08B46814638E02E48406907F04F
:108EC00063FF07460EF062FA0022494638460AF070
:108ED00045FF5946384608F0FDFC2749002014F0AC
:108EE000ADF903F0D1FB0022014638460EF057FEE3
:108EF000B8F1000F08D0002040F60F6114F09EF981
:108F000001B2384608F05AFC45B180204FF4A071F8
:108F100014F094F981B2384608F086FD514638467F
:108F200008F0CCFC3846FDF779FE641C04F0D8F854
:108F300004F0EEF8074604F0D3F804F02FF917FB1D
:108F400000F0B0420FDD04F0CBF804F0E1F8074682
:108F500004F0C6F804F022F917FB00F04CF250318F
:108F600090FBF1F000E00120A042A6D8BDE8F09F00
:108F70009F86010060030020F0FFFF000B4808B54A
:108F800010F0F7F809482838007808B17F2100E090
:108F9000FF21064810F069F90020009004490346BB
:108FA00002460248FFF77EFF08BD0000880300204C
:108FB0008C4C04080D4808B510F0DBF80B48283835
:108FC000007808B17F2100E0FF21084810F04DF93A
:108FD00006487F2110F04DF9002000900449034617
:108FE00002460248FFF75EFF08BD0000880300202C
:108FF0008C4C04080B4808B510F0BBF80948283819
:10900000007808B17F2100E0FF21064810F02DF91B
:10901000002000900449034602460248FFF742FF41
:1090200008BD000088030020B89A04080D4808B560
:1090300010F09FF80B482838007808B17F2100E035
:10904000FF21084810F011F906487F2110F011F9AE
:10905000002000900449034602460248FFF722FF21
:1090600008BD000088030020B89A04080B4808B522
:1090700010F07FF809482838007808B17F2100E017
:10908000FF21064810F0F1F8012000900449002368
:1090900002460248FFF706FF08BD000088030020D3
:1090A000B89A04080B4808B510F063F80948283846
:1090B000007808B17F2100E0FF21064810F0D5F8C4
:1090C000002000900449012203460248FFF7EAFE0F
:1090D00008BD000088030020B89A04080B4808B5B2
:1090E00010F047F809482838007808B17F2100E0DF
:1090F000FF21064810F0B9F8012000900449002231
:1091000003460248FFF7CEFE08BD0000880300209A
:10911000B89A04080B4808B510F02BF8094828380D
:10912000007808B17F2100E0FF21064810F09DF88B
:10913000002000900449012302460248FFF7B2FED6
:1091400008BD000088030020B89A04082DE9F0410A
:10915000044690F82A00C00738D0A18C0723E28C7F
:10916000B1FBF3F0B2FBF0F300EB400100FB132284
:109170000A4492B2E284B2FBF0F500FB15200844E9
:109180002085002120460CF089FE0021054620465E
:109190000CF0B1FEB5F90850074620460BF01AFE58
:1091A00006462046FFF79FF8E18C0246E81905EBDA
:1091B000D573414306EBD670BDE8F0414010A0EBFB
:1091C0006300401A01B210460EF063BDBDE8F081A5
:1091D00070B50D4C064600200D460A461D21206044
:1091E000304607F099F8206858B1017839B129461E
:1091F000E7F7CCF828B12168304610F0EBFE0020EC
:1092000070BD012070BD0000580200202DE9F04122
:1092100088B01F4614460D4606460DF0EFFA0028AA
:1092200042D0A54240D04FF4B470854202D9A5F592
:10923000B475ADB2844202D9A4F5B474A4B2B18CB1
:109240004A1995B221448CB2854202D9A5F5B4756C
:10925000ADB2844202D9A4F5B474A4B2304605AAD2
:1092600004A9FEF7FBFD394630460CF034FB5122D1
:109270008046304639460CF07EFD06A908B1012231
:1092800000E00022BDF91000CDE90221CDE900483F
:10929000BDF814202B46BDF9121092B203F0D1FF95
:1092A00006A930460DF05FFA08B0BDE8F0811FB5A1
:1092B00003AA044602A9FEF7D1FDBDF90C2002A9BC
:1092C0006B462046FEF778FF204600F031FB011E7A
:1092D00003DD0246684601F035FD694620460DF083
:1092E00042FA1FBDF0B505460E46A1F57F40FF3896
:1092F0008BB058D0288EB04255D9A86A00EBC60171
:10930000684601F0BCFC06A928460BF097FD002139
:1093100028460CF0D0FC0021074628460CF023FC20
:10932000044628460BF090FD03F0E0FE0A2290FB75
:10933000F2F1B94201DB90FBF2F790FBF2F339B2A4
:10934000A34201DB90FBF2F4BDF81820BDF8000049
:10935000531A1844BDF81A30ADF80000BDF80200E9
:109360001F1B3844BDF8047000B2ADF802003A4447
:109370001144ADF80410BDF806101944214409B297
:10938000ADF80610AA8EB24209D1EA6A32F8162068
:10939000520504D5091A491C401AADF80200694665
:1093A00028460DF0E0F90BB0F0BD1CB504460146AF
:1093B0006846FEF752FF694620460DF0D4F91CBD01
:1093C0002DE9FC470446B0F882000D46A8427DD93D
:1093D00020460BF019FDB4F88410484340F30F26E3
:1093E00020460BF02BFE074694F88800010705D5B0
:1093F00000F00700012806D002286FD02046BDE803
:10940000FC470DF08DB9002120460CF0D9FA00215F
:10941000804620460CF001FCA28A40444FF4A02173
:109420001044C01B0FFA80F9204649220CF0A3FC1F
:109430000FFA80F820464FF400310CF09EFD0746ED
:10944000A08AADF80000E28AADF80220208BADF8CA
:10945000040008EB0700618B121AADF802200844E3
:10946000ADF80600B4F88200401EA84218DD6A1C60
:1094700006FB05F1724391FBF0F192FBF0F24944D7
:1094800002EB0903A1EB080203EB0801D01BADF8C6
:10949000000039442046ADF8041069460DF063F928
:1094A000002D48D0691EB4F8820006FB05F24E4339
:1094B000401E96FBF0F192FBF0F201EB090302EB88
:1094C0000901A3EB0802D01B414401E033E005E0B1
:1094D0003944ADF80000ADF8041028E00021204622
:1094E0000CF059FBB4F884300021B4F882205843C2
:1094F0004FEA202806EB080090FBF2F620460CF01D
:109500005FFA75430021814620460CF086FBA28A53
:10951000484451194518694620460BF08FFCE81B5A
:109520008219ADF80420A0EB0800ADF800006946F0
:1095300020460DF018F9BDE8FC8770B505460CF023
:10954000E1FD044628460BF0B2FC844201DB012019
:1095500070BD002070BD28B10A2803D00D2801D0AD
:1095600000207047012070472DE9F74F82B00D466B
:10957000BB4904460CF016FE00287AD12046FEF7BF
:10958000C9FC82462046FFF73DF95FEA000870D02B
:10959000BAF1000F6DD02046FEF7B2FC0746204618
:1095A000FFF726F9DFF8BCB2002106462046BBF8DB
:1095B0000E200CF0E0FB00F0FF09BBF814200021A6
:1095C00020460CF0D8FBAB6807EB0A02C0B2009053
:1095D00028686FF0010101EB420206EB080CD5F898
:1095E0000C809B5A01EB4C01825A30F817A0686836
:1095F0001A44A2EB0A0230F801C038F801100FFA41
:1096000082F830F816300CEB0100C01A0FFA80FB1C
:10961000204600210CF089F901280AD1B9F1000F88
:1096200003D0B9F1020F02D003E0022000E00020D5
:109630008146218BA28AB9F1010F638B4846A1EBC9
:109640000201B4F816C001F10101A3EB0C0202F112
:1096500001020FFA81FA0FFA82F914D0022822D0FF
:10966000618C032806D0286821F4006130F91700C6
:1096700006E0F2E02A6841F40061C24632F91700C0
:10968000618480461EE02A68A8EB0A0000EBD070D7
:1096900032F8171001EB60000FFA80F8608C20F4AC
:1096A000006060840EE020460CF02CFD2968628C7E
:1096B00022F4006231F81730628403EB0801081AC3
:1096C0000FFA80F80098012811D002281DD0032835
:1096D00004D0608C696820F4806004E0628CD94614
:1096E000696842F4806031F9167060841BE06A6832
:1096F000ABEB090000EBD07032F8161001EB600004
:1097000007B2608C20F48060EFE720460BF0CFFBBF
:109710006968628C22F4806231F81630628403EB4F
:109720000B01081A07B220460CF0ECFC504504D19E
:1097300020460BF0BCFB484527D0A08AADF80000BE
:10974000E08AADF80200208BADF80400608BADF824
:10975000060020460CF0E4FF04F1140051460546D3
:1097600001F018FB4946284601F00FFB20460CF09B
:10977000D7FF29216A46204606F0CEFD20460BF091
:10978000D7FB2221224606F0C7FD002120466B228E
:109790000CF0F1FA06B2204600216C220CF0EBFA34
:1097A00005B220460CF0AEFC814620460BF07FFB54
:1097B00001464FF06402C6F3413001284FF4FA63CA
:1097C0004FF47A7C0CD126F4C040984208DC604506
:1097D00001DDC0F57A7000FB09F090FBF2F006B2F3
:1097E000C5F3413001280BD125F4C040984207DC75
:1097F000604501DDC0F57A70484390FBF2F005B298
:1098000004980499028908EB06004B897919A58A06
:109810001044E28A1944401B891A05B20EB255EA77
:1098200006001AD020460CF07BFFA08A218BE28A2A
:109830002844638B2944A082324421833344E2824A
:10984000204663830CF06CFF05B032462946204663
:109850000023BDE8F04F0DF009B805B0BDE8F08F6A
:1098600001000600680200202DE9F04115460F4670
:109870000646002005E039462046B04701280AD0B8
:10988000204612F0C9F9040002D060688000F2D1CD
:109890000020BDE8F08105B12C600120F9E70388C4
:1098A0000A88934201D0981A704740884988401A24
:1098B000704703780A78934201D0981A704740782D
:1098C0004978401A704700002DE9F0414268096864
:1098D00022F040428A4226D10446FEF74DFADFF8D4
:1098E0004C800546D8F80820131B521BC8F80820E6
:1098F0005E1B15D0274632466119384609F0DAFD5D
:1099000006E0A068401BA0602046FEF735FA04443C
:10991000D8F808008442F4D1B819294609F08CFE21
:109920000120BDE8F0810020FBE70000900100204D
:109930002DE9F0414FF440360446402231460CF008
:109940001AFA43220546204631460CF014FA284400
:10995000314605B220460CF064FA00283146204614
:1099600002DD0CF05EFA02E00CF05BFA4042314698
:10997000284405B220460CF060FA00283146204603
:1099800002DD0CF05AFA02E00CF057FA4042314680
:10999000284405B2204635220CF0EDF9382207465E
:1099A000204631460CF0E7F9384400B2854200DD2C
:1099B0002846BDE8F08170B5054606F06AFC04460D
:1099C000284606F0A4FC06460BF0B2FA2A2C0546FF
:1099D00001D0292C0BD10021304609F0DBF92846B3
:1099E00012F06AFE2846BDE8704014F0E3B870BD7E
:1099F0002DE9FC41144688460646D80729D004F1D3
:109A0000080001250746002206F11401F2F7E4FDE3
:109A100058B100206A4612218DF8000030460197A7
:109A200006F07AFC9DF8000098B16089218A08440C
:109A3000401EE081B4F90E10B4F90600814200DD49
:109A4000E08102B02A4621464046BDE8F04104F0DC
:109A5000FFB80025EEE72DE9F04188B01D46164617
:109A6000074688460846F3F740FA02A904464046EE
:109A70000BF0E4F9224602A8114601F063F9022E28
:109A800005D0012E29D0002008B0BDE8F081DDE925
:109A9000020100231A46CDE9040104A940460CF056
:109AA0007EFAB96804AA6846F2F76DFD0028EBD08B
:109AB000DDE9000101230022CDE9060106A94046A7
:109AC0000CF06DFA06A902AA0846F2F75CFD002820
:109AD000DAD006982860079809E0B96802AA6846B3
:109AE000F2F751FD0028CFD00098286001986860F7
:109AF0000120C9E770B504460BF01AF900250646A7
:109B000006E0A068006850F82500FFF7F3FF6D1C21
:109B1000B542F6D3608CC1071AD020F001006084F2
:109B200020460DF045F920460DF05FF886B1002182
:109B300020460BF07BFF58B10C494968884207D892
:109B40000B49096801EBC00050E90221204690470B
:109B5000608C810708D520F0020060842046BDE8B3
:109B6000704000210CF085BF70BD00007C0100201A
:109B7000DC0100200B4810B50FF0FBFA0948022168
:109B80000FF08AFB07482838007808B17F2100E0F1
:109B9000FF2104480FF07CFBBDE81040014800F0B5
:109BA00003B80000880300202DE9F14FDFF8C4A0BE
:109BB0004FF0000B4FF4F3785E464FF0120900BFF0
:109BC0000AEB86140125A4F800B0A4F802B000BF87
:109BD00003F086FA03F09CFA404506DB03F080FAB6
:109BE00003F096FA90FBF9F100E01A210D2013F032
:109BF00025FB04EB850737F8041C084424F82500EE
:109C000003F06EFA03F084FA404506DB03F068FACD
:109C100003F07EFA90FBF9F100E01A210D2013F019
:109C20000DFB6D1C7880102DD2D31348406909F0CC
:109C300083FA05460DF0AAFB0099002228460AF097
:109C40008DF80E49002013F0F9FA02F01DFD0022F4
:109C5000014628460DF0B4FF10222146284609F09F
:109C600037FB2846FCF7DAFF761C082EA8D3BDE8A0
:109C7000F88F0000FC58012060030020F0FFFF0077
:109C80002DE9F04780461F46089DE869002800FB43
:109C900001F34FEAA32306DD934206DD95F8280081
:109CA00080070FD48EE09342F8DBCB19002800FB2D
:109CB00003F04FEAA02008DD904239DA95F8280039
:109CC00080077FD40120BDE8F0879042F6DCA869C8
:109CD000521C504340F39502D0B213124FF0FF02D2
:109CE000002827D06E6AC0F1FF0404FB06F4A2EB43
:109CF000242600BFA3EB0104A14636D0002C15DBBF
:109D0000BC4213DAC0F1FF0095F82810C6F1FF033A
:109D100058438907A2EB6020C1B201D5C1F1FF0110
:109D200018F8040011F032FE08F80400641C1CE06E
:109D3000A869CEE74FF0FF06DCE7002C10DBBC4241
:109D40000EDA95F82810A6EB60028807D1B201D58B
:109D5000C1F1FF0118F8040011F018FE08F8040022
:109D6000686A641C361ABC4202DA686AB042E4DBF4
:109D7000BC4219DA002C17DBD5E9060170438012CA
:109D8000002900FB06F0C0F3472101DAC1F1FF0111
:109D900095F82800800701D5C1F1FF0118F80400EB
:109DA00011F0F4FD08F8040095F82800800707D5A5
:109DB000B945494606DC00290DDB404609E001E0D3
:109DC000641C01D500207EE7BC4204DC391B08EB93
:109DD000040009F031FC022075E72DE9F05F06462A
:109DE00089461D460A9FB869002800FB02F14FEA28
:109DF000A12300DD5B1C4B4597F8283002DA980759
:109E000007D4DBE08C1209EB050CA44502DA9807B5
:109E10007DD487E0521C41F3950100FB02F44FEA28
:109E20002128C9B244F3950CA8EB09044FEA2C226F
:109E300090450CF0FF0C05D0002803DA11B9FF2182
:109E40009046641E904527D1002C0CDBAC420ADA08
:109E5000614498074FEA510101D5C1F1FF01305D1E
:109E600011F094FD305597F82800641C800706D542
:109E7000A8EB0901A9424ADA92E0304609E0AC4277
:109E800000DD2C46002C42D005DDA5EB040106EBDD
:109E9000040009F0D1FB8EE000284FF0FF0B47DAF9
:109EA000F869002CC0F1000000FB01F04FEAA02A85
:109EB0000DDBAC420BDA0AFB01F09A07C0F3472135
:109EC00001D5C1F1FF01305D11F060FD3055B96978
:109ED000AAF1FF004143641E4FEAA12011D4AC4215
:109EE0000FDACAF1FF0197F8282041439207ABEB44
:109EF0006120C1B201D5C1F1FF01305D11F046FD15
:109F0000305597F82800A41C800709D500E055E0DB
:109F1000A8EB0901491EA9424DDC0029ADDC4AE04D
:109F2000AC4202DD0120BDE8F09F002CADDA42E03A
:109F3000FA69C1F1FF00002C00FB02F14FEAA12AEF
:109F40000EDBAC420CDA00FB0AF09A07ABEB6020A8
:109F5000C1B201D5C1F1FF01305D11F017FD3055DF
:109F6000B969CAF1FF004143641C4FEAA1210ED434
:109F7000AC420CDA484397F82820C0F347219207F7
:109F800001D5C1F1FF01305D11F000FD305597F8AA
:109F90002800641C800707D5A8EB0901A9420DDC45
:109FA0000029BFF66AAF06E0AC4200DD2C46002C6B
:109FB00004D03FF76AAF4FF00200B4E74FF0000063
:109FC000B1E77CB5446A07F0BDFD054607F0FBFD2F
:109FD00004280CD1E18E204621870AF063FF064653
:109FE00006F0E0FD18B10021304606F049FE284693
:109FF00007F0E9FD012804D0284607F0E4FD032816
:10A000000AD101A9284607F0B3FDBDF90610204684
:10A01000FEF740F8E0862087204605F006FEA06A9D
:10A0200010B920460CF07CFBE08E1C216A460090A3
:10A03000204606F071F97CBD2DE9F04100268846E6
:10A0400007461448F2F773FE04461DE01148214606
:10A05000F2F77FFE05462068B84200D09FB96168DC
:10A06000414502D0B8F1000F0DD10A482146F2F760
:10A07000F9FE216909B120468847204609F0DEF93A
:10A08000F3F768FF01262C46002CDFD13046BDE8EF
:10A09000F0810000B883002070B50C4605460948E1
:10A0A000F2F745FE0BE00168A94204D14168A142E4
:10A0B00007D0002C05D001460248F2F74AFE0028DE
:10A0C000F1D170BDB883002001488068704700005E
:10A0D000C401002070B54421044609F0ADFA0948D6
:10A0E0004FF4FA75E061002194F842306422216255
:10A0F0000120C4E90A25A4F8400043F0010184F8D6
:10A10000421070BD6FA1010838B5044600234FF41A
:10A1100080650095D4E90B20194609F0E4F8322255
:10A12000009500214FF46E7300F0E2FF226AA16AED
:10A13000891A414302EBA12038BD38B504460023FB
:10A140004FF480650095D4E90B20194609F0CBF84F
:10A15000002140F2B6334FF46172009500F0C8FF61
:10A16000226AA16A891A414302EBA12038BD38B5A1
:10A17000044600234FF480600090D4E90B20194678
:10A1800009F0B1F8226AA16A891A414302EBA120C1
:10A1900038BDD0E90B128A4201DB806A7047006A41
:10A1A00070478B1A002B00DC531A4FF47A714B4323
:10A1B000B3FBF0F0002800D10120704770B5416872
:10A1C000054611B12868FFF737FF1948F2F741FE3D
:10A1D000184E10B110F01EFB70601548F2F7CCFD60
:10A1E000040024D04422294609F064F92868A842D2
:10A1F00000D12460717894F8420061F3820084F801
:10A200004200C1070FD0616939B120468847226AF0
:10A21000A16A024422620844A06262681AB12068FE
:10A2200008B1216A9047F3F795FE204670BDFEE71E
:10A23000B8830020C401002070B5458D0023848DB3
:10A24000A54201D22B4602E0C5F5B4752C448B42E1
:10A250000FD8A1420DD8E21AB1EB520F416B02D8D0
:10A2600041F0080101E021F00801416341F01001D3
:10A2700034E093424FF4B47507D19E1A2644AE429F
:10A2800003D0416B41F00801F0E7934209D3C2F5D6
:10A29000B4768E4205D8A94203D8416B41F008013B
:10A2A0001AE0934206D2D61AC6F5B4768E4201D889
:10A2B000A942F2D92244AA4205D81944A14210D396
:10A2C000914206D90DE0A2F5B4728A4209D3A142A7
:10A2D00007D9416B21F0080121F0100141630120F1
:10A2E00070BD002070BD2DE9F0410C464A6B002185
:10A2F00022F0060262638720666B2D22A184430050
:10A30000608546F0080666634FF40045A2854FF469
:10A31000347CE0846427238526F00100E5852186CE
:10A320006786C4E90D0C10F075FA218D626BE0634D
:10A33000A4F8401022F0100002216063204609F0CA
:10A34000C0FC4FF4447120460AF0C2F82046BDE834
:10A35000F0410D210DF0B5B90146044810B509F0E2
:10A36000EDFF04460AF05EF8204610BD4C58030885
:10A370002DE9F04FAFB0044605F0C9FF074620466F
:10A3800005F08DFF1AAA2A902CA93846FDF766FD24
:10A390002A9906A80AF0F8FABDF968000DF1B00A8A
:10A3A000DFF888810DF1080B00282DDD584602F0FA
:10A3B00029FF0021384602AA0BF0FEFE0020CDF84E
:10A3C0003CA013901A2106AACDE90780BDF86800C9
:10A3D000ADF854003846CDF838B005F09DFFB88C84
:10A3E000BA8D798D0244014490B289B22CAACDE98C
:10A3F0000010BDF8543002A92A9802F0F3FE1B2188
:10A40000384606AA05F088FF4FF400393846494619
:10A410000BF0D3FB0646494638460BF016FC0546C2
:10A42000494638460BF065FC0446494638460BF071
:10A4300064FBAE4201DD314600E02946844201DD85
:10A44000224600E00246914205DDAE4201DD304683
:10A4500004E0284602E0844200DD2046BDF8681092
:10A46000081A04B2002C34DD02A802F0CBFE02AAC6
:10A470004D46494638460BF09FFE0121CDF83CA0E1
:10A48000139506AA3846CDE907811A21ADF8544044
:10A49000CDF838B005F040FFBDF90A10BDF9540001
:10A4A000814201DDADF80A00B88C3A8DF98C024486
:10A4B000014490B289B22CAACDE90010BDF8543005
:10A4C00002A92A9802F08EFE1B21384606AA05F042
:10A4D00023FFBDF968202DAB2CA93846FDF76CFE93
:10A4E0001CA804F067F94FF4403438461CAA2146F2
:10A4F0000BF0B5FF2DA813940221CDF81C8006AAFD
:10A50000CDE908101CA80A901A21384605F004FF6E
:10A510002A982DAA1CA904F039F91B21384606AA4D
:10A5200005F0FAFE2FB0BDE8F08F00004C5803088C
:10A530002DE9F047FF488CB08A460AF0D1FB01288C
:10A540007ED1504605F0A5FE0546504605F0DFFEDB
:10A550000646504605F0DBFE022D044611D0082DBC
:10A560006FD0032DFCD00D2D6CD0112D6BD0132D81
:10A570006AD0152D64D10CB05046BDE8F047FFF706
:10A58000F7BE07F0DFFA05005AD007F01CFB0128E0
:10A5900056D103A9284607F0EBFA07AA304604A9CA
:10A5A000FDF75CFCBDF80C00BDF81010401AADF8CA
:10A5B0000C00BDF80E00BDF81210401AADF80E00E8
:10A5C00094F83400C00744D14FF4003130460BF00A
:10A5D00082F90546BDF81C004FF48031401BADF8F0
:10A5E0001C0030460BF0D7FD10B1BDF81C0008E090
:10A5F000BDF91C00C11700EB9171B5EBA10F00DA9A
:10A600008D10401BADF81C0000B2012802DA0120B9
:10A61000ADF81C00BDF80C20BDF81C10BDF80E00F4
:10A6200012FB02F211FB01F110FB0020884206DD53
:10A63000606B40F00100606310F0ECF8E06304E050
:10A6400078E0E1E0FAE01DE15DE194F83400C00754
:10A6500070D0BDF90C1019B9BDF80E00002869D0F2
:10A66000A08D628D07B2904202D200F5B47007B29D
:10A67000BDF90E0000F093FBA28C618D801A401A88
:10A6800005B2002D02DA05F5B4752DB2BDF81C1027
:10A690004FF41D72642011FB02F1B1FBF0F80020B1
:10A6A00002F024FD00EBC0014FF0500901EB001156
:10A6B00009EB4100B0F5A07F0CD3002002F016FD9D
:10A6C00000EBC00303EB0010A02209EB4000B0FB3D
:10A6D000F2F000E0012094F834304FF4B4714843B4
:10A6E0002946B0FBF8F23046C3F3C009FFF7A4FDDA
:10A6F00000281FD0B4F840104FF40C72608D091A76
:10A700000FFA81F8A5EB080109B2381A01F58C712E
:10A7100000B2914205D994F834301B070BD50025BF
:10A720000AE0636B5FEAC36C06D41B0703D54342A0
:10A730001DB201E065E00546B9F1000F08D0606B7D
:10A7400003070ED4C0060CD491420AD9002508E0B4
:10A75000B9F1000F05D1616B0A0702D5C90600D413
:10A760000546A5EB080005B2E06B10F04CF8A16BB4
:10A770004FF47A724143B1FBF2F080B2854202DCC1
:10A780004042854200DA05B2618DB4F9320008EB2F
:10A790000502B4F93030A7EB010CB4F92E50A0EB50
:10A7A000030800904FEACC0C9CFBF8FC0CF1040C65
:10A7B00002EB2C120A440FFA82FC3A46604608F07B
:10A7C00092FD07B2B6F92E00B8420FD010F022F871
:10A7D0003946E063304600F0F6F9AF4206D0002279
:10A7E00030461C2105F098FD01280AD1B4F930004B
:10A7F000B84203D0B4F93200B84202D110F00AF8DE
:10A80000E0630CB0BDE8F087606B20F0010060638E
:10A8100030460AF047FB054606F0C4F9044607F047
:10A8200091F907F0D0F90428EBD1002CE9D00CB055
:10A8300028460021BDE8F04706F022BA504605F050
:10A8400064FD0078B4F92E50132806D0112804D0E6
:10A85000142805D0122803D008E0F08D401C01E038
:10A86000F08D401E01B2304600F0ADF9B4F92E0073
:10A87000A842C6D00CB0304600221C21BDE8F047EB
:10A8800005F04ABD504605F040FD03AA044609A95B
:10A890003046FDF7E3FAB068002508B1B0F914506E
:10A8A000002130460BF017F80646BDF80C00711970
:10A8B000401ABDF82610ADF80C000A1812B200922A
:10A8C0000A1ABDF8241012B20B18081A01B21BB2F2
:10A8D00006A800F053FA47F6FF77216806A83A4623
:10A8E000F1F73AFF08B100200BE006EB450002B299
:10A8F00006A8114600F026FA216806A83A46F1F7A4
:10A900002BFF20717DE7002130460BF056F9002126
:10A91000074630460BF099F90021054630460BF00A
:10A92000E8F90021044630460BF0E7F8AF4203DDBA
:10A93000394602E04C5803082946844201DD22468C
:10A9400000E00246914205DDAF4201DD384604E0F9
:10A95000284602E0844200DD20464FF4403980461C
:10A96000494630460BF029F90746494630460BF078
:10A970006CF90546494630460BF0BBF9044649469A
:10A9800030460BF0BAF8AF4201DD394600E0294607
:10A99000844201DD224600E00246914205DDAF42DD
:10A9A00001DD384604E0284602E0844200DD20460E
:10A9B000801CA0EB08043046FEF7BAFF204404B226
:10A9C000504605F0A2FCB0F90010A14200DD0C4693
:10A9D000048016E770B50C460546114600F07EF877
:10A9E00021462846BDE8704000F0B4B870B50C466A
:10A9F0000546114600F006F821462846BDE870409D
:10AA000000F036B870B54FF4B473054699420C4661
:10AA100002D9A1F5B474A4B2A88D698D421A611A45
:10AA200012B209B2002A02DA02F5B47212B2002997
:10AA300002DA01F5B47109B28E1AB4369E4203D916
:10AA400028460BF06DFE0DE0914203DA002302462A
:10AA5000214604E08A4205DA0023224601462846C0
:10AA6000FEF7D4FB2846AC85BDE8704015F0DFBF8B
:10AA700070B54FF4B473054699420C4602D9A1F55E
:10AA8000B474A4B2688DA98D0A1A091B12B209B256
:10AA9000002A02DA02F5B47212B2002902DA01F5D4
:10AAA000B47109B28E1AB4369E4203D928460BF00F
:10AAB00037FE0DE0914203DA00232246014604E00E
:10AAC0008A4205DA0023024621462846FEF79EFB0D
:10AAD00028466C85BDE8704015F0A9BF70B54FF4ED
:10AAE000B473054699420C4602D9A1F5B474A4B2D8
:10AAF000288DE98C421A611A12B209B2002A02DAD0
:10AB000002F5B47212B2002902DA01F5B47109B289
:10AB10008E1AB4369E4203D928460BF001FE0DE092
:10AB200091424FF4003302DA0246214603E08A42A2
:10AB300004DA224601462846FEF768FB2846FEF75F
:10AB4000B6FB28462C85BDE87040FEF7B0BB81847B
:10AB50000BF0E6BD70B54FF4B473054699420C4650
:10AB600002D9A1F5B474A4B2E88C298D0A1A091B84
:10AB700012B209B2002A02DA02F5B47212B2002946
:10AB800002DA01F5B47109B28E1AB4369E4203D9C5
:10AB900028460BF0C5FD0DE091424FF4003302DA78
:10ABA0002246014603E08A4204DA0246214628464C
:10ABB000FEF72CFB2846FEF77AFB2846EC84BDE81E
:10ABC0007040FEF774BBB0F92E308B420ED0B0F956
:10ABD00032208A4200DA1146B0F930208A4200DD84
:10ABE00011468B4202D0C18515F021BF70470A88FB
:10ABF00002804A8842808A888280C988C1807047E2
:10AC00000A8802804A8842808A888280C988C180F6
:10AC100070470A8802804A8842808A888280C98870
:10AC2000C18070470A8802804A8842808A88828070
:10AC3000C988C18070470A8802804A8842808A8811
:10AC40008280C988C18070470A8802804A88428011
:10AC50008A888280C988C18070470A8802804A88B1
:10AC600042808A888280C988C18070470A880280B1
:10AC70004A8842808A888280C988C18070470A8851
:10AC800002804A8842808A888280C988C180704751
:10AC90000A8802804A8842808A888280C988C18066
:10ACA00070470A8802804A8842808A888280C988E0
:10ACB000C18070470A8802804A8842808A888280E0
:10ACC000C988C1807047C1884088081A401C00B2FA
:10ACD0007047C1884088081A401C00B27047C1887C
:10ACE0004088081A401C00B2704710B5B0F9041033
:10ACF000B0F90020B0F90630B0F90240881A401CC3
:10AD0000191B491C484310BD81880088081A401C43
:10AD100000B2704781880088081A401C00B2704752
:10AD200081880088081A401C00B27047818800881A
:10AD3000081A401C00B2704781880088081A401C1D
:10AD400000B2704770B50388848846885B1AC5884E
:10AD50000C440380B11A84802A444180C28070BDB3
:10AD600070B50388848846880B44C5880C440380EA
:10AD7000B11884802A444180C28070BD10B5029C05
:10AD8000018042808380C48010BD4288491E1144E6
:10AD9000C18070470288491E114481807047002895
:10ADA0004FF0000201DA40420122002901DA494253
:10ADB000921C884207D9C1EB0111103201EB41010D
:10ADC000B1FBF0F305E0C0EB001000EB4000B0FB7E
:10ADD000F1F30020D9B216290BD92C2900D8012073
:10ADE000292900D8401C252900D8401C20290BD92E
:10ADF0000BE0022900D30120062900D3401C0A29B8
:10AE000000D3401C0F2900D3401CD106184401D5A3
:10AE1000C0F15A0091074FEAC27105D509B1B430AB
:10AE200005E0C0F1B40002E009B1C0F5B47080B231
:10AE30007047C16000680BF073BC00684FF0FF32D0
:10AE40000168C26001F13C02904202D182684A620C
:10AE500005E001F14C02904201D182680A6300686A
:10AE60000BF05EBC10B50C4664210020C4E90A0159
:10AE7000206304F13C016062A0862087E086608741
:10AE800084F85C00204600F0A6F804F14C0120464E
:10AE900000F0A1F80821204609F01AFB10212046F5
:10AEA00009F016FB00222046BDE81040114600F0D4
:10AEB000BEB810B50C46002104F13C00FFF7BCF809
:10AEC00004F14C00BDE810400021FFF7B5B80000C8
:10AED0002DE9F04131480D4609F002FF012854D117
:10AEE000284605F0D6F90446284605F010FA132C3A
:10AEF00080460AD0012C4AD0082C48D0152C44D1C9
:10AF00002846BDE8F041F6F775BF4FF4003109F06F
:10AF100091F90446284605F0F8F90546B0F9000015
:10AF2000A04200DD0446404600212C800AF04BFE82
:10AF30000021074640460AF08EFE002106464046A4
:10AF40000AF0DDFE0021044640460AF0DCFDB7426F
:10AF500001DA394600E03146844201DA224600E057
:10AF60000246914205DAB74201DA384604E030463B
:10AF700002E0844200DA2046002806DAB5F9001023
:10AF80004042814200DC01462980BDE8F08108F1A1
:10AF900034014046BDE8F0410BF0E5BB68580308BA
:10AFA00090F85C0000F00300704790F85C1001F02E
:10AFB0000301022901D0806A7047816D491C01D0CC
:10AFC000406D7047006B7047816C491C01D0406C2C
:10AFD0007047406A70470022531EC1E90002C1E970
:10AFE0000223704738B5134690F85C2002F0030244
:10AFF000022A1BD1D0E90A428A4201DD0D4600E057
:10B000001546AC4201DD214602E08A4200DC1146D1
:10B01000426A8A4200DA1146026B8A4206D000F187
:10B020003002009300F14C0300F022F838BDF8B56F
:10B03000446A13468C421AD0D0E90A528A4201DD92
:10B040000E4600E01646B54201DD294602E08A427E
:10B0500000DC1146026B8A4200DD11468C4206D0AC
:10B0600000F12402009300F13C0300F001F8F8BD68
:10B07000F0B591B007461C4616460D46169818B313
:10B08000E068401C2ED0A0680021C4E901051846E4
:10B090001560FEF7D1FF6846FFF71CF812484FF421
:10B0A00080716522CDE9004000200890CDE90901BA
:10B0B0000E480021039038460AF05DFE0B9068466A
:10B0C000FFF77CF811B0F0BD00211846FEF7B4FF81
:10B0D0004FF0FF30E060356011B03846BDE8F04019
:10B0E0000BF01EBB3068CFE733AE01083BAE010862
:10B0F000F0B5C0F5806400FB00F604FB04F5B70A68
:10B10000DDF814C0AD0A05FB04F67C434543474314
:10B110005543B00A5C434843BA0A05EB4503810A2C
:10B12000180D02FB0CF204EB4403014401EB135035
:10B1300000EB9220F0BD10B50C461021204609F01E
:10B14000C7F92046BDE810404FF4806108F0B9BD52
:10B150000146044810B509F0F1F8044609F062F917
:10B16000204610BD8458030870B50646008E0D4673
:10B170001446A8421BD9E00608D5012130460BF041
:10B180000AF818B10121304609F0A2F9F06A30F846
:10B190001510A14320F8151029463046FEF7A2F8F5
:10B1A000600504D53046BDE870400BF058BF70BD57
:10B1B00070B500240E46054606E032462146284674
:10B1C000FFF7D2FF641CA4B2288EA042F5D870BD50
:10B1D00008464FF6FF720021018641868286816211
:10B1E000C162416280F83610014900F04DBB000099
:10B1F0003C0200200146044810B509F09FF80446BF
:10B2000009F010F9204610BDA058030810B5886A4F
:10B210000C4608F013F9E06A08F010F90020A0626B
:10B22000E06210BD2DE9FC47FD488A4609F058FD53
:10B23000012845D1504605F02CF80646504605F049
:10B2400066F8132E04464FF0000702D02A2E4AD08B
:10B250001BE0608EA146002832D0D9F8248000255A
:10B2600032E000BFD9F82C0030F81500C0F3802080
:10B2700040B3608E28B1204609F0ACFD618E90FB92
:10B28000F1F001B2504605F067F8292E2FD0012EBB
:10B290004FF6FF752DD0022E6DD0082E7ED0062ED3
:10B2A0007DD0032E7CD00E2E7BD00F2E7AD0102E88
:10B2B000FCD00D2E77D0152E02D15046F7F71AFE8E
:10B2C000BDE8FC876D1CADB258F825000028F7D00A
:10B2D000D4A1E5F75BF80028F2D058F825000078F3
:10B2E0000028BFD1ECE7616A00F0CEFAE8E720461B
:10B2F000F9E7504605F009F8A18E06462046FDF70D
:10B30000F1FF06F01FFC06F05EFC012801D00328C7
:10B310001BD16946304606F02BFC69462046FCF7F7
:10B3200059FCA8422146A5861CD0E16A31F81010CC
:10B33000C1F38012002AC3D1C1F300110029BFD18B
:10B340000146A0862046FDF7CDFFA08EA842B7D0CB
:10B35000E16A31F81000C0F340210029B0D1C0F3F8
:10B360008021A1E08D86ABE7C0F300100028A7D1B3
:10B37000A08E019048E0504604F0C7FF074606F053
:10B38000E1FB064606F01FFC042899D0022897D05E
:10B390006946304606F0ECFB694605E03AE07BE0A2
:10B3A0008AE08CE0CEE0D5E02046FCF713FCA18ECD
:10B3B00006462046B14283D0A94201D0FDF792FF54
:10B3C0003846A68606F05CFCAE428BD0E06A30F8C8
:10B3D0001600C0F38011002984D1C0F300100028AA
:10B3E00084D131462046FDF77DFFE06A30F8161023
:10B3F000C1F340210029B6D1A18E30F81100C0F36D
:10B4000080200028AFD101961C2101AA204604F01B
:10B4100083FF55E7A18EA94239D0E26A32F81100C4
:10B42000C0F3C013B3B1C0F380139BB9C0F30023C2
:10B430001BB194F83630DB0714D040F4807000BFA5
:10B4400022F8110094F83600C00703D0A18E2046E0
:10B450000FF0A8FFA08EE16A31F81000C0F3402180
:10B4600031B902E020F48070EAE7C0F3802171B1C5
:10B47000C0F3801159B9C0F3001040B9A08E1C214F
:10B4800001AA0190204604F047FF0128C1D1A18EF6
:10B490002046FDF727FF13E7A08EA842B9D0E16A46
:10B4A00031F81000C0F340110029B2D1C0F380116F
:10B4B00000293FF459AF03E7A18E204646E0208ED5
:10B4C0000028A6D0504604F020FF074606F07BFB7C
:10B4D00006462FB9002006F03BFB06F074FB06463B
:10B4E000204609F0DFFC05F05DFBA18EA94290D15A
:10B4F000022E02D0042E2BD150B394F83600E26A0B
:10B50000C1074FF0000001D110E0401C32F81010CC
:10B51000C1F30013002BF8D1C1F38013002BF4D139
:10B52000C1F300210029F0D00AE0401C32F81010CD
:10B53000C1F30013002BF8D1C1F380110029F4D11D
:10B54000A086BDE6A18E2046A94201D0FDF7CAFE25
:10B55000A586B5E6A18E2046FDF7C4FE504604F050
:10B56000D4FE0078132814D0142837D012284FF0B6
:10B5700002064FF0040957D0112888D10021204637
:10B580000AF0F1FAA28E8046AA4279D1E26AA78631
:10B59000A5E0A08EA84201D1A78601E0401CA086AC
:10B5A000A18E268EB14200D3A786A38EE26A08E060
:10B5B000491C88B2A086B04200D3A786A08E9842CC
:10B5C0007ED0A18E32F81100C0F3001CBCF1000F38
:10B5D000EED1C0F380100028EAD158E7A08EA8422F
:10B5E00001D1A78600E000B9208E401EA08683B25C
:10B5F000E26A09E011B1491EA18602E0208E401ED8
:10B60000A086A08E984268D0A18E32F81100C0F3B7
:10B610000016002EEED1C0F380100028EAD136E7E4
:10B62000A05803080A000000002120460AF09BFAF7
:10B63000A28E8046AA4214D1E26AA78605E0238E34
:10B64000491C88B2A086984247D2A18E32F81100D8
:10B65000C0F30013002BF2D1C0F380100028EED10C
:10B6600015E7A16A09EBC2051046238E4F5B31F83E
:10B6700030507F1B7F1C47F34E073D442DB221E025
:10B6800039E000BF06EBC00706EBC20CCF5F31F913
:10B690000CC0674512DD31F93070AF420EDC09EBAA
:10B6A000C007CF5F4744AF4208DBE76A37F810C0F6
:10B6B000CCF3801717B9CCF300172FB1401C00E072
:10B6C0000BE080B28342DDD8834249D8DFE6238E87
:10B6D000491C88B2A086984201D3A586D7E6A18EE0
:10B6E00032F81100C0F30013002BF0D1C0F380102A
:10B6F0000028ECD1CBE6A16A09EBC203B4F934000F
:10B700004D46CF5A31F83230FF1A7F1C47F34E07AF
:10B710003B441BB21FE000BF06EBC00706EBC20CA8
:10B72000CF5F31F90CC0674513DA31F93070A7EB00
:10B7300008079F420DDC05EBC007CF5F9F4208DB87
:10B74000E76A37F810C0CCF3801717B9CCF30017AD
:10B7500027B1401E00B20028DEDA98E60028B5DBEB
:10B76000A08694E62DE9F0410F46A1F57F41FF390F
:10B7700018D00546008EB84214D3002426460CE0AB
:10B78000686A641CA4B2761CB6B250F8240009A101
:10B79000E4F7FCFD08B9641CA4B2BE42F0D1288EC7
:10B7A000B04202D10020BDE8F081686A50F8240060
:10B7B000F9E700000A000000808E7047038E8B427C
:10B7C00004D9C06A30F81100824301D000207047CC
:10B7D0000120704770B50446008E0E461546B042F3
:10B7E00034D994F83600C00706D0E80504D54FF4E4
:10B7F00080712046FFF7DCFCE80616D5218E01207B
:10B8000001290ED9002309E0B34205D0E26A12F8FB
:10B810001320D20600D400205B1C9BB29942F3D8BF
:10B8200018B10121204608F04CFAE06A30F81610F1
:10B83000294320F8161031462046FDF753FD6805D0
:10B8400004D52046BDE870400BF009BC70BD70B552
:10B8500000240E46054606E0324621462846FFF7FC
:10B86000B9FF641CA4B2288EA042F5D870BD10B5F3
:10B87000028E0446C06A520007F01CFE616A204630
:10B88000BDE81040AFF300802DE9F34F0D008DB0FF
:10B890007DD00D9C2046F2F715FA656200210D9CC3
:10B8A000162220460AF067FAC0B20B900D980021CC
:10B8B0000AF08FF9079000210D980AF026FA0690F9
:10B8C00000210D980AF0F7F9049000210D980AF074
:10B8D0004AF902900D9809F097FA01900D9809F035
:10B8E00079FA628E00270499AA46C2F10102B9468C
:10B8F00001FB020000B205908BE000BF4FF0000B8F
:10B900005D460AE0E06A791930F81100FCF72FFA79
:10B910006D1C58441FFA80FBADB25AF8250040B1A7
:10B9200044A1E4F733FD20B15AF82500007800283F
:10B93000E8D16DB30598C5F1010C618E059A00FB45
:10B9400009F0049EB0FBF1F309F1010042430698AF
:10B9500009FB0606B2FBF1F103EB0008DDE9010388
:10B9600003FB0C0C049B0FFA8CF00390491E09FB9F
:10B970000383314418B20A900398002808B2099052
:10B9800001DA002003904FF00008464639E04DE010
:10B99000FFE70AF1040039E0E06A30F81700FCF72D
:10B9A000E6F908EB000108910B9A0398012A039A23
:10B9B00000FB08F001FB02F1B0FBFBF2B1FBFBF175
:10B9C000029806FB0022A1F1010106FB001110B252
:10B9D0000AB204D101998A1A091A10B20AB2079957
:10B9E000084401B2079802440998009013B2A06A73
:10B9F0000A9A00EBC700FFF7C1F9DDF82080761C3A
:10BA00007F1CAE42C8D30AEB8500001D09F1010975
:10BA10008246618E49453FF671AF0D980BF01FFBD2
:10BA20000D980FB0BDE8F04F0AF07ABE0FB0BDE838
:10BA3000F08F00000A00000080F8361000210FF09F
:10BA4000B1BC70B50446008E0D46A84203D8A5F5DA
:10BA50007F40FF380AD1A18E2046FDF743FC2046E7
:10BA60002946A586BDE87040FDF73CBC70BD0000CE
:10BA70002DE9F041884640F2E4710120444600225D
:10BA8000A8F8281088F82A0088F82B00A8F82C10AD
:10BA9000A82188F82E0088F82F0008F58C70C8F8C7
:10BAA0003020A8F8342007F0C7FD00212E4E782260
:10BAB000084606E028B14307B3F1604F07D00728D6
:10BAC00009D256F8203004EB8005AB630FE004EB9D
:10BAD000800526A3F9E704EB810504EB800C4F1CDD
:10BAE00085F8182105F58C73F9B2CCF83830401C74
:10BAF000C0B23828DED31EA0C4F814014046FFF7B8
:10BB000079FB04F138016062FFF7BEFE54F8240FA0
:10BB10004FF40871FFF79BFE1649002320681A2294
:10BB200008F080F8206842F264010CF086F80121E8
:10BB300040460BF0EBFD206801210BF0F7FD94F976
:10BB40000A204046218900F019F894F90730404650
:10BB500094F90620A18800F0ADF820684FF48041E8
:10BB6000BDE8F04108F0ADB8A00200200A000000D6
:10BB700000000000AD4101082C3070472DE9F05F56
:10BB80000446134688B25DB28246A085012284F83D
:10BB90002E50402184F82F20606AFFF709FB002611
:10BBA000606AB1B24022FFF715FE761C072EF7D36C
:10BBB000564629463046FCF739FC01228346294681
:10BBC0003046FCF7B1F906464FF001080BEB0609C9
:10BBD00037460DE004EB87004346042134A200F50C
:10BBE0008C700CF009FF08F101007F1C00F0FF08C9
:10BBF000B945EFD8691E5046FCF718FC801B00259C
:10BC0000401CC7B212E000BF04EB85003B46042194
:10BC100027A200F58C700CF0EFFEE91D606A89B276
:10BC20004022FFF7D7FD7F1C6D1CFFB2B542EBD35E
:10BC3000012706EB0B0511E004EB85003B460421D0
:10BC40001BA200F58C700CF0D7FEE91D606A89B26A
:10BC50004022FFF7BFFD7F1C6D1CFFB22A2DEBD3E6
:10BC60002046FCF7CDFF606AFFF7A6FDA0F57F41F7
:10BC7000FF3903D0606AF11DFFF7E3FE20460AF0AA
:10BC80004FFD204609F054F8002506460BE02946F2
:10BC9000204609F03BF8616A814203D01C2122460C
:10BCA00004F03AFB6D1CB542F1D3BDE8F09F0000F3
:10BCB00025640000018580F82A2080F82B30FCF7ED
:10BCC0009FBF2DE9F0410C46102104F12400F1F74B
:10BCD0004BF8102104F13000F1F746F894F8881081
:10BCE0000020A4F86C006422A4F874000325A4F8D2
:10BCF0006E0021F00701A4F87600491CA4F870201A
:10BD00000527A4F878200A20A4F8722047F6FF7CC3
:10BD1000A4F87A2021F00806A4F87E504FF480732E
:10BD2000A4F88070A4F88200A4F87CC084F888602D
:10BD3000A4F88430A4F88630BDE8F08170B501F134
:10BD400024060C4610E000BFF0F7F1FF0546007B2B
:10BD5000400702D4686807F071FB29463046F1F7C6
:10BD600081F8284607F06AFBA06A00283046EBD12C
:10BD7000F0F7C7FF04F130050AE000BFF0F7D7FF86
:10BD8000064601462846F1F76DF8304607F056FBA7
:10BD9000606B00282846F1D1BDE87040F0F7B1BFD4
:10BDA000F8B57F480D4608F09BFF012874D128465E
:10BDB00004F06FFA0646284604F0A9FA012E04465C
:10BDC0002DD0082E69D0292E68D0132E67D02C2EA6
:10BDD0007ED0152E7FD1284604F061FA0546014633
:10BDE0002046F5F7B3FC0022264629462046FAF7FE
:10BDF00021FD012229463046FAF71CFD0222294680
:10BE00003046FAF771FB042229463046FAF76CFBFC
:10BE100004F12400F1F71DF8002871D0B9E005F015
:10BE200091FE694605F0A4FEBDF800102546A08AE3
:10BE3000081AADF80000284609F000F9BDF8001016
:10BE40004618284608F0E0FFB5F884104843002162
:10BE500040F30F27284609F0E0FE301A00B2002612
:10BE6000002822DBB84203DDB5F88260761E1CE0B4
:10BE700095F8881001F00701012902D002290FD09E
:10BE800013E0B5F8821007EBD772491E414301EB6E
:10BE9000620090FBF7F608E01DE01DE024E027E0DB
:10BEA000B5F88210414391FBF7F6B4F97C00B0423B
:10BEB00011D0B1B22046FDF783FAB4F87C102046C9
:10BEC000FDF77EFA002220461C21A4F87C6000E0E9
:10BED00031E004F021FAF8BD34F87C1FFDF770FA68
:10BEE00047F6FF702080F8BDBDE8F8400BF0E3B8DE
:10BEF000B4F94020B4F94C00824202DD164601E05C
:10BF00002EE00646B4F95810B4F96430994201DDC8
:10BF10000C4600E01C46A64205DD824201DD1146CA
:10BF200004E0014602E0994200DC19462846BDE8DB
:10BF3000F84004F011BA284604F0E7F90546204617
:10BF400008F062FFB4F884104843001228802046AD
:10BF500008F040FFB4F88610484300126880F8BD2E
:10BF600094F8880000F00700012804D0022807D0C8
:10BF700003280AD00DE029462046F8F7D1FE08E054
:10BF800029462046F8F7A2FD03E029462046F9F7A6
:10BF9000EBF829462046BDE8F840F5F70DBA000059
:10BFA000785A03082DE9FF4F85B01D4690460E468E
:10BFB000059858B15EB1B0F882100446414507D8E3
:10BFC00000202880588009B0BDE8F08FFEE7FEE72A
:10BFD000204608F019FF34F8841F484340F30F2728
:10BFE000059808F0F7FE014660882279843C4143B9
:10BFF00002F00700012841F30F21049104D0032827
:10C000000AD0022819D067E0B4F8820007FB08F7CD
:10C01000401E97FBF0F05EE000970023307B326813
:10C02000C0F3C00104EB410132F91800B1F97820E6
:10C03000B1F9741007F057F94DE004F124000390B2
:10C040000290F0F778FE4FF4A0218146059809F0A0
:10C05000A2FDB4F8841082344843002100120190FC
:10C06000059809F098FD62884FF0000A34F88219AB
:10C070005043C1F101024FEA202B02FB0B7090FBF1
:10C08000F1F000B200900298F0F76AFE06E0B142CB
:10C0900006D003980AF1010AF0F75FFE0100F6D11D
:10C0A00007EB0B00B4F882700099C9F1010CDDE9CF
:10C0B000002300FB08F001FB0AF103FB0C2390FBBB
:10C0C000F7F0B1FBF9F2B3FBF9F3111818B200EB7A
:10C0D000D07001EB600028800598002109F070FC09
:10C0E00000210746059809F098FD2988384408443E
:10C0F0002880059808F0A2FF2988081A288005984A
:10C10000314600F02CF800EB080C307BB4F88210BC
:10C110007368C0F3001004EB40009CFBF1F4B0F92D
:10C120007020B0F96C00121A01FB14C189B233F906
:10C130001110081A0499484390FBF2F0081A68801D
:10C140000598002109F00BFE69883844084468808E
:10C15000059809F03FF86988081A688033E729B123
:10C1600090F88800000702D448897047FEE7002055
:10C170007047000010B50C46012109A0C4E909016F
:10C180000221204607F09DFD0821204607F099FD79
:10C190002046BDE810404FF4806107F092BD0000DA
:10C1A000436865636B20626F7800000010B591F8FA
:10C1B00028000C46C00704D1606A07F03FF9002050
:10C1C000606210BD2DE9F04FBDB0054604F09FF848
:10C1D0000446284604F063F800213B90204609F00D
:10C1E00054FE19900021B0F908703222204609F05F
:10C1F000C2FD00210546204609F08DFD00EB050B30
:10C200002046002109F0EBFC05442046002109F0FE
:10C21000B0FC4FF400312790204609F0E0FC4FF4C9
:10C2200000318146204609F022FD4FF400310646D8
:10C23000204609F070FD4FF400311890204609F0B7
:10C240006EFC692217904FF40031204609F093FDEF
:10C250006A2280464FF40031204609F08CFD824668
:10C260002AA802F0A7FA2AAA20464FF400310AF0C1
:10C27000F6F8DDE9172009EB06011044A28A2A44EA
:10C28000E58AD3195D441944A1F10109E9190E1891
:10C29000761E09EB0801ADF8E810A2EB0802ADF834
:10C2A000E42006EB0A003B99A5EB0A02ADF8E62074
:10C2B000ADF8EA0003A808F067FB4FF000082AA8D1
:10C2C00007902C484FF40031CDE90408109139A8AB
:10C2D0001A21069003AA204604F01EF83B9839AABA
:10C2E0002AA902F053FA1B21204603AA04F014F8ED
:10C2F0000021204609F0EDFD00218246204609F08C
:10C30000D6FD41F6FF72CDF800A0CDE90128616AA3
:10C310000346199A16A80EF0A1FD1DA801F072FCA3
:10C32000002120461DAA09F0ECFF701BBDF8583013
:10C33000401C00B2C01B1DA900EBD0704210279812
:10C340005A444844ADF868001844ADF86C00E08ADF
:10C35000CDF800801044BDF85A20ADF86A001044B2
:10C36000ADF86E00636A1AAA3B9801F0A7F93DB0D8
:10C37000BDE8F08FBC5803082DE9FF5F3C480E462E
:10C3800008F0AEFC012861D1304603F082FF05467B
:10C39000304603F0BCFF2C2D04464FF4003809D082
:10C3A000132D55D0152D51D104B03046BDE8F05FA6
:10C3B000FFF708BF304603F0A8FF002105462046DE
:10C3C00009F063FD078900210646204609F081FD3A
:10C3D00000218146204609F06AFD002141F6FF72E6
:10C3E000CDF80090034603A8CDE90121616A3246E9
:10C3F0000EF034FD0021204609F0BBFB8346464683
:10C400004146204609F0EBFB81463146204609F0C3
:10C410002EFC82463146204609F07DFC804631469E
:10C42000204609F07CFBBDF80C3007EB09025244B2
:10C430001A4407EB080402EB0B012980BDF90E102A
:10C44000204400B2884200DC08466880BDE8FF9FB7
:10C45000304603F05AFF05464146204607F0EAFE03
:10C46000B5F90010814200DD08462880EEE70000A3
:10C47000BC580308F0B54FF4FA660446C1F34130E6
:10C480004FF06405771001280BD121F4C040B04271
:10C4900007DCB84201DDC0F57A70584390FBF5F037
:10C4A00001B2C2F3413001280BD122F4C040B042A6
:10C4B00007DCB84201DDC0F57A70584390FBF5F017
:10C4C00002B2944201DA204600E01046884201DAC6
:10C4D0000846F0BD944201DA2046F0BD1046F0BD9A
:10C4E000F0B54FF4FA660446C1F341304FF06405ED
:10C4F000771001280BD121F4C040B04207DCB842CC
:10C5000001DDC0F57A70584390FBF5F001B2C2F33B
:10C51000413001280BD122F4C040B04207DCB842C0
:10C5200001DDC0F57A70584390FBF5F002B29442F9
:10C5300001DA204600E01046884201DA0846F0BDE4
:10C54000944201DA2046F0BD1046F0BD00221146AB
:10C55000104608B500F014F90090BDF8000008BDC1
:10C5600000221146104608B500F01CF90090BDF8F5
:10C57000000008BD00221146104608B500F036F94B
:10C580000090BDF8000008BD08B50020BDF80010FF
:10C5900060F3040189B260F34A1189B260F3CF21DC
:10C5A000ADF8001088B20090BDF8000008BD80B260
:10C5B00070B5C30A00F01F06C3EBC30404EB0324E9
:10C5C000C0F34515E41D05EB4500640900EB0520AB
:10C5D000C01CC6EBC60364F3174103EB06238409B2
:10C5E000DB1DFF22580964F30F2160F3070162F39A
:10C5F0001F61C1F30740C1F3072200EB400000EBCD
:10C600008200C9B20844C0F3C70070BD38B50C46FB
:10C610000546FFF7AFFF2246294600F03FF900909C
:10C62000BDF8000038BD07B58107BDF8043002D061
:10C63000521E20F8023BBDF8041001EB014109E055
:10C64000016041608160C160016141618161C161DE
:10C650002030103A102AF3D802E0521E20F8023B94
:10C66000002AFAD10EBD4FF4784108B54FF4FC62B0
:10C6700001EA1021C0F3C40302EA50100143194338
:10C68000ADF8001088B208BD4FF4784108B54FF4FA
:10C69000FC6201EA1021C0F3C40302EA5010014316
:10C6A0001943ADF8001088B208BDF8B56423C0EB9B
:10C6B00000204FF4B474C2EB0225B0FBF4F2C1EBDE
:10C6C0000121B1FBF3F1B5FBF3F493B211F0FF00DC
:10C6D000E2B226D02B21B3FBF1F15526C0F1FF04C5
:10C6E000FF2514FB02F4C9B211FB06F61E44230A0F
:10C6F00006EB46046406240EC4F1FF0610FB04F4A6
:10C7000016FB00F6A5EB1420A5EB1624504354436A
:10C71000050A240A052918D2DFE801F006090D11DF
:10C7200014001146084613E01046214601E0284651
:10C7300011461A460CE018461146224608E01846F3
:10C74000294605E02046194602E0104619462A46C9
:10C7500000F04CF80090BDF80000F8BD18B5D20804
:10C760008908BDF80030C40862F3040398B261F38D
:10C770004A1080B264F3CF20ADF8000080B218BD3B
:10C7800018B5D2088908BDF80030C40862F3040364
:10C7900098B261F34A1080B264F3CF20ADF8000084
:10C7A00080B218BD18B5D2088908BDF80030C40899
:10C7B00062F3040398B261F34A1080B264F3CF20AD
:10C7C000ADF8000080B218BD18B5D2088908BDF8D0
:10C7D0000030C40862F3040398B261F34A1080B2D7
:10C7E00064F3CF20ADF8000080B218BD18B5D208B0
:10C7F0008908BDF80030C40862F3040398B261F3FD
:10C800004A1080B264F3CF20ADF8000080B218BDAA
:10C8100018B5D2088908BDF80030C40862F30403D3
:10C8200098B261F34A1080B264F3CF20ADF80000F3
:10C8300080B218BD18B58BB20A4984B243EA0340EE
:10C84000121D44EA044308400B40D2081B1A53430C
:10C8500000EB5310084040EA1040ADF8000080B2F1
:10C8600018BD00001FF8E00718B58BB20A4984B262
:10C8700043EA0340121D44EA044308400B40D20837
:10C880001B1A534300EB5310084040EA1040ADF828
:10C89000000080B218BD00001FF8E00718B58BB289
:10C8A0000A4984B243EA0340121D44EA04430840A3
:10C8B0000B40D2081B1A534300EB5310084040EAC8
:10C8C0001040ADF8000080B218BD00001FF8E0076E
:10C8D00018B58BB20A4984B243EA0340121D44EAF8
:10C8E000044308400B40D2081B1A534300EB53107B
:10C8F000084040EA1040ADF8000080B218BD0000CA
:10C900001FF8E00718B58BB20A4984B243EA034026
:10C91000121D44EA044308400B40D2081B1A53433B
:10C9200000EB5310084040EA1040ADF8000080B220
:10C9300018BD00001FF8E00780B270B5C0F34513C2
:10C94000C50A00F01F04C5EBC50000EB0520C01DA3
:10C9500003EB4306400906EB0323DB1CC4EBC405D1
:10C9600060F3174105EB042408469B09E41DFF22F0
:10C97000610963F30F2061F3070062F31F6070BD6C
:10C98000FF221146104608B5FFF70CFF0090BDF8D6
:10C99000000008BD08B51F203F22BDF8001060F35D
:10C9A000040189B262F34A1189B260F3CF21ADF874
:10C9B000001088B20090BDF8000008BD10B50C460C
:10C9C00000206421A08484F8261084F8271094F8AD
:10C9D0003C1021F0070184F83C1020634FF48031B3
:10C9E00060630848C07884F82C00204607F069F995
:10C9F0004FF44071204607F06BFD2046BDE8104023
:10CA00000FF0B6BFF40200202DE9F043FF4891B0CB
:10CA1000894608F065F9012827D1484603F039FC1A
:10CA20000646484603F073FC132E04464FF4403785
:10CA30001ED0292E50D02A2E67D00D2E4FF4B4755B
:10CA400068D0012E7DD0022E7CD0112E47F6FF75C6
:10CA500079D0152E78D0122E07D1484603F055FC18
:10CA60000178022901D00121017011B0BDE8F083E5
:10CA7000B846394609F0D7F807464146204609F03E
:10CA800014F906464146204609F06FF9054641462D
:10CA9000204609F062F8B74201DD394600E0314630
:10CAA000854201DD2A4600E00246914205DDB7429B
:10CAB00001DD384604E0304602E0854200DD2846CC
:10CAC000801C04B2484603F020FCB0F90010A142DB
:10CAD00000DD0C460480C8E7484603F016FC054616
:10CAE000204609F00FFBA9882A88891A491C09B237
:10CAF000884209D1204608F0DAF9E9886A88891A5B
:10CB0000491C09B28842B0D0204611B0BDE8F043BC
:10CB10000FF02EBF484603F0F8FB0068132814D02E
:10CB2000112812D0142801D012289ED194F83C006C
:10CB3000616A10F003023AD0012A3ED0022A29D1BC
:10CB400044E04CE05AE02AE135E194F83C00616AA7
:10CB500010F0030205D06420012A0BD0022A19D15B
:10CB600010E0A08C401CB0FBF5F205FB120060F356
:10CB70000F010FE094F82620521CB2FBF0F300FBEB
:10CB8000132020E094F82720521CB2FBF0F300FBA6
:10CB9000132021E0204600F04AF900289BD011B074
:10CBA000204600221C21BDE8F04303F0B5BBA08C59
:10CBB00000B1451E65F30F01ECE794F8260008B1BB
:10CBC000401E00E0642060F31741E3E794F827007B
:10CBD00008B1401E00E0642060F31F61DAE70DF049
:10CBE00019FE606304F0AEFF04F1380104F0C0FFE9
:10CBF00011B02046BDE8F043F3F7C0B904F0A2FF3E
:10CC00000600CBD004F0DFFF042877D0022875D0CF
:10CC10006946304604F0ACFF3268B4F93800BDF91B
:10CC20000030127E191A002900DCC11A914209DC79
:10CC3000B4F93A10BDF90230581A002800DCC81ABD
:10CC4000904208DD0DF0E6FD6063BDF8001021871D
:10CC5000BDF802106187BDF80010A08A081AADF86F
:10CC60000000BDF80210E08A081AADF80200204664
:10CC700009F048FA87B22046002108F032FEBDF8DC
:10CC8000002079080B1A521A12B2ADF80020BDF834
:10CC900002C00127ACEB010C19B20FFA8CF3ADF80E
:10CCA0000230412907DD00EBD070A1EB600001B23A
:10CCB000412900DA412112FB02F011FB01F113FBC3
:10CCC0000300884200DA0027606B0DF09CFD57B32B
:10CCD000BDF90210BDF90000FEF761F8B0FBF5F3F5
:10CCE00094F83C20616A12F0030205FB13003BD06C
:10CCF000012A3CD0022A47D140E0FFE7204609F054
:10CD000001FAA18A00EBD07001EB6000ADF80000E1
:10CD1000204608F0CCF8E18A00EBD07001EB60000F
:10CD2000ADF8020078E73168898B8142BFF4D3AE59
:10CD300094F83C0041073FF5CEAE00F0030103221A
:10CD4000491CB1FBF2F302FB131161F3010084F8FB
:10CD50003C0020460FF00CFE204609F0E1FC04F0F8
:10CD6000F1FE04F0BBFF80E660F30F010CE06422EB
:10CD7000504390FBF5F060F3174105E06422504307
:10CD800090FBF5F060F31F61204600F050F800289A
:10CD9000E9D0002220461C2103F0BEFA65E6484691
:10CDA00003F0B3FA0168064604F114002A46EFF7CF
:10CDB000D3FC307159E64846F4F70CFC4E46484621
:10CDC00003F0A5FA0446304603F069FA06466846C1
:10CDD00001F0F0FC6A463946204609F040FBADF808
:10CDE000005094F82C00C00707D0204600F013F83C
:10CDF0001090BDF84000ADF804000EA82146FBF7E6
:10CE00002CFA0EAA6946304602E00000945A030844
:10CE100001F0BCFC29E608B590F8272090F8261010
:10CE2000808CFFF742FC0090BDF8000008BD10B5F3
:10CE30004FF4B472044688B2904205D9B0FBF2F3C5
:10CE400002FB130060F30F016420C1F30742642A60
:10CE500001D960F317410A0E642A01D960F31F61FA
:10CE6000A08C8AB290420CD194F82600C1F30742FC
:10CE7000904206D194F827000A0E904201D100207A
:10CE800010BD204661620FF073FD204609F048FC9A
:10CE9000012010BD10B5F1F775FBBDE81040002072
:10CEA0000EF0D2BE014948707047000060030020B8
:10CEB00070B50C00054611D000F018F910FB04F015
:10CEC0005030B0F5A07F0BDB284600F00FF910FBC7
:10CED00004F0A021503090FBF1F002E0002000E0CF
:10CEE000012000B270BD2DE9F0411E4617460D46E7
:10CEF00004461C2106F0A0FBC4E90057C4E9025611
:10CF0000BDE8F081F8B55021044606F095FB206994
:10CF10004FF4A0732380F02565804FF0FF32A2808C
:10CF200020F04000E28000218226218140F00800AC
:10CF30006181582166F3D01020614FF4FC60ADF898
:10CF400000000090BDF80000208702482064C4E97A
:10CF50001101F8BD71F10108F8B505464F48EFF72A
:10CF60000BFF040002D0E86B08B10AE0FEE7A86CF2
:10CF700006F0D8F9060079D02A6C01462846904779
:10CF8000EE634FF4B471204606F056FB0120256095
:10CF90000821C4F8540104F5AC70EFF7E5FE404EEB
:10CFA0001E2140482246F768F4600DF097FC0028E7
:10CFB00060605CD0286981070AD529886A88EB6897
:10CFC00011FB02F1DA68914202D920F002002861D7
:10CFD000BDF800101F203F2260F3040189B262F304
:10CFE0004A1189B260F3CF21ADF8001088B20090E9
:10CFF000BDF800000090BDF800006085FF2084F8B7
:10D0000029000DF0C1FB80B30DF062FBA060002091
:10D0100007F0EEFA2061002007F0EAFAE061002054
:10D0200007F0E6FA204D00212062E0692A460AF066
:10D0300030F9206A00212A460AF02BF9E069022122
:10D0400007F046FA206A022107F042FAE06900215F
:10D050000AF048FC206A00210AF044FC206909F02B
:10D060005FFBF760A7B114E000E001E0FEE7FEE738
:10D0700000200AF0A5FE054605200AF0A1FE0146A3
:10D080000A4800232A46009020460DF02BFBBDE7FE
:10D09000F46060680DF0F3FC2046F8BD9483002036
:10D0A000AC010020D5C80008FFFF0F00845503081D
:10D0B00010B50C4618B900F013F8002809D0D0F8C4
:10D0C00054110CB1012201E04FF0FF321144C0F8BD
:10D0D000541110BDC26800211161C06841617047E0
:10D0E0000148C06870470000AC01002010B9054835
:10D0F000C06820B100680069C0F3C9107047822081
:10D1000070470000AC0100200068C0687047000054
:10D1100018B90948C068002809D00068017CC1F32B
:10D120000111012904D0032902D0B0F90000704791
:10D13000B0F9020070470000AC01002010B518B92A
:10D14000FFF7CEFF002800D0006A10BD10B518B957
:10D15000FFF7C6FF002800D0C06910BD18B1014616
:10D160000248EFF7F6BD0148EFF7E1BD94830020D8
:10D1700010B518B9FFF7B4FF002800D0006910BD42
:10D1800010B518B9FFF7ACFF002800D0406910BDFA
:10D1900010B508B9FFF7A4FF806810BD18B9094899
:10D1A000C068002809D00068017CC1F30111012981
:10D1B00004D0032902D0B0F902007047B0F9000092
:10D1C00070470000AC01002010B518B9FFF788FFC8
:10D1D000002804D0D0F85401002801DD012010BD42
:10D1E000002010BD7CB50E7BDDE90654022E08D967
:10D1F0004E88002E05D0A54203D0CDE900544469E5
:10D20000A0477CBD38B51021044606F015FA01216F
:10D210006180FF202073BDF80010002060F304013E
:10D2200089B260F34A1189B260F3CF21ADF80010E2
:10D2300088B20090BDF800000090BDF8000020808A
:10D2400038BD2DE9FF4F85B01E4603F5B475834602
:10D2500010B20BEB00030293069BABEB000EDDF864
:10D2600048900FFA82FAA3EB00030393069B0FFA90
:10D270008EF8DDE914141844039BA94501900FFAB8
:10D2800083FC029B1FB203B27DD04FF4B470864280
:10D2900002D9A6F5B476B6B2814503D9A9F5B47022
:10D2A0001FFA80F91398101A00B2009029B1139850
:10D2B00000EBD0704010401C00E0002005B25A2066
:10D2C000B6FBF0F2B9FBF0F1D0B20428C9B200D13C
:10D2D0000320042900D1032188427DD14E457BD80B
:10D2E00070B3012858D0022877D0032876D106F1F0
:10D2F0005A0000B20DF0E8FC009910FB01F230B2C8
:10D300000BEBE231491B21800DF0DEFC10FB0AF231
:10D31000069909F15A0000B201EBE231491B618024
:10D320000DF0D2FC10FB0AF20FFA89F00BEBE231A0
:10D330002944A1800DF0C8FC009910FB01F1F5E033
:10D34000FFE730B20DF0C0FC00995A3610FB01F136
:10D35000069800EBE13130B2491B61800DF0B4FC5E
:10D3600010FB0AF20FFA89F00BEBE2312944A1809D
:10D370000DF0AAFC10FB0AF2069909F15A0000B25E
:10D3800001EBE23100E0EEE02944E1800DF09CFC8D
:10D39000009910FB01F12BE030B20DF095FC10FB71
:10D3A0000AF106985A3600EBE13130B22944E180A7
:10D3B0000DF08AFC009910FB01F20FFA89F00BEBDB
:10D3C000E2312944A1800DF07FFC009910FB01F2AD
:10D3D000069909F15A0002E03FE010E00CE001EB91
:10D3E000E23100B2491B61800DF06EFC10FB0AF1C6
:10D3F0000BEBE130401B208009B0BDE8F08F06F157
:10D400005A0000B20DF060FC10FB0AF230B20BEBD8
:10D41000E231491B21800DF057FC009910FB01F20D
:10D4200006990FFA89F001EBE2312944E1800DF011
:10D430004BFC10FB0AF2069909F15A0000B201EB0D
:10D44000E231491B61800DF03FFC009910FB01F1B6
:10D450000BEBE1302844A080CEE730B1012838D072
:10D46000022869D003287DD0A3E001297BD109F1EE
:10D470005A0000B20DF028FC10FB0AF20FFA89F0F6
:10D4800081460BEBE231491B21800DF01DFC074664
:10D4900030B280460DF018FC874201DA484600E0C1
:10D4A00040460DF011FC00995A3610FB01F1069828
:10D4B00000EBE13130B2491B61800DF005FC10FB3F
:10D4C0000AF201982844E0800BEBE2312944A18064
:10D4D00092E702296DD10FFA89F0AEEB05012180A8
:10D4E0000DF0F2FB10FB0AF2069806F15A0100EB70
:10D4F000E23208B20190511B61800DF0E5FB074656
:10D5000009F15A0000B280460DF0DEFB874201DDD2
:10D51000019800E040460DF0D7FB009910FB01F2A6
:10D5200030B20BEBE2312944A18073E0069800EBA6
:10D53000E1302844E0805FE703293AD106F15A0040
:10D5400000B20DF0C1FB10FB0AF30398411B0BEB7B
:10D55000E332521B228009F15A00618000B20DF0C3
:10D56000B3FB01E024E024E010FB0AF20FFA89F09B
:10D5700080460BEBE2312944A1800DF0A5FB009A17
:10D58000014630B2064611FB02F70DF09DFB0099F3
:10D5900010FB01F0874201DD404600E030460DF00F
:10D5A00093FB009910FB01F0069901EBE030C0E716
:10D5B00031B1A4F80080A4F802C0A780E3801BE783
:10D5C00009F15A0000B201900DF07EFB074606F10A
:10D5D0005A0000B280460DF077FB874201DA0198CD
:10D5E00000E040460DF070FB009910FB01F230B2F4
:10D5F0000BEBE231491B21800DF066FB10FB0AF3B7
:10D60000029806994219A28001EBE3310FFA89F0E2
:10D61000491B61800DF058FB10FB0AF186E7000002
:10D620002DE9F0411D0017460E4604461AD0F07A47
:10D6300002281AD9D4F81CC0BCF1000F03D0204630
:10D64000E047012811D02B463A4631462046F2F7F2
:10D6500076FB012809D006A239462046BDE8F041F4
:10D6600010F080BA02A23946F8E7BDE8F081000068
:10D670004E6F0A646174610038B58469049D002CA2
:10D6800001D00095A04738BD38B51821044605F0F3
:10D69000D3FF002211461046FFF760F80090FF22EA
:10D6A000BDF80000511C0090BDF800002081012051
:10D6B000E2726180207538BD704700002DE9FF4F90
:10D6C000B5B0887E1E46924602280C46429F7DD900
:10D6D000206800287AD03598006A002876D0202269
:10D6E00022A8E2F728FE2068002E04906ED0307841
:10D6F00000286BD03598514682682DA8EEF743FF7D
:10D70000002863D0207FB0F1000B01D14FF0010B56
:10D71000607F800707D4BAF80410BAF80000081A2E
:10D72000401C03B20FE0627F41F6FF71B4F91200B2
:10D730008DE80700B4F9143007A8226831460DF0CF
:10D740008DFBBDF91C304FF0000504984FF0FF32FF
:10D75000BAF80010B4F912C0B0F90890ADF80C1086
:10D76000BAF802100CEB09000F90ADF80E10B4F9E6
:10D770001800B4F916C00144CDF8B0C0ADF80E10D1
:10D7800007B3F8B9BAF9021000291BDAD7F808C0B4
:10D79000ACEB0100002801DCA1EB0C000F99C1F1FA
:10D7A000000C4FF4806101EB4C01884200DD3A60CF
:10D7B0003868002806DBBA880546BDF80E108818C0
:10D7C000ADF80E00607F00212F9300E0A5E0CDE9C9
:10D7D0000010B4F9142070190499EFF7E3FD00EB81
:10D7E000050829E0617F00202F9BCDE90001B4F9F5
:10D7F000142006EB08000499EFF7D4FD4546BDF868
:10D800000E1000EB05080F98084400B2ADF80E00AA
:10D810007FB110F5806F0CDB3868002809DA3D60B5
:10D82000BDF90E10BAF90200081A7860BAF90200C0
:10D83000B860705D002870D03598BDF90E10806812
:10D84000B0F9022001EB09009042CBDBBBF1020FE3
:10D850005846CDF8C0B002D0032816D029E0607F2A
:10D86000A8EB050100907019B4F91430049A0DF07A
:10D8700053FB07465046FDF753FAC01BBDF80C108A
:10D8800000EBD07001EB600011E0607FA8EB0501B8
:10D8900000907019B4F91430049A0DF03DFB07465E
:10D8A0005046FDF73DFABDF80C10C01B0844ADF81A
:10D8B0000C00D4E9019BD94502D94846D946834694
:10D8C000A07F800717D01EA800F02DFAA089ADF820
:10D8D0007800049890F90E0000B90120ADF87A00A4
:10D8E000A07E8DF88000A17F9DF88100C90861F3BA
:10D8F00001008DF8810000200E90FEF727FE329087
:10D90000FEF724FE099010A800F054FF208AADF81D
:10D910004400BDF90C0031906AE16DE1BDF80C10D6
:10D920002C98084471192191A8EB05010D9100274D
:10D93000ADF80C000597BBE000200090A9F57F41F1
:10D94000FF390AD0ABF57F41FF3906D0AC4A0598C4
:10D950002918304612689047009005AB21980AAA12
:10D960000BA9EFF707FD607FC0070AD00B982328AB
:10D9700002D0012F13D004E047B1012F0AD0022FAB
:10D980000BD0E068022F09904ED04FE00598012798
:10D990000E908DE0E068002747E0002788E020280F
:10D9A00041D105990E98081A072801D0A08938E0BE
:10D9B0000E9A2AA9219810445FF00602521E10F810
:10D9C000013B01F8013BF9D100208DF8AE009DF834
:10D9D000A900FBF7F5F807469DF8A800FBF7F0F85B
:10D9E00007EB001000909DF8AB00FBF7E9F8074645
:10D9F0009DF8AA00FBF7E4F807EB001001909DF8F2
:10DA0000AD00FBF7DDF807469DF8AC00FBF7D8F852
:10DA100007EB0010C2B20198C1B20098C0B2FEF785
:10DA2000AFFE0227329043E0329809900498DDE976
:10DA30000A2102F089FD33904FF6FF70814522D014
:10DA4000834520D0009848451DD358451BD2BDF8CA
:10DA50000C100F98BDF80E20ADF80010401EADF868
:10DA600002201044339BA28A5B1E11446A4619446B
:10DA7000ADF80410ADF8060010A9359800F086FE48
:10DA8000E089ADF8240003AABDF8240022A9ADF86E
:10DA900094000B9B359800F034F93398002807DD8B
:10DAA000A18ABDF80C00084433990844ADF80C0075
:10DAB0000D99059881423FF63FAFA07F800723D59F
:10DAC000319802ABADF800002068BDF80E20B0F927
:10DAD0000810BDF97A0001EBD17100EBD07049104C
:10DAE00001EB6000BDF80C101044ADF80810ADF863
:10DAF00002001EA9ADF80A006A46BDF82400ADF880
:10DB00007800359800F002F9A07FC0071FD0319847
:10DB1000ADF8000020680499BDF80E200389408903
:10DB200091F90D101A44101A6A46401ABDF80C10EB
:10DB3000ADF8081002ABADF802001EA9ADF80A005E
:10DB4000BDF82400ADF87800359800F0DFF8617F6B
:10DB500000202F9BCDE9000106EB0800B4F914204A
:10DB600004990746EFF71EFC4546BAF8001000EB93
:10DB700005083098ADF80C10022802D0032816D002
:10DB800029E0607FA8EB050100903846B4F9143015
:10DB9000049A0DF0C1F907465046FDF7C1F8C01BC5
:10DBA000BDF80C1000EBD07001EB600011E0607F5D
:10DBB000A8EB050100903846B4F91430049A0DF032
:10DBC000ABF907465046FDF7ABF8BDF80C20C01B7B
:10DBD0001044ADF80C00BDF80E100F98084400B2C8
:10DBE000ADF80E0035998968B1F90610884203DC5A
:10DBF000705D00287FF492AE39B0BDE8F08F000070
:10DC00003402002038B52021044605F015FDFF2020
:10DC1000A076FEF79BFC0090BDF80000A0814FF6B7
:10DC2000FF700A49C4E90010A060FEF78FFC009065
:10DC3000BDF80000E08105200AF0C2F80090BDF8B0
:10DC4000000020820020E07638BD000084550308E3
:10DC5000036C002B00D018477047436C002B00D09A
:10DC6000184770472DE9F0410546C06B17460E4630
:10DC7000002826D0E86C05F055FB04001CD0E96CA8
:10DC800005F0DAFCEFF71AFB29683A462162696869
:10DC9000E161A968A16121460068007CC0F38010A1
:10DCA00084F8240030682060706860602846EB6B60
:10DCB0009847050001D003E0FEE7204605F0BEFBD3
:10DCC0002846BDE8F08170B50C46054601F0A8FF76
:10DCD000206A2860E0696860A069A860EFF7EEFA42
:10DCE000006894F82420016962F386110161AA6C2E
:10DCF00012B12146284690472046BDE8704005F005
:10DD00009DBB30B4046AA44630BC604730B44C8834
:10DD1000002C06D00C7A022C03D9446AA44630BCED
:10DD2000604730BC704738B50A21044605F084FCD2
:10DD300001216180FF202072BDF80010002060F3F7
:10DD4000040189B260F34A1189B260F3CF21ADF8C2
:10DD5000001088B20090BDF800000090BDF80000EF
:10DD6000208038BD0B4A0346002010B552F83040E1
:10DD700024B1401CC0B21028F8D301E0102802D30F
:10DD80004FF0FF3010BD02EBC00442F8303061604C
:10DD900010BD0000048500202DE9FF4F81B08B46A7
:10DDA0001C4616460E9D05F1100A05F13C09B5F911
:10DDB0000A10B5F90830B5F90C00571AABEB03039C
:10DDC000B42860DAB5F90E20B42A7DDA00287BD0B9
:10DDD000002A79D0904277DDB1425DDC696D07F1B0
:10DDE000010CAD6AA0F20F18794305FB0CF54FEA60
:10DDF000A127B8F1580F4FEAA52101D8002909DB66
:10DE0000451E592D01D8002904DB5B38B32802D206
:10DE1000002900DD0021A2F20F10582801D80029A6
:10DE200009DB501E592801D8002904DB5B3AB32ACC
:10DE300002D2002900DD0021781A012501EB6000E3
:10DE4000C71AA74200DD2746002F0DDD3BB201981F
:10DE500032465946CDF800A000F096F9050003D1EE
:10DE60000198394605F0E8FBA74200DD2746002F60
:10DE700000DA0027CDF8009060E0B54270D1284666
:10DE800005B0BDE8F08F6CDDB5F90E20B42A68DD71
:10DE9000904266DDB14201DA0120F1E7696D07F1D8
:10DEA000010CAD6AA0F20F18794305FB0CF54FEA9F
:10DEB000A127B8F1580F4FEAA52101D800290BDBA3
:10DEC000451E592D03D800E04BE0002904DB5B38E8
:10DED000B32802D2002900DD0021A2F20F10582839
:10DEE00001D8002909DB501E592801D8002904DB7C
:10DEF0005B3AB32A02D2002900DD0021781A0125FD
:10DF000001EB6000C71AA74200DD2746002F0DDD98
:10DF10003BB2019832465946CDF8009000F034F9F2
:10DF2000050003D10198394605F086FBA74200DDC4
:10DF30002746002F00DA0027CDF800A00BEB0700E2
:10DF4000324601B20198E41B384423B2074600F080
:10DF50001BF9060091D12146384605F06DFB8CE790
:10DF600051E04FF00107B428B84604D030B108DAC8
:10DF7000B14208DC09E0B14210DC04E0B14202DC4D
:10DF80000CE0B14201DC032708E001982346324649
:10DF90005946CDF800A000F0F7F80746B5F90E0095
:10DFA000B42806D060B1B5F90A000FDAB04204DC3B
:10DFB0000EE0B5F90A00B04206DD4FF0030803E0B9
:10DFC000B5F90A00B042F8DDBFB10EE0B042F4DDB1
:10DFD0000198234632465946CDF8009000F0D4F817
:10DFE000804657B1B8F1000F07D0032F02D0012FA0
:10DFF00005D008E0B8F1030F05D1002040E7B8F1E3
:10E00000010F4046FAD002203AE700002DE9F8431C
:10E01000002B174688460546089C4FF4B47140F221
:10E02000671001DA002302E08B4200DB0346002C7C
:10E0300001DA002402E08C4200DB04469C4203DA51
:10E04000C3F5B470204403E0E01A002800DC181B7C
:10E05000A5F86800EC810122A5F808808B426F8149
:10E060002A711448AB81286000D9FEE7B42B01D295
:10E07000002000E00120002C01DB8B4200DDFEE7E8
:10E08000B42C05D3A4F1B401B42901D2002600E0D8
:10E0900001263A464146009005F1100000F0CAF80A
:10E0A00005F13C0023463A464146009600F0C2F88E
:10E0B000BDE8F88399DD01082DE9F8430E4C0025F1
:10E0C0001E461746884681460DE000903346D0F83C
:10E0D00000C03A4641464846E047002808D002289A
:10E0E00000D10125083420680028EED115B10220A6
:10E0F000BDE8F8830120FBE70485002010B5017915
:10E10000022906D0052913D18068BDE8104005F02A
:10E1100095B90446406900280AD00169002904DA4B
:10E12000406805F08BF96069EFE74169491E41617C
:10E1300010BD000070B5134D060008D05FF000045C
:10E1400055F83410B9B10879022805D002E02868E2
:10E15000002800D0012070BD887CB1F9102001F1A9
:10E160000801C007304602D0EEF7A6FA01E0EEF74C
:10E1700033FA0028EED0641CE4B2102CE0D3002067
:10E1800070BD000004850020F8B5069CA58A678A4A
:10E19000521B94F82850266AC91B12B209B24FEAE2
:10E1A000C57526B1009485B3FBF76AFDF8BD85B14E
:10E1B000207C810727D000F00301012923D0022908
:10E1C00001D1511C1FD4C043800728D1002A1ADC7A
:10E1D00025E0227C02F00304022C14D0D543AD07C5
:10E1E00011D0012C01D100290DDC920701EB0302B3
:10E1F00007D0002A13DB49420FD50021002B0EDD8A
:10E200000FE0002A02DA0120F8BD10E04A4206D4ED
:10E210009A420ADA991A104405E0994201DB00207B
:10E22000F2E7994201DA05F007FA0220ECE7FBF782
:10E23000D4FDE9E72DE9FC47B42B1C4616460F46F2
:10E24000DDF82880814601DDB43C24B204F15A0097
:10E2500000B20CF039FD07EB601520460CF034FDE0
:10E2600006EB6010324600B23946CDE900082BB209
:10E27000484600F003F8BDE8FC8700002DE9F047B0
:10E28000984616460F4604462C21DDE9085905F04C
:10E29000D3F9AE4206D1B9F1030F03D1761E6D1E3C
:10E2A00036B22DB2AE4205DD4046B8460746284696
:10E2B00035460646A4F80C80A8EB0700E581002847
:10E2C00027814B4667826681A68284F8109001DD23
:10E2D000074601E0A7EB0807AA1B002A01DD11464B
:10E2E00000E0711B8F4294F8281002DD41F001011B
:10E2F00001E021F001010025E561A561CE0725714E
:10E30000234D84F8281025604FF480150DD020B1DE
:10E3100095FBF0F65643B612E66122B195FBF2F298
:10E3200042439012A061E0690CE022B195FBF2F645
:10E330004643B612A66120B195FBF0F0504380121F
:10E34000E061A0692062980709D003F0030001286A
:10E3500008D0022813D0D843800714D006E021F05B
:10E36000020001E041F0020084F82800216A8810D0
:10E370006062002901DA40426062BDE8F087206AED
:10E380000028EFDCEBE7206A0028EBDDE7E7000080
:10E3900089E101082DE9FE4F81461C4617460D46CE
:10E3A000DDF8308008F1080198F81200B8F9106023
:10E3B00000F0010A6846FCF750FCBDF90200BAF112
:10E3C000000F2FD0B84250DCBDF90600B8424CDB3C
:10E3D000BDF900008119A94205DCBDF904102A1914
:10E3E000891B8A4209DDBDF902108A19BA4240DC54
:10E3F000BDF90620921BBA423BDBBAF1000F18D0E0
:10E40000401B00D50020A04231DCBDF90410491B9F
:10E41000091A491C4218A24200DD211A002926DBF4
:10E420004844F0E0B84213DCBDF90600B8420FDB07
:10E43000CEE7461BA6420BDC002E03DB31464846E6
:10E4400005F0FAF8BDF90400451B6D1C002D02DC37
:10E450000020BDE8FE8FA54204DA611B09EB050030
:10E4600005F0EAF81EB9A54201D10120F1E702202A
:10E47000EFE7BDF804C07F1ABDF80630421BACEBD5
:10E480000005591A38B2491C6D1C2FB209B2B042AE
:10E4900002DA301A401E01E0891B401AD8F8141025
:10E4A00000B2022303EB4005D1E902C3496833F807
:10E4B00010805D5B1FFA88F33CF8100003EB010B42
:10E4C000D3194FF0000732449B1BA2EB0001A5EBD0
:10E4D00008051844A1F101012DB20FFA80F80EB21F
:10E4E000BAF1000F21D06AE0E91B594408EB07009C
:10E4F0005FEA000A11F8011C029108D4A24506DA6D
:10E5000019F80A1002980DF041FA09F80A00B6EB62
:10E51000070A08D4A24506DA19F80A1002980DF085
:10E5200035FA09F80A007F1C3FB2AF42DCDB08EB8A
:10E530000700A04201DA014600E02146002901DA85
:10E54000002002E0A04200DB204601B209EB0100FE
:10E55000611A05F071F8701B411CA14201DA0A46EC
:10E5600000E02246002A01DA002402E0A14200DA9B
:10E570000C46484621B246E0E91B594408EB070027
:10E580005FEA000A11F8011CC1F1FF00029008D4F3
:10E59000A24506DA19F80A1002980DF0F7F909F801
:10E5A0000A00B6EB070A08D4A24506DA19F80A10E1
:10E5B00002980DF0EBF909F80A007F1C3FB2AF4258
:10E5C000DADB701CA04201DA711C00E02146002950
:10E5D00001DA002604E0A04201DA761C00E02646BB
:10E5E00032B2A11AA8EB0200884201DA034600E029
:10E5F0000B46002B01DA002002E0884200DB0846CF
:10E6000001B209EB020005F017F830E72DE9F041FF
:10E610004F881C460B881546CA8806468888D21B38
:10E62000C01A401C521C00B212B2904200DB1046CD
:10E63000B5EB600F00DD4510002D00DA002506F176
:10E640000800FCF70AFBB474022035824FF0000189
:10E65000307137483060C5B1364800224FF47A73C4
:10E66000C2EBC20400EB8404B4F91840AC421CD1E4
:10E67000C2EBC201102D00EB8100D0E9041202F1BF
:10E680000102426104DA012203E07161BDE8F08118
:10E690002A110A449A4205DA102D01DA012200E01B
:10E6A0002A118B1803617061F0E7521C042AD7D33A
:10E6B00000242246C2EBC20700EB8707D7F814C03C
:10E6C000BCF1000F07D12CB1D7F810C0D4F810E07E
:10E6D000F44500DA3C46521C042AEBD344B160698D
:10E6E000102D00F10100C4E904100EDA01200DE044
:10E6F0001C2004F017FE040006D01C2104F09CFF2F
:10E700004FF0FF3020610BE0FEE7281108449842EB
:10E7100005DA102D01DA012000E028110B18236121
:10E72000204629467461BDE8F041F0F777BF00004C
:10E7300095E3010894840020F0B50A4E00250746B1
:10E740004FEA050406EBC4004068B84204D156F80D
:10E750003450204600F008F8641CE4B2102CF1D3C9
:10E760002846F0BD04850020411C4FF0000110B583
:10E7700008D0054A002302EBC00452F8301042F8DA
:10E7800030306360084610BD0485002030B4D38863
:10E7900054881B1B5B1C1BB2012B09DB938814885C
:10E7A0001B1B5B1C1BB2012B02DB036930BC18472F
:10E7B00030BC704738B53821044604F03DFFFEF701
:10E7C000DFF80090BDF8000024F8040FFEF7D8F839
:10E7D0000090BDF800006080FDF7C2FE0090FF25AC
:10E7E000BDF80000E08002202572A072FDF7B8FE9F
:10E7F0000090BDF800006083FDF7B2FE0090BDF808
:10E8000000002085E07F04F8015CA57520F03E0043
:10E8100084F826501E30A577024984F832502161D1
:10E82000E07738BD845503082DE9FF4FC9B0087B58
:10E830009946144602280F46DDE956657DD9B7F999
:10E840000200002879D0AE4277D00FFA89FB8246C9
:10E85000484500DDDA4601A8FFF7ACFF787B00F001
:10E8600003008DF80600B86840B100208DF807005D
:10E87000B8680590387B8DF81E0005E0387B8DF870
:10E8800007003888ADF80800A9F1010022884FF090
:10E89000FF38A2EB0902ADF848206388A3EB090119
:10E8A000ADF84A1023880344ADF84C30B4F802C0E8
:10E8B000ADF840206044ADF84430ADF84E00ADF8FE
:10E8C0004210ADF84600B7F802C0CDF808814FF00D
:10E8D00000086244ADF84020B7F802C0614409B2B4
:10E8E000ADF84210B7F802C0A3EB0C03ADF844300A
:10E8F000B7F802C09A1A521C12B2A0EB0C0000B278
:10E90000ADF84600002A12DD401A401C00B2002873
:10E910000DDD012347F6FF7210A936A8FFF776FE3A
:10E9200000214FF0010836A8FFF71CFA429000239F
:10E9300012A947F6FF723CA800E02BE0FFF766FE45
:10E9400000213CA8FFF70EFA479006F5B470A842E4
:10E9500005D005F5B4718E424FF4B47021D147F65D
:10E96000FF70ADF80400499812AA01A9FFF70EFF45
:10E970004798FFF7F9FE4298401C02D04298FFF7F3
:10E98000F3FE3CA8FFF7BAFBB8F1000F02D036A89F
:10E99000FFF7B4FB4DB0BDE8F08F00BFA6F5B4762D
:10E9A000B6B28642FAD202E0A5F5B475ADB28542A0
:10E9B000FAD228B24590009033B2B4F902201BA8D5
:10E9C000B4F900104693FFF721FB00211BA8FFF7C5
:10E9D000C9F9B542489003D9A81BC0F5B47000E04E
:10E9E000701B49993C28896800912BDDB9F10A0F09
:10E9F00028D95A20ADF85850B6FBF0F1B5FBF0F22B
:10EA00001494ADF854B0ADF8566001F00300ADF8C1
:10EA10005A0002F00301ADF85C1001A8189012A88A
:10EA2000ADF85EA0199049981A9014A8F5F76EFCFD
:10EA300014A8F5F750FD14A8F5F71CFE14A8F5F777
:10EA400007FF04E0499812AA01A9FFF79FFE1BA83F
:10EA5000FFF754FB3CA8FFF751FBB8F1000F02D0C1
:10EA600036A8FFF74BFB4898FFF77EFE4798FFF765
:10EA70007BFE4298401C02D04298FFF775FE787BDF
:10EA8000400787D546980AF0FF0242AB5946F9F78E
:10EA9000F5FDBDF8080142AA21880844ADF8080137
:10EAA000BDF80C0121880844ADF80C01BDF80A013D
:10EAB00061880844ADF80A016188BDF80E01084478
:10EAC0000099ADF80E0147A8EDF75DFD47ADC0B167
:10EAD000002347F6FF7242A914A8FFF797FD002113
:10EAE00014A8FFF73FF90646499812AA01A98560C4
:10EAF0004998FFF74BFE3046FFF736FE14A8FFF7A4
:10EB0000FDFA45980AF0FF0242AB5946F9F7B6FD07
:10EB1000BDF8080142AA21880844ADF80801BDF8F3
:10EB20000C0121880844ADF80C01BDF80A01618888
:10EB30000844ADF80A016188BDF80E010844009947
:10EB4000ADF80E0147A8EDF71EFDC0B1002347F652
:10EB5000FF7242A914A8FFF759FD002114A8FFF77E
:10EB600001F90446499812AA01A985604998FFF75E
:10EB70000DFE2046FFF7F8FD14A8FFF7BFFA4999EC
:10EB80000098886006E770B514460D460646F1F712
:10EB9000BDFA224629463046BDE87040F1F78BBCED
:10EBA0007CB50446087E0D4602280ED9A268684648
:10EBB0002968EDF7E8FC002807D0616B09B1204611
:10EBC0008847626D2946204690477CBD2DE9F04F6D
:10EBD000CD6889B00C46074615B1207C002872D05C
:10EBE000207C012800D10025786881880088081AD7
:10EBF000401C00B20790BA6805A82168EDF7C3FC75
:10EC0000002860D0EEF75AFB83460068D7F80090E2
:10EC1000C16951BB017C490610D47968BDF9142043
:10EC2000BDF91630B1F90060B1F90210921B5B1A00
:10EC3000079901FB032209EB420115E07A68BDF94F
:10EC40001630BDF91460B2F902C0B2F90080A3EB2E
:10EC50000C02079BA6EB08065A4302EB420306EBA5
:10EC6000460203EB090111448946D4F804A05FEA87
:10EC70000A0117D02168BDF91430BDF91660B1F84A
:10EC800004C0B1F90020B1F90210ACEB020C9A1AE1
:10EC90000CF1010C0FFA8CF8731A08FB03220AEB33
:10ECA000420A01E04FF0000835B3007C000710D4A1
:10ECB0006069FCF71AF80146002008E02A5C802A07
:10ECC00002D9FF2201E035E000222A54401C88428C
:10ECD000F4DB6069BDF91420BDF916308688B0F9FF
:10ECE0000010B0F90200761A511A181A761C36B2C2
:10ECF000294406FB001500E0002678684288018858
:10ED0000504202B2494209B205A8FCF729F8DBF8E3
:10ED10000000C069D0B160680028207E0DD001A934
:10ED2000CDF80080534681E86100079A05A948465E
:10ED30000CF0A8FD09B0BDE8F08F8DE86100A36874
:10ED400005A9079A4846F8F741FAF3E7607E80B1D3
:10ED500061680029217E25D0CDF800805346CDE999
:10ED60000360CDE90115079A05A948460CF034FB6C
:10ED7000E0E760680028207E0BD001A9CDF8008074
:10ED8000534681E86100079A05A948460CF0E6FB66
:10ED9000D0E78DE86100A36805A9079A4846F8F70F
:10EDA00067F8C7E7CDE90260CDE90015A36805A9BA
:10EDB000079A4846F7F7B4FFBCE72DE9F0479046BD
:10EDC0001D460A9ADDE90809B5F90240B5F804C004
:10EDD000B2F90230B2F90070B5F9002003FB09F373
:10EDE00014FB08F6ACEB020C00EB43000CF1010C39
:10EDF0000FFA8CF301EB460100EB470601EB4207EB
:10EE00004FEA430A0AE052463146384604F052FBC4
:10EE1000641C24B207EB480706EB4906B5F9060067
:10EE2000A042F0DABDE8F0872DE9FF4F9FB00D4614
:10EE3000816814468346DDF8B0A01AA8FBF7F2FEFD
:10EE40001AA8FFF777F90F90288818B96888B0F5E5
:10EE5000807F01D0012100E0002106911C2113A830
:10EE600004F0EAFBEA7A4FF0000606994FF0020739
:10EE70000F988DF864200843287B00F00F008DF870
:10EE8000650011A813902BD1BAF1040F06D0BAF186
:10EE90000E0F0AD0BAF1140F20D021E0A87AF8B9E9
:10EEA000229813A9CDE9134012E0DBF8082021468F
:10EEB0006846EDF768FB00280DD022981496189448
:10EEC00016902889ADF854008DF85C7013944FE0CB
:10EED0005846FFF765FE23B0BDE8F08FA87A90B3DF
:10EEE000DBF808100888ADF844008988ADF84810B0
:10EEF0000A1ADBF80800521C418810B21090ADF8D5
:10EF00004610DBF80800C088ADF84A00401AA18816
:10EF10002688401CE2880FFA80F86388891B491C08
:10EF2000D01A401C09B20B9100B20E90EEF7C6F950
:10EF3000FEF7EEF8064611A8FBF7D7FEB042109890
:10EF400018D8464618E0FFE7A2882588E18863883C
:10EF5000521B521C2298C91A149012B21394491CC5
:10EF6000189409B28DF85C70520002FB01001690F3
:10EF700013A9ADE7B6FBF0F600FB06F94FEA49002E
:10EF800004F0FEF90990484604F0FAF90C90761E58
:10EF9000169011A8189002200896BAF1040F8DF867
:10EFA0005C0009981490BDF84610BDF94A0007901E
:10EFB00001EB0600ADF84A0005D1288818B9688829
:10EFC000B0F5807F01D0022000E001208DF85C00C8
:10EFD000C0E011A91CA8FBF725FE608821884042EB
:10EFE00002B2494209B21CA8FBF7BAFE069880B1EA
:10EFF0000C980999CDE9025ACDE904100B990E98A5
:10F00000229ACDE900010B9B1CA9584600F0EDFDAA
:10F010000DE00C990998CDE90301CDE9015A0B984F
:10F020000E9B2299024600901CA8F0F765FDA87A75
:10F0300002285AD92B89C0B29FB2FB0AC7F34516E2
:10F0400013FB00F307F01F0716FB00F617FB00F792
:10F0500063F30F0166F31F41039167F30F020592FB
:10F060000022C0F1FF013EE0099800EB4200019050
:10F070000088ADF80800BDF8083003989E46DF0A06
:10F0800086B217FB01664FEA104C0598C3F345138F
:10F090001FFA80F8BDF8000013FB01C70EF01F0334
:10F0A00006EBC61C13FB018307EBC7180CEBC63637
:10F0B00008EBC73CC6F3C45703EBC31808EBC333D4
:10F0C00067F3CF20CCF3C556C3F3C45366F34A109D
:10F0D000521C63F30400ADF8000080B20090019868
:10F0E000BDF8003003804A45BED30F98F8B1BDF992
:10F0F00046604FF002080C9F15E000BFBDF94410B8
:10F100003246109B3846FEF7D7FF10B1022804D0D4
:10F1100005E01099384604F08FFA8DF85C80761C73
:10F12000109836B20744BDF94A00B042E6DA13A996
:10F130005846FFF735FDBDF84A000899401CADF868
:10F140004600014408B20799ADF84A00884201DD43
:10F15000ADF84A10BDF94610079881427FF739AFE4
:10F160000C9804F059F9099804F056F9B3E6000038
:10F1700010B50C465821204604F05EFA10492C20A8
:10F1800061611049216110492163104921621049D0
:10F19000A161104961621049A1621049E162104900
:10F1A00061631049A1631049E1631049216410496A
:10F1B00061641049A16410496165E06410BD0000FC
:10F1C00029E801080DF9010887EB0108D1F30108CE
:10F1D00029EE0108E7F401088DF6010845F9010858
:10F1E000E9FB0108BBED0108D5F20108FDF10108BA
:10F1F0004FF20108CBF30108CDEB01082DE9F041F6
:10F2000017460C460646EEF759F80546F8070ED0A5
:10F21000A16A606921F0004104F00EFAA06A40F092
:10F220000041A1622868016941F0400107E0A06A3D
:10F2300020F00041A1622868016921F040010161CC
:10F2400060690834C6E90004B460BDE8F081FEB529
:10F25000054600680C4616460290009820F0E00033
:10F260000090686881880088081A0099401C60F343
:10F27000942100916868C1884088081A0099401C50
:10F2800060F35F510091A06A002801DA052100E0D7
:10F290000421009861F304000090206A2860E0696E
:10F2A0006860A069A860EEF709F800686B4694F8FA
:10F2B0002420016962F38611016104F108023146DC
:10F2C0002846FEF7ADF9284600F0AAFC684601F092
:10F2D000F8FCFEBD70B515460646D0070C4672D147
:10F2E000A80742D5A06A00F0004000F5C040A06227
:10F2F0002046FBF7FAFCA16A400021F0004282425E
:10F3000002D960F31E01A162A06A20F0004004F05F
:10F3100009F82146606168B9A06A00F0004000F574
:10F320004060A06220F0004003F0FCFF002821466E
:10F33000606146D0084661886668A36A0268826098
:10F3400023F00042E660E18123F000412689A08994
:10F35000801B401C00B292FBF0F200EB400391FBDB
:10F36000F3F02082521062822AE00846096862683F
:10F370008160E260FBF7B9FC0146A06A490061F3D5
:10F380001E00A06220F0004003F0CCFF6061A16A83
:10F3900021F0004104F050F9A06A05F0010561690F
:10F3A00065F3DF70A06269B104F10800C6E90010DE
:10F3B000B060EDF783FF0068016965F386110161B4
:10F3C000204670BDFFE70020FBE7486904F036B82F
:10F3D000F0B597B01C4607460868002315460E4650
:10F3E000224601A901F005F8F0B3BDF80C10002980
:10F3F0003FD0BDF80A20002A3BD0BDF80E002B8874
:10F40000184400B2ADF84C00336802446D88B3F87C
:10F4100008C05B89ACEB030CBDF8103065446D1A75
:10F42000EB1A1DB2ADF84E50BB68B3F900C062458F
:10F430001FDBB3F9042090421BDCB3F9020029441E
:10F44000814216DBB3F90600854212DC01982146A1
:10F4500000F0CBFF00280CD00199097B890708D167
:10F4600001AB314613AA00E005E000903846F3F7FF
:10F470007FF817B0F0BD202CFBD3A4F57840FF38FF
:10F48000F7D0A4F500500C38F3D06A88BDF81040CE
:10F490002888BDF80E302244BDF80C1012B2184472
:10F4A0008B1801B218B20090BDF80A00084403B2EC
:10F4B00014A8FBF763FC05A8FFF77CF902208DF880
:10F4C00017008DF83E0001218DF84A0014AA8DF82E
:10F4D0002E00B089ADF832003846ADF8341005A9D9
:10F4E0003B699847C5E72DE9F0470E46B1F9021090
:10F4F00096B01C460029154681467ED0307A0228F7
:10F500007BD9B5F90020B4F90000824205D1B5F9E4
:10F510000230B4F90270BB426FD0824200DA10466A
:10F5200001EBD171A0EB6100ADF84400B5F900002A
:10F53000B4F90010B6F90220884200DC084602EB5C
:10F54000D27100EB6100ADF84800B5F90210B4F9D2
:10F550000200B6F90220814200DA084602EBD271BD
:10F56000A0EB6100ADF84600B5F90210B4F9020055
:10F57000B6F90220814200DD084602EBD27100EBB1
:10F580006100ADF84A0011A9D9F808200846ECF747
:10F59000FAFF002876D0D9F808A011A9C9F80810F8
:10F5A000B5F90200B4F90210884206D123462A4672
:10F5B00031464846F3F734F90EE0B5F9000023462A
:10F5C000B4F900102A4688423146484602D1F3F782
:10F5D00099FB01E0F3F7E0F9707A010701D44007E5
:10F5E0004ED502A8FFF7E6F8308847F6FF71ADF870
:10F5F0000C00ADF80810307A00E043E08DF80B0005
:10F60000B6F90210727A41F3000052074FEA61071F
:10F6100000F1010818D528886A46C01BADF8000023
:10F620006888C01BADF802002888C119A1EB08004A
:10F63000ADF804006888C119A1EB0800ADF8060018
:10F6400002A94846FFF7A2F8707A000718D520886B
:10F650006A46C01BADF800006088C01BADF8020010
:10F660002088C119A1EB0800ADF804006088C11919
:10F67000A1EB0800ADF8060002A94846FFF786F89E
:10F68000C9F808A016B0BDE8F08700002DE9FF4FCB
:10F69000032B1F468BB016467ED3002E7CD0B800BD
:10F6A00003F06EFE05007BD07A1E316800242960CD
:10F6B000204615E006EB800136F92030B1F904C090
:10F6C000634505D1B1F90230B1F906C0634505D0F3
:10F6D00005EB84030968641CA4B21960401C80B265
:10F6E0009042E7DB06EB8700B6F9001030F9042CF6
:10F6F000914205D1B6F9021030F9022C914206D0A0
:10F7000005EB840150F8040C641CA4B20860032CBF
:10F7100043D37D4A0020D2E90012CDE9021227E04E
:10F7200035F92020BDF90810914200DB1146ADF8F3
:10F73000081005EB8003BDF90A20B3F902108A42D4
:10F7400000DA1146ADF80A1035F92010BDF90C2089
:10F750008A4200DD1146ADF80C10B3F90210BDF974
:10F760000E208A4200DD1146ADF80E10401C80B21A
:10F77000A042D5D30B9802A9826805A8ECF703FF35
:10F7800058B10B98002605A9806809900B988160F4
:10F790000120B5F9021011E002E0284603F03CFE1A
:10F7A0000FB0BDE8F08F00BF05EB8002B2F9022078
:10F7B0008A4201DA06B21146401C80B2A042F3D35D
:10F7C0002C2104FB01F003F0DBFDB24683464FF031
:10F7D0000008D1460490701E00D52044621E089295
:10F7E00009F10101914200DD002105EB860305EBE3
:10F7F000800235F8200035F821C005EB810735F887
:10F8000026105B885288401A7E88ACEB01070021E5
:10F810000791D21AF11A12FB07F211FB00F0824293
:10F8200067DA0120079001E00798E8B308980AF129
:10F830000106864200DD0026B9F1010700D5274404
:10F8400005EB860105EB8A02B1F90200B2F902204C
:10F85000904216DB12D035F9263035F92A108B424A
:10F860000CD04FF0010CCDE9000C5846FEF706FD18
:10F8700004995846FEF776FA0BF12C0BB24608F1C4
:10F880000108A04523D005EB870205EB8901B2F9F9
:10F890000200B1F90220904217DB13D035F927306E
:10F8A00035F929108B4200E023E00BD00026CDE98A
:10F8B00000065846FEF7E2FC04995846FEF752FA55
:10F8C0000BF12C0BB94608F10108A045ACD3DDE9DA
:10F8D0000B0102AAFEF75AFF0498FEF72DFF0498C9
:10F8E00003F09AFD284603F097FD0B99099888606C
:10F8F00056E7BAF1010600D52644089809F1010738
:10F9000087429DDD00279BE75420030870B514460D
:10F910000D460646F5F7FAFD224629463046F0F731
:10F92000F5FB224629463046F0F7C5FD224629461A
:10F930003046F0F7B0FE224629463046BDE870401A
:10F94000F4F7CABB2DE9FF4F97B00D464FF4803155
:10F950004FF00A0A269FDDF8A4B0B7F90000424232
:10F960000F927A88B1FBF2F10E91796812910F999A
:10F9700091FBFAF60A46714230B201EB810306F1BF
:10F98000010902EB43040BF09FF901900FFA89F093
:10F990000BF09AF95A36009030B20BF095F909F154
:10F9A0005A01804608B20BF08FF9019BC4F10A019D
:10F9B0000246002601FB03F001FB08F1009B02FB5D
:10F9C000041103FB040091FBFAF190FBFAF0CDE97E
:10F9D0000C0140110C9048110D90BDF94800000237
:10F9E0001090BDF94A0000021190A8882988EA8881
:10F9F000401A6B88401CD11A491C04B20FFA81FAD4
:10FA00004DE014A80090B5F9020013ABB5F9001051
:10FA1000821908A810F0C8FD16A80090B5F90200D8
:10FA200015ABB5F90410821908A810F0BDFDDDE989
:10FA30001420139B4FF00001DDF858C0012CA0EBFF
:10FA400003080846ACEB020C08DD601E4FEA0821F3
:10FA500091FBF0F14FEA0C2C9CFBF0F097F814C0EE
:10FA600002F1800803F180095FEACC721CD0DDE965
:10FA7000272C03ABCDF8009083E81110CDE901816C
:10FA8000CDE906B2DDE91901DDE92423EEF7DCFB5F
:10FA90002898761C36B200EB44002890A3445645C3
:10FAA000AFDB1BB0BDE8F08F279A042A50D0052A9F
:10FAB00012D0062A4CD0142AEAD1199A0792259B13
:10FAC0001A9ACDE9020128980692249A05900020FE
:10FAD000CDE90089049284E0199A844604928E4606
:10FAE0001A9A0392249A0292259A289801920090D9
:10FAF00000202AE00EFB00F10CFB00F209EB2121B3
:10FB000008EB222209124FEA222207D4039B9942D2
:10FB100004DA002A02DB029B9A4203DB00210BF885
:10FB2000001010E0019B02FB0312049902EB420259
:10FB300011444B780A7802EB0322009B23F8102033
:10FB40008A780BF80020401C00B2A042D2DB9FE76D
:10FB50001346289ACDE90210CDE906B3CDE9044257
:10FB6000CDE90098DDE91901DDE924230DF01AFB48
:10FB70008EE7039A0299DDF804C0424341430CEB3F
:10FB8000222C009A02EB21225FEA2C214FEA222E3E
:10FB900009D4069A914206DABEF1000F03DBDDF8C4
:10FBA00010C0E64503DB00210BF8001017E003FB53
:10FBB0000CF20EFB0318DDF81CC00CEB42090CEB39
:10FBC000480809EB010C059901EB40020EFB03C14B
:10FBD000B8F800C0A2F800C00A780BF80020401C5A
:10FBE00000B2A042C5DB53E770472DE9F04387B070
:10FBF0008946DDE91251DDE91076DDE90E8C70B140
:10FC0000C46A002C08D0CDF80080CDE904510396D9
:10FC10004946CDE901C7A04707B0BDE8F083FEE73C
:10FC2000416B002900D00847704710B501210446F8
:10FC300004F089FC4FF6FF706087606A012104F0D0
:10FC400040F800222046BDE81040202100F064BBAF
:10FC500070B50C464FF6FF72002014A16062C4E933
:10FC60000B10A06294F83C10E086208741F0300130
:10FC70006287A086C8B220F00F00083084F83C00EC
:10FC80004FF48061204604F01CF809A1204600F0E2
:10FC900099FA204605F050F901460C4804F04EFB55
:10FCA000054604F0BFFB65626C6270BDEF81B80071
:10FCB0004F7074696F6E20310A4F7074696F6E20D7
:10FCC000320A4F7074696F6E20330000F4580308D5
:10FCD0000146044810B504F031FB044604F0A2FBD1
:10FCE000204610BDD858030870B5486A00250C4658
:10FCF00010B104F089FC656294F83C00C00603D49E
:10FD0000206B03F09BFB256370BD000070B540487D
:10FD10000E4604F0E5FF012843D1304600F0B9FA61
:10FD20000546304600F0F3FA0E2D044614D00F2D90
:10FD300021D0102D1FD0082D21D02A2D23D0292DE0
:10FD400021D02C2D23D00D2D2CD0152D29D130468E
:10FD5000BDE87040F3F792BA05F0A4F800F022FF76
:10FD6000054601F0EFFE01F02EFF042819D17DBBFE
:10FD7000218F2046E186BDE87040FFF756BFBDE801
:10FD80007040EEF7B3BEBDE8704007F094B930465E
:10FD900000F0BBFA00210546204606F079F80089FC
:10FDA000688070BD304600F0B0FA0078132810D09B
:10FDB00012280ED0142817D0112815D01B28D7D000
:10FDC0000A28EED101F0CEFEA042EAD02046D6E7C6
:10FDD00019E0204600F058F8A8B1E08EA18E401C32
:10FDE0008842DED2214608E0204600F04DF850B1AE
:10FDF000E08E0028D5D0401E2146E0860846BDE8AA
:10FE000070400CF023B92046BDE8704000F098B86F
:10FE1000D8580308006B002800D101A070470000EB
:10FE200000000000C08E70472DE9F0410027044615
:10FE3000006B90460E463D4620B1E0F7A0FA024620
:10FE4000002008E00F70BDE8F081216B095C0A29F1
:10FE500000D16D1C401C904202D2218FA942F4D1E6
:10FE60000021A8F1010307E0B8F1000F01D0994289
:10FE700008D2401C7554491C904203D2256B2D5C5E
:10FE80000A2DF1D17754DEE710B5406A012106F062
:10FE900082F980F0010010BDF8B50F46084600F069
:10FEA000F8F91828054605D02448394604F018FF0B
:10FEB00001283AD1384600F02AFA446A082D06464D
:10FEC0000ED0012D17D0092D30D0182D2DD1384648
:10FED000F2F7C7FF39461948BDE8F84004F000BF03
:10FEE00001F030FE01F063FE00281ED13046BDE86F
:10FEF000F840FAF766B801F025FE050015D001F0CC
:10FF000062FE012804D0284601F05DFE03280CD1D2
:10FF10006946284601F02CFEBDF902102046F8F78C
:10FF2000B9F86087304606F0FBFBF8BD4FF6FF706E
:10FF300060873046BDE8F84006F0F2BBF45803088D
:10FF40002DE9F8430121044603F000FF204604F0A8
:10FF5000F3FF0146606A07F02AFC606A4FF0FF3148
:10FF600006F045FD606A012104F0B2FA0022204645
:10FF70001F2100F0D1F92046F8F7AEF9216B804639
:10FF800002F06DFF606A42F2D17107F056FE404602
:10FF900007F0CAFE606A06F0B5F80546204606F08E
:10FFA000B1F885420EDC94F83C0000F00F00042804
:10FFB00001D0082806D1204606F0A4F80146606A60
:10FFC00007F03BFE404604F072FF00210746606ADE
:10FFD00005F0E4FC00210546606A05F0A2FE461922
:10FFE000606A0021112205F0C6FEB91994F83C2080
:10FFF0002844084407B202F00F063D46082E02D0FE
:020000040802F0
:10000000042E1FD035E0FDF76BF8FDF7C7F8B4F903
:100010001A10294488422CDAFDF762F8FDF7BEF881
:10002000B4F91A200146B4F91600891A814201DA9E
:10003000042605E0FDF754F8FDF7B0F8618B401A8F
:10004000401E15E0B4F91600401B12D5FDF748F824
:10005000FDF7A4F8B4F91A20B4F91650801AA84292
:1000600007DD0826FDF73CF8FDF798F8618B401A8C
:1000700005B2BD4200DD3D46606A294607F062FBDD
:1000800020460BF0E3FF082E4FF0000006D0042EB0
:1000900009D0012E0CD0022E0FD015E000230090C5
:1000A000606A0D220DE000230090606A0A2208E0D9
:1000B00000230090606A102203E000900023606A31
:1000C0001322214603F0AFFE606A07F02DFE94F87C
:1000D0003C0000F00F00012801D0022818D1606A0E
:1000E00006F032F80646606A06F04AF80546FCF764
:1000F000F7FFFDF753F8A8420ADCFCF7F1FFFDF724
:100100004DF8281A301A401E01B2606A07F0C1FD8E
:10011000226B0021404604F0F7F8022808D04FF087
:10012000000303281A4601D0012104E0032102E064
:10013000002302211A4601B04046BDE8F04303F017
:1001400064BE2DE9F0410E00044603D00025A586CB
:10015000284606E0FEE70A2902D1A18E491CA186A5
:10016000401C315C0029F6D1A08E401CA086E5869B
:1001700030462587E0F703F90746206B7F1C30B136
:1001800094F83C10C90602D403F058F925633846A8
:1001900003F0C8F8206390B13146E0F712F994F803
:1001A0003C0020F01001204684F83C1006F0B8FA1C
:1001B000606A002804D0BDE8F04106F0B1BAFEE75D
:1001C000BDE8F08170B50E00044603D00025A58679
:1001D000294606E0FEE70A2802D1A08E401CA08630
:1001E000491C705C0028F6D1A08E94F83C1000F1F8
:1001F0000100A086E586CA06258704D4206B10B1CD
:1002000003F01CF92563204694F83C10266341F066
:10021000100184F83C10243406F082FA206800288B
:1002200003D0BDE8704006F07BBA70BD10B504463F
:10023000C08E88420FD0A08E884200D8411E626ACC
:10024000E186204621870AB10BF000FF2046BDE879
:10025000104006F065BA10BD10B50C464FF4806131
:10026000204604F035F90421204604F031F94FF41A
:100270000031204603F025FD0121204603F021FD39
:100280002046BDE8104001F0FFBE486A00224262ED
:100290007047007A20F08000704740687047017A0C
:1002A00015290BD0142909D0162907D0182905D0F3
:1002B000172903D0192901D0002070470069704721
:1002C000017A01291FD002291DD003291BD004293E
:1002D00019D0052917D0062915D0072913D00829C8
:1002E00011D009290FD00A290DD00B290BD00C29C8
:1002F00009D00D2907D00E2905D00F2903D01029C8
:1003000001D000207047006970470069704700689D
:100310007047C0687047000010B588B0C0B10023B6
:10032000009001908DF808100A4CCDE903329DF839
:10033000180020F007008DF81800606805906846E6
:10034000C4F804D0F6F7DAFB0599616008B010BD77
:100350000120FBE75C010020027A132A06D1006924
:10036000B0F900208A4200DD11460180704710B5C7
:1003700000F004F8BDE8104000F074BB0D48002107
:1003800010B502F087FD0C4C2080002008F05EFEC6
:100390006080042008F05AFEA080042008F056FE79
:1003A000E080042008F052FE2081042008F04EFE78
:1003B000608110BDED7401085C020020092910B5B0
:1003C00000D120210469F7F7D3FD002806D0618A07
:1003D0006268890B02EBC00001D0002010BD0068EC
:1003E0002168C0F31300084410BD08B142681047EB
:1003F000FEE72DE9F04707009A4690460C4613D0D9
:100400009CB14FF000093D464E46C4F8009053465B
:100410004246D5F800C021462846E04740B1A07BBF
:10042000C00603D425600EE0FEE7FEE706B92E46BF
:100430006D69002DEBD14EB13568534642462146D9
:100440003046A84726600120BDE8F087B8F1200FAC
:1004500020D3A8F57841FF391CD0A8F500510C39FC
:1004600018D0B7F9080000EBD0704008E080801C7D
:10047000A080C4F8009039892181A4F80A90A4F8DA
:100480000C90A07B20F00F00401C40F01000A073E7
:100490000020D9E74846A4F80690E9E72DE9F0479F
:1004A000092A9A460C46814649D00027D9F81050AF
:1004B0001146F7F75DFD061E3FD0E9684FF00008D2
:1004C00051B151464846F7F753FD020004D031467A
:1004D0004846F7F72BFE8046298A6868002F00EB14
:1004E000C60001FB08F103684FEA21124FEA1351DD
:1004F00002D000BF4FEA4101114401F108014FEA67
:100500001111A180417921810179E18090F90620C2
:10051000628190F90700A0816A8AA07B4FEA52228B
:1005200062F3030020F01000A07304D04FF6FF70B8
:1005300000EA4100E0804FF00100BDE8F0874FF095
:1005400001074FF02002B1E71FB540B113460A463C
:100550006946FFF74EFFBDF8040004B010BDFEE78A
:1005600070B504464068B0B1C268B2B12168904726
:1005700005466068408840B1A06830B1C06808B1E5
:1005800002F05CFFA06802F059FF0020206060606C
:10059000A060284670BD0B2070BD092070BD000012
:1005A00010B504460748ECF7C2FB08E0086800787D
:1005B000A04201D1086810BD0248ECF7CAFB010057
:1005C000F4D110BDAC83002010B50446DFF7D7FE90
:1005D00040B1215C2E2907D02F2903D05C2901D0FE
:1005E000401EF6D102A010BD2044401C10BD0000EA
:1005F0000000000010F8011F3A2900D1401C70478C
:100600002DE9F0410E00174605462BD03078FFF754
:10061000C7FF040028D0616809B1884730B3A068DB
:1006200030B33046FFF7E6FFA36801463A4620465E
:100630009847F8B1411C1DD0C5E90004608870B12D
:10064000102002F06FFEA860B0B1102102F0F4FF9C
:10065000AA684FF0FF3148001160A9684860002087
:10066000BDE8F0810B20FBE70320F9E70120F7E765
:100670000920F5E70C20F3E7FEE77CB51C004FF0FE
:10068000000500D02560436853B11B6953B1019543
:1006900045686B88002B01AB06D000F012F80BE028
:1006A0000B207CBD09207CBD0093134600680A46E0
:1006B0002E6901462846B047002CF4D001992160EC
:1006C0007CBD2DE9FC5F054614468B469946002704
:1006D000D5E901C0BCF802A0D0E90021D0E9026050
:1006E000B242804648D88E4246D2B01A80B28E1BA3
:1006F000AAEB0001B14200D20E46B44208EB000161
:1007000006D82246584602F0D5FEC9F8004067E0F8
:100710003246584602F0CEFE4FF00000019054459C
:1007200001A8009008D9D5E90010A31B0BEB060225
:100730000769B847074617E0D5E900105346424617
:100740000769B8470746A868A11B43680360AA6801
:10075000019881420344536000D20846414682B268
:100760000BEB060002F0A6FE01983044A04200D236
:100770000446C9F8004030E054450AD9CDF800904D
:100780002346DCF810605A4629686046B0470746A1
:1007900023E0B8F1000F06D1504602F0C3FDA9686E
:1007A000C860E0B1804653460021424601A8CDE929
:1007B0000001D5E900100769B847A96807460E602F
:1007C000A868019AB1189442416000D2224641467D
:1007D0005846C9F8002002F06DFE0FB106E0FEE7B2
:1007E000A868D9F800108268114481603846BDE8D5
:1007F000FC9FF8B545680446E5B1AE69E6B16B8883
:100800000020C3B3D2B1012A21D0022A11D120681D
:1008100013460A4601462846B047002809D1D4E9C4
:1008200000106A46C3699847002802D1A26800995F
:100830009160F8BD0B20F8BD0920F8BDA268916059
:100840000A46A3681D68A9420CD3596808E0A3684A
:100850009A680A449A60A1680B689A4202D3496870
:100860008A42EAD9D4E900100023846901B0A44681
:10087000BDE8F0406047FFE7206801B013460A4634
:1008800001462846B446BDE8F04060472DE9FC41EA
:100890000C468178154611FB04F109128A4202DCEC
:1008A0000088BDE8FC81017A00EB810212F8023C6D
:1008B00013FB04F31B129D4202DB32F8040CF0E739
:1008C00001235DE000EB8302927812FB04F2121226
:1008D000954253DC00EB830737F8040DADF80400B4
:1008E0000198FCF729F80646B888ADF8040001988D
:1008F000FCF722F8B978BA7911FB04F112FB04F382
:100900000A12D2EB23213DD0AB1A1DB2C2B2C5EB05
:10091000052C9CFBF1F1C0F30723C0F30747BDF89A
:100920000000F4B2C6F30725C6F30746C9B212FBAE
:1009300001F213FB01F317FB01F7C1F1FF0114FBF7
:10094000012216FB017415FB013302EBC21606EB04
:10095000C23603EBC31505EBC332B30E04EBC4116F
:10096000520E01EBC43163F30400890E62F34A10A6
:1009700061F3CF20ADF8000080B292E75B1CDBB2E0
:1009800099429FD8FEE74168002901DA02F056BD7E
:1009900070470000FEB50546407A16460C464007F3
:1009A0002FD0224F387820B9002000F043F80120E2
:1009B0003870687A00F00700022818D04FEA060065
:1009C0006A4680EA6400684002900020009018485F
:1009D00002A9F8F749FF01280BD0324621462846E4
:1009E000EDF7B2F9002800900BD0002418E0204663
:1009F000E6E700980422416802EBB1714FEAB101C9
:100A00004160FEBD22462846FFF740FF0099019055
:100A1000BDF80400896801EB4401641C24B208801D
:100A20000098B0F90E10A142ECDCFEBD9001002050
:100A30008D72010870B5094C0546206802F0FEFC75
:100A4000284602F06FFC064E2060B06020B12946B7
:100A500002F0F2FD756070BDFEE70000EC010020C1
:100A6000900100201748002110B502F013FA164C2F
:100A70002080042008F0EAFA6080042008F0E6FAFA
:100A8000E080042008F0E2FAA080042008F0DEFAFA
:100A90002081042008F0DAFA6082042008F0D6FAF7
:100AA0002082042008F0D2FAA081042008F0CEFAB7
:100AB0006081042008F0CAFAE081042008F0C6FA38
:100AC000A08210BDED8A01086802002070B5060002
:100AD0000C4633D0084600F087F83046ECF727F98B
:100AE00005E00868A04229D03046ECF732F9010051
:100AF000F7D1204604F0D6F940B1A168896829B140
:100B0000C9680968A14201D100F059F8A06810B97C
:100B1000204603F0F7FAA06886603046ECF77BF9D0
:100B200005000AD030462C60ECF701F9A84205D147
:100B30003046BDE8704000F042B8FEE770BD0000EE
:100B400010B5084A04460849F6F736FE6269002ADD
:100B500006D0002804D12046BDE8104001211047EE
:100B600010BD000053CD00082FCD000810B5084A75
:100B700004460849F6F720FE6269002A06D00028DC
:100B800004D12046BDE810400021104710BD0000F0
:100B90005BCD000861CD0008014800687047000087
:100BA00064010020002802D0007FC0F3400070479D
:100BB000002803D0C068002800D00068704770B5D6
:100BC0000446007F40F00801C0F3C00521774807C4
:100BD000204602D4FFF7B4FF01E0FFF7C7FF207FF4
:100BE00065F3C300207770BD2DE9F041064604F09F
:100BF00059F904003DD0E068002740B30068B042D6
:100C000020D1207FC10702D020F0010020772046AC
:100C1000ECF78DF8E16888420FD12046ECF7A0F898
:100C2000E168884209D12046F7F758FA0246E068A1
:100C30000F210068FFF770FB02E02046FFF7BFFFBF
:100C4000E06820B1E0680068B04200D1E76020466B
:100C5000ECF76DF811E028682946B04220460AD129
:100C6000ECF700F9284602F0E9FBB068002800D054
:100C70008760BDE8F081ECF76CF80500EBD1F8E790
:100C800070B504001CD0207FC0F340028A4217D008
:100C900061F3410020772046FFF78AFF05000FD05F
:100CA0002046F7F71BFA0246E0680E210068FFF7BE
:100CB00033FB012804D12846BDE8704005F030BD63
:100CC00070BD7047014600200F290AD2DFE801F00D
:100CD00009090909080A080C0E10120C0E1012005E
:100CE000102070471820704701207047022070477D
:100CF0000420704708207047811E00200D2909D26A
:100D0000DFE801F0070808070807070707070707D4
:100D1000070001207047032801464FF0000001D072
:100D2000062900D10120704770B591F838000025E0
:100D30004D620C4620F07C0040F0030081F8380042
:100D4000084605F0DFF9A085204604F0B0F894F8D5
:100D500038204FF48071E0852046258642F08002DD
:100D6000E186022184F83820258565856586A5867B
:100D700084F8395003F0ACFB2046BDE870404FF4D6
:100D8000803102F09EBF00000146044810B503F018
:100D9000D5FA044603F046FB204610BD105903085F
:100DA00070B54C6A0D46002C12D0287C012802D167
:100DB0002046FFF7D5FBE06808B102F03FFB206951
:100DC00008B102F03BFB204602F038FB00206862CD
:100DD00070BD00007FB514460D46084600F0A0FE29
:100DE00020B1012817D0022839D035E02A6802F056
:100DF0001F00001F11282FD22168900A60F3942150
:100E000021602868400D60F35F512160287860F30D
:100E1000040121602FE02846FFF7D6FB17A1DFF77A
:100E2000B5FAC8B9022229466846FFF7E9FB68B956
:100E30000422214603AB6846FFF71FFC05466846BF
:100E4000FFF78EFB45B90398042805D1207800F000
:100E50001F00001F11280ED3002004B070BD2068B1
:100E6000012161F39420C0F3140000F5001020F07C
:100E70001F000B3020600120EFE7000062696E0068
:100E80002DE9FF4F804692465AA00F4687B05AA2DE
:100E900003685AA104930020126805921EC98DE8C8
:100EA0001E00B8F808108AB2D1B2120A08E000BFDA
:100EB000149C00EB40031D19401CE15400B26A7001
:100EC0000A9B9842F4DB98F814004FF0000900F0F8
:100ED0001F00FFF7F7FE8346D8F814000121002514
:100EE00001FA0BF1491E2C4600F01F022E4689B272
:100EF00006910B2A06D00C2A13D00D2A1ED00E2ADA
:100F000030D12BE0C0F38A20C01D04EBE702C508F6
:100F100007F0070315FB0A240DF11009C3F10706BA
:100F200020E0C0F38A210622C91C07F003038D08C4
:100F300005A804EBA704A2EB43060BE0C0F38A214B
:100F400068460422491C07F001034D0804EB6704BE
:100F5000A2EB8306814615FB0A4403E0C0F38A2511
:100F600015FB0A74D8F82470284602F009FA5FEAE3
:100F7000000A14D098F81000A8B100223846211DAC
:100F8000FFF737FC00232A4651463846FFF775FB2A
:100F90004FEA0A01CBF10802002053B222E0002000
:100FA0000BB0BDE8F08FD8F8040080680119F1E7B4
:100FB0000A7898F8144004F01F05069CF24022407D
:100FC0000E2D01D019F80220A6EB0B0466B2149C7A
:100FD00000EB40052C44002EA27001DA491C1E468D
:100FE000401C00B20A9A9042E2DB504602F014FA2A
:100FF0000120D5E700FF00000055AAFF00112233B1
:10100000445566778899AABBCCDDEEFF2DE9FF4FEA
:101010008046007D81B0914600F01F000E46FFF72C
:1010200051FE8246D8F814000121002501FA0AF188
:10103000491E2F4600F01F022C461FFA81FB072A8B
:1010400006D0082A12D0092A1FD00A2A32D12BE052
:10105000C0F38A20C01D04EBE601C50806F00702B4
:1010600015FB0914C2F10707083423E0C0F38A20F6
:10107000C01C04EBA6018508062315FB091406F025
:1010800003021034A3EB420714E0C0F38A20401C93
:1010900004EB66014508042315FB091406F0010260
:1010A0004034A3EB820705E0C0F38A2515FB0964F1
:1010B00004F58064D8F82490284602F061F9061EF1
:1010C00044D098F8100068B100224846211DFFF76F
:1010D00090FB00232A4631464846FFF7CEFA3146B8
:1010E00000202CE0D8F8040080680119F8E70A789D
:1010F000A7EB0A0CD9F80C5000EB40030E9CFA4009
:1011000002EA0B024FFA8CF7DDF838C005EB420516
:101110001C44002F2D88ADF800500CF80350BDF88A
:1011200000304FEA13236370D9F810309A5CA27034
:1011300003DACAF10802491C57B2401C00B2049AF3
:101140009042D4DB304602F067F9012005B0BDE8DB
:10115000F08F00002DE9FE430646087C0C4601286E
:1011600001D028B328E06068FFF72EFA6CA1DFF702
:101170000DF900285CD1616802226846FFF740FA49
:101180000028F7D1606A38B9142002F0CBF8606209
:1011900068B1142102F050FAD4F824000C226946F8
:1011A000521E11F8013B00F8013BF9D104E0FEE7C3
:1011B0006068806800286ED0616901F01F000E2809
:1011C00016D0142814D004283BD0052839D006287E
:1011D00037D0072839D0082837D0092835D00A2831
:1011E00033D00B2828D00C2826D00D2824D091E00D
:1011F000227CF2B1C1F38A22490D142812FB01F0BE
:101200001BD001264643304602F08CF805000FD073
:10121000676A002204213846FFF7EBFA00233246C2
:1012200029463846FFF729FA48B1284602F006F960
:1012300074E060688068A06169E00326E2E7A56168
:1012400065E0207C0028F4D061E0FFF73BFD01273A
:10125000616A874039B9142002F064F86062B8B15D
:10126000142102F0E9F9656A780002F05BF8E860A1
:1012700078B1384602F056F8286158B1E86878B37A
:10128000207C012808D060680024D0F808803CE069
:10129000FEE7FEE7FEE73BE0002228460421FFF7D9
:1012A000A8FA002419E00023694604222846FFF723
:1012B000E4F99DF800209DF801109DF80200FBF76D
:1012C00083FA0190E968BDF8040001EB440108804D
:1012D00029699DF803000855641CBC42E3D316E05D
:1012E00018E000BF08EB840618F824207178B07865
:1012F000FBF76AFA0090E968BDF8000001EB4401D1
:1013000008802969F0780855641CBC42EAD30120A2
:10131000BDE8FE8321463046FFF742FD0020F7E797
:1013200062696E002DE9F84F087D1D4616460C4691
:10133000DDE90A32002100F01F00042816D005283C
:1013400014D0062812D00B283CD00C283AD00D28F7
:1013500038D00E2836D007283BD0082839D00928A5
:1013600037D00A2835D00020BDE8F88F277C012F20
:1013700036D1D4F824A098469146FFF7A3FC07463F
:1013800060690022C0F38A2015FB00607843C11019
:101390005046091DFFF72DFA4FF0000100BBFC0875
:1013A0000D466B46504604FB08F400914946224620
:1013B000FFF763F910B90098844201D029460FE085
:1013C00001210DE03146204600922A46FFF758FDE4
:1013D00005E03146204600922A46FFF717FE0146F7
:1013E0000846C1E710B50446006800280BD0C26863
:1013F0000AB121469047207C012804D1606802F0A0
:101400001DF80020606010BD054810B5EBF7B4FC76
:10141000040004D0142102F00FF9204610BDFEE7AD
:10142000D08300202DE9F0410F46054604213846BF
:1014300002F002F925B1284600F072FB18B105E070
:101440000020BDE8F081A8680028FAD00A480026EC
:10145000EBF76DFC0BE023682BB13A462946984721
:101460000128064605D004482146EBF772FC04002B
:10147000F1D13046E5E70000D08300202DE9FF419F
:101480001D460E462821044602F0D6F8AEB130467D
:1014900000F046FB08B9B16879B1BDF80810012821
:1014A0002181E56020740CD0666000272148EBF7AD
:1014B0003EFC04F11408054631E0002004B0BDE80C
:1014C000F0813046DEF75BFF401C01F02BFF6060CF
:1014D00018B13146DEF775FFE7E7FEE72B68CBB1C1
:1014E0006868B8B142463146284698470128074601
:1014F00010D1256021466A68284690470128074692
:10150000DCD00421404602F097F800202062A06160
:101510006062E06129460748EBF71BFC0546002D99
:10152000DCD1207C012802D1606801F087FF3846B9
:10153000C4E70000D08300202DE9FC4105680E4679
:101540000021089FAC683CB1CDE900371346014645
:1015500032462846A04701460846BDE8FC8110B542
:1015600091F838000C4600F00300012801D0022851
:1015700009D154F8240F01F061FF217D0020206083
:1015800041F00301217510BD2DE9FF410F460846CA
:10159000FEF77FFE1528054607D0182D05D07548A3
:1015A000394603F09DFB012869D13846FEF7AFFEAE
:1015B0002A2D044613D0132D4FF4807621D0112DFF
:1015C0005FD02C2D7ED0152D03D0182D01D0122DDB
:1015D00055D104B03846BDE8F041F0F7E7B994F8CA
:1015E000380000F003000228204604D004B0BDE813
:1015F000F04105F034BD616A04B0BDE8F04100F08F
:1016000069B93846FEF781FE0546208E10B9E08E96
:10161000B04234D0204604F075FD0646204603F063
:1016200046FC04F132010746E08E3A46CDE900015E
:10163000B4F9303002A83146EBF7FCF9BDF90800E7
:10164000B5F900104042814200DD084600B2288012
:10165000BDF90A104942884200DC084600B22880E1
:10166000BDF90C10891B884200DC084600B22880B6
:10167000BDF90E10C91B884200DC08462880BDE871
:10168000FF813846FEF741FE0546204604F03AFD4C
:10169000B4F92C1088424DD1204603F008FC0146D5
:1016A000B4F92E00814245D1E18EB14213D1218E91
:1016B00089B9B4F92C10B4F9322001EBD171B2EB35
:1016C000610F00E041E006D1B4F9341000EBD070B6
:1016D000B1EB600F2ED0204604F014FD06462046E4
:1016E00003F0E5FB04F132010246E08ECDE9000192
:1016F000B4F9303002A83146EBF79CF9BDF8080088
:101700000022A18A0844ADF80800BDF80A00E18A69
:101710000844ADF80A00BDF80C00A18A0844ADF8F1
:101720000C00E18ABDF80E000844ADF80E002968EF
:1017300002A806E06946204603F0FFFA2968002265
:101740006846EBF709F8287199E73846FEF7DDFDA2
:10175000054694F8390000F00300012804D0A08D5C
:101760002880E08D68808AE7204600F005F8286030
:1017700085E70000105903081FB500F13202C18E41
:10178000CDE90012B0F93030B0F92E20B0F92C10AC
:1017900002A8EBF74FF9BDF80C00BDF80810BDF832
:1017A0000A20411A2046491C61F30F00BDF80E10B3
:1017B00004B0891A491C61F31F4010BD2DE9FF4197
:1017C0000C4605464FF4616003E000BFA4F5616478
:1017D00024B28442FADA02E004F5616424B2002CF7
:1017E000FADB288EA04267D0284606F09DFA2846EC
:1017F00004F088FC8046284603F059FB05F13206C8
:101800000746E88E3A464146CDE90006B5F9303044
:1018100002A8EBF70FF9BDF80810A88A0844ADF844
:101820000800BDF80A10E88A0844ADF80A00BDF8BF
:101830000C10A88A0844ADF80C00BDF80E10E88A18
:101840000844ADF80E0002A9284604F08CFF284693
:101850002C8603F0F9FA00210446FBF729FC284600
:1018600005F0FDFB01212046FBF722FCE88E3A46FD
:10187000CDE90006B5F9303002A84146EBF7DAF8B9
:10188000BDF80800A98A0844ADF80800BDF80A00B0
:10189000E98A0844ADF80A00BDF80C00A98A08449A
:1018A000ADF80C00BDF80E00E98A0844ADF80E0052
:1018B00002A9284604F057FFBDE8FF8190F83820C0
:1018C000B1EBD21F05D061F3C71280F8382004F0C5
:1018D00027BF70472DE9F04385B08846044604F0E1
:1018E0001FFF404600F01CF9032805464FF0000991
:1018F00009D004A94046FFF795FDD5B1012D26D0AA
:10190000022D24D06AE094F8380000F00300022889
:1019100001D0012802D1606A01F090FD94F83810DE
:10192000C4F8249041F0030184F8381005B0BDE8F4
:10193000F08394F8380000F00300012801D0022859
:1019400002D1606A01F07AFDC4F8248046E0606A42
:10195000404519D094F83810002601F00301012900
:1019600001D0022900D106464046DEF708FD401CA2
:1019700001F0D8FC07000AD04146DEF722FD67627D
:1019800016B1304601F05AFD022D01D026E0FEE7E7
:1019900000212046572204F0EEF900210646582285
:1019A000204604F0E8F907B220460021592204F04D
:1019B000E2F900B241F6FF728DE8050203A83B464A
:1019C0003246414609F04AFABDF80C200498BDF8A9
:1019D0000E1062F3942061F35F50049094F8380085
:1019E00065F3010084F83800049894F83820C0F3B7
:1019F0008A21A185430DE38560F3860284F83820AF
:101A00004D086586860D2046A68605F054FB208E7F
:101A100018B9E08EB0F5807F02D0204605F01FFB9C
:101A2000204604F07DFE81E72DE9FF410446C08E8B
:101A30000D46A84272D005B90125204606F074F97A
:101A4000204604F05FFB8046204603F030FA07464C
:101A5000E08E04F132063A464146000ACDE900061E
:101A6000B4F9303002A8EAF7E5FFBDF80810A08A03
:101A70000844401EADF80800BDF80A10E08A08448A
:101A8000BDF80C10401EADF80A00A08A0844401CA6
:101A9000ADF80C00BDF80E10E08A0844401CADF80B
:101AA0000E0002A9204604F05EFE2046E58603F003
:101AB000CBF900210546FBF7FBFA204605F0CFFAEB
:101AC00001212846FBF7F4FAE08E3A46CDE90006FC
:101AD000B4F9303002A84146EAF7ACFFBDF808007F
:101AE000A18A0844401EADF80800BDF80A00E18A4A
:101AF0000844401EADF80A00BDF80C00A18A084455
:101B0000401CADF80C00BDF80E00E18A0844401CF2
:101B1000ADF80E0002A9204604F025FEBDE8FF81C5
:101B20004FF0030130B10078A0F120015F2903D804
:101B30000120704708467047802801D30220704773
:101B4000002070470148806870470000680100204D
:101B500018B101460248EBF7FCB80148EBF7E7B8CB
:101B6000A083002001484068704700006801002001
:101B700038B102681278012A05D0032A03D04FF049
:101B8000FF30088002E002890A804089488070475F
:101B9000002806D001680978012903D0032901D063
:101BA0000020704790F8440000F00F0070470028B4
:101BB00006D001680978012903D0032901D000204B
:101BC0007047006B7047002801D0006800787047AC
:101BD00000220A8000284A8009D002681278012A6F
:101BE00001D0032A03D1028B0A80408B48807047C2
:101BF00070B5224E0C464FF00005E8B1417941F036
:101C000002014171B168814200D1756001680978B3
:101C1000012901D002290ED114B1416BA14201D199
:101C2000456314B1816AA14201D1856214B1C16AD0
:101C3000A14200D1C56270BD002018E0417941F099
:101C40000201417101680978012901D002290ED1F0
:101C500014B1416BA14201D1456314B1816AA14223
:101C600001D1856214B1C16AA14200D1C562FFF7FA
:101C70006FFF0028E2D1756070BD00006801002090
:101C800010B50446407920F00100607108F0C2FDF3
:101C9000E06408F0BFFDA06410BD0000002810B58E
:101CA00004D0032906D00C2901D0002010BDB0F9C2
:101CB000261001E0B0F92410026800206423527E4F
:101CC000C2F1640207E000BF12FB01F4084494FB78
:101CD000F3F100B209B20029F6D110BD002803D0FB
:101CE000417941F0080141717047000010B5144C72
:101CF0002078002821D101F0B7FBEBF70DFBEAF7C4
:101D00008DFEEAF779FBEAF78FFEFBF7D5FCEBF7E0
:101D1000D7F90C484FF4B471EBF726F80A485C2168
:101D2000EBF722F8EBF7D0FAEAF764FF442011282A
:101D300004D0FEF71CFB0120207010BDFEE7000060
:101D40007401002094830020A083002010B50C466D
:101D50000421204602F0BCFB0020A06384F83C0074
:101D600005210346024684F83D00204602F04DF866
:101D7000074900231C22204601F054FF0022204680
:101D8000114605F0B8FE2046BDE8104000F03CB911
:101D9000951D020870B5FEF7BAFA0446F9F70CFD76
:101DA000A0F57F41FF397BD02046F9F705FD0146BC
:101DB0002046F9F7D7FC050072D069A1DEF7E6FAF4
:101DC000684E002846D068A12846DEF7DFFA0028D2
:101DD00046D066A12846DEF7D9FA002846D064A18D
:101DE0002846DEF7D3FA00284CD062A12846DEF759
:101DF000CDFA002846D060A12846DEF7C7FA0028B1
:101E000053D0A06B00284BD05CA12846DEF7BEFA69
:101E100000285AD05BA12846DEF7B8FAF0B35AA1E1
:101E20002846DEF7B3FAD0B358A12846DEF7AEFA5B
:101E3000B8B357A12846DEF7A9FA98B355A12846AA
:101E4000DEF7A4FA0028A06B59D02946BDE87040FF
:101E500008F0C0B8002184F83C10316820460AE040
:101E6000012184F83C107168204604E0022184F8C6
:101E70003C10B1682046F9F707FD2046BDE87040E8
:101E800000F08AB8002220462021FEF745FA0128FA
:101E900065D1A06B002862D0002204E015E01FE0AD
:101EA0005DE022E026E020210BE0002220461F21F9
:101EB000FEF732FA012852D1A06B00284FD0002241
:101EC0001F21BDE87040FEF727BAA06B0A2107F07A
:101ED000FFFFA06B08F0AAFA002840D0A06BEEE745
:101EE000A06BBDE8704008F078B9A06BBDE8704009
:101EF00008F07AB9A06BBDE8704008F0A3B908F00B
:101F000093FA85B2A06B08F0AFFA00782D280FD0B5
:101F10002B28A06B16D0002108F0B6FAA06B2D215B
:101F200007F0D6FFA06B691CBDE8704008F0ACBAA2
:101F3000A06B012108F0A8FAA06B08F083F9A06B50
:101F40002B2107E0012108F09FFAA06B08F07AF935
:101F5000A06B2D2107F0BCFFA06B2946E4E770BD04
:101F600061626300FC020020414243003123000013
:101F7000EF808D00EF849C00EF808C00456E7465CF
:101F800072000000EFA2A200EF819300EF819400A5
:101F9000EF959A002B2F2D002DE9F04104460746BE
:101FA00090F83D00174EC00708D094F83C0056F852
:101FB00020103846BDE8F041F9F759BC208E4000AA
:101FC00001F0B0F997F83C100546208E420056F813
:101FD0002110284601F06EFA002007E035F81020A5
:101FE000411C22F4806225F8102088B2218E8142A3
:101FF000F4D829462046F9F73AFC2846BDE8F041D6
:1020000001F01CBA2003002010B50749044690F8DF
:102010003C0051F820102046F9F736FC2046BDE878
:102020001040FFF7B9BF0000FC02002010B50C46BD
:1020300091F848300020411EE16223F018036062ED
:102040000A0CA4F8440003F0F803A4F84600216346
:1020500003F0BF01A063E26360632264A0622046D4
:1020600084F84810022102F033FA0021204600F0E3
:1020700055FE2046BDE8104001A100F08BBE0000D7
:1020800054657874000000000146044810B502F061
:1020900055F9044602F0C6F9204610BD2C59030834
:1020A00010B508460C4600F00AF894F848000007FE
:1020B00002D4606A01F0C2F90020606210BD10B560
:1020C000044690F84800400603D5A06A08B101F024
:1020D000B5F994F848000021A16220F0400084F88E
:1020E000480010BD2DE9FF473F480E4602F0F8FDBD
:1020F000012876D13046FEF7CCF804463046FEF78C
:1021000006F92A2C05461CD0132C0BD0292C18D0EC
:102110002C2C1ED0152C64D104B03046BDE8F047FD
:10212000F1F7D3B9002103F0B6FEB0F9080004B00E
:10213000C11700EB917081103046BDE8F047FEF703
:102140000BB900F0B9FD04B02846BDE8F04700F037
:1021500051BB002103F09FFE00218146284603F079
:10216000ACFE00218046284603F0BFFE074695F8E6
:1021700048000024C10600D50124800601D544F0A2
:102180000204284602F040FE0021284603F0E3FE48
:10219000A0F51C51D13905D1688C000502D441F657
:1021A000FF7002E0284602F02FFE00974346CDE97B
:1021B0000104696A03A84A4608F050FE3046FEF75B
:1021C000A4F8B0F90020BDF90C108A4200DD1146D8
:1021D0000180B0F90220BDF90E108A4200DD1146DF
:1021E0004180BDE8FF8700002C5903082DE9F04F1E
:1021F0000D0080468BB059D00021122203F0BBFDA8
:1022000029881022081A002160F30F04404603F0C9
:10221000B2FD6988081A08A960F31F444046A14628
:1022200002F0AAFDBDF824000025BDF820102C46C0
:10223000D8F82470401A2946401C00B20590404648
:1022400003F029FE00210290404603F04EFE0021DB
:102250000090404603F031FE0390AB4602985E4684
:1022600098F84810B0F908000790C80600D5012674
:10227000880601D546F002064046002103F06BFEB9
:10228000A0F51C51D13905D1B8F82200000501D4C0
:1022900046F00406D8F824200021404602F034F825
:1022A000079A8246009902EB010821E0FEE7002030
:1022B000CDE90006059B7819DDE90212EBF772F80B
:1022C000079A4FEA294104445A4491420BDC444A9C
:1022D000694600943846126890470A280BD0385D4A
:1022E00048B9641C07E008EB0B0025460FFA80FB99
:1022F000785D0028DBD1BAF1020F4FF0000807EB40
:10230000050B03D0BAF1030F16D025E0611B584628
:10231000DDE90223009608F0FFFDBDF8241000EB74
:10232000D073BDF82020881A401C00B200EBD0709A
:102330004010A0EB63000DE0611B5846DDE902236D
:10234000009608F0E9FDBDF82410BDF82020891A98
:10235000491C081A0FFA80F800208DF818008246F0
:1023600004903CBB2AE004AB6A4601A95846EBF74F
:1023700001F8F00706D0049906A81BF80110EBF746
:10238000BBF8B8B9009ADDE90110FEF7DDF800B23C
:102390000FFA89F2404482421EDB04994A19A24294
:1023A0001AD00AEB0502BA5CB2B18A460399084416
:1023B0000FFA80F804982844A042D4D3094C584618
:1023C0000499226890472268064629463846904775
:1023D0000BB03044BDE8F08FCDF810A0EEE7000060
:1023E00030020020340200202DE9F74F5FEA020995
:1023F00080468AB066D0D8F8245047460021384637
:102400002A4601F081FF8346287800285BD007A97F
:10241000404602F0B1FCBDF820000024BDF81C10BD
:102420002646401A2146401C00B20490404603F064
:1024300032FD00210390404603F057FD0021069035
:10244000404603F03AFD0290A246039897F84810E0
:102450005746B0F908000590C80600D50127880640
:1024600001D547F002074046002103F074FDA0F5B6
:102470001C51D13905D1B8F82200000501D447F02C
:1024800004074C4A0B992846126890478046A85D7D
:10249000B0B3DDE90510084409900020049BCDE9A4
:1024A00000072819DDE90221EAF77CFF0644B04560
:1024B00027D3A85D20B30999344601EB0A000FFA2F
:1024C00080FAEAE7FEE700205A46BBF1010FA9F8BF
:1024D000020007D0022A0AD0BBF1030F04D1404604
:1024E00002F092FCA9F800000DB0BDE8F08F404664
:1024F00002F08AFC00EBD0704110A9F80010F3E75D
:10250000FFE7B8F1000F12D005EB080010F8010C3E
:102510000A2801D00D280AD115F8080038B9DDE9DC
:1025200005014446014401EB0A000FFA80FA039AC0
:102530002819A8EB0401CDE90070DDE9010308F0DA
:10254000EBFC0B990546A14202D00298284405B243
:10255000BBF1020F03D0BBF1030F16D025E00097AB
:10256000311B039ADDE9010308F0D6FCBDF82020F9
:1025700000EBD071BDF81C30D01A401C00B200EB4B
:10258000D0704010A0EB61000DE00097311B039A62
:10259000DDE9010308F0C0FCBDF82010BDF81C20E7
:1025A000891A491C081A284405B2A9F80050A9F84C
:1025B00002A099E72802002090F84800C0F300101C
:1025C0007047406A7047006C7047C06B70470000EE
:1025D0002DE9F04117000D46044627D094F8480035
:1025E000000725D4204604F09BF8606ADDF7C7FE9B
:1025F00006463846DDF7C3FE8119606A491C00F0C3
:1026000041FF606298B1A5F57F41FF3903D10949C7
:10261000096888470546606A3A462946EAF742FF54
:102620002046BDE8F041002100F0B4BBFEE7FEE724
:10263000BDE8F081380200202DE9F04F5FEA010A81
:10264000804695B05FD008A9404602F095FBBDF8E2
:1026500024000024BDF820104646D8F824702546F2
:10266000401A2146401C00B20B90304603F013FC88
:1026700000210390404603F038FC002100904046C2
:1026800003F01BFC029000210398B0F908000790AA
:102690004046726A01F038FE834696F84800A1462B
:1026A0004E46C10600D50126800601D546F0020639
:1026B0004046002103F04FFCA0F51C52D13A05D151
:1026C000B8F82210090501D446F00406079A0099CB
:1026D00002EB0108385DB8B10020CDE900060B9B84
:1026E0003819DDE90221EAF75DFE079A0544BAF9D7
:1026F000023009EB02018B4206DD08EB09002C4693
:102700000FFA80F9E6E7FEE74FF00008BBF1020F91
:10271000C14603D0BBF1030F16D025E0291B00965C
:102720003819DDE9023208F0F7FBBDF8241000EBA0
:10273000D073BDF82020881A401C00B200EBD07086
:102740004010A0EB63000DE0291B00963819DDE96D
:10275000023208F0E1FBBDF82410BDF82020891AF0
:10276000491C081A0FFA80F8049400208DF84400E0
:102770000D900F9005B36D1E0498A8421CD804ABB1
:1027800038460FAA0DA9EAF7F5FDF00706D0049820
:10279000395C11A8EAF7B0FE0028EDD10F9AC146C6
:1027A0000D990398FDF7D0FEBAF9001000EB08026E
:1027B00010B2814215DA04940F9A0D990398FDF72F
:1027C000C3FE029ABAF900101044401CA9EB0202A1
:1027D00091420CDB4844814209DC012015B0BDE880
:1027E000F08F0299049C08440FFA80F8C4E7002097
:1027F000F4E700002DE9F04F0446406A99B0002844
:102800007ED003A94FF0FF392046C4F8309002F083
:10281000B3FABDF81000BDF80C10401A401C0FFAB6
:1028200080F82046002103F036FB002105462046B3
:1028300003F05BFB00210746204603F03EFB824687
:1028400094F848000026C10600D50126800601D56F
:1028500046F002062046002103F07DFBA0F51C5146
:10286000D13904D1608C000501D446F004060097EC
:1028700006A853462A46CDE90186616A08F0EEFAB9
:10288000204604F018FC94F848004FF6FF7B4FF008
:10289000000800F00700022804D003287ED0012899
:1028A0007DD0F5E10021204603F00AF80604360C3D
:1028B00008D1204602F0C8FAFAF718FC032190FB71
:1028C000F1F086B207A8F7F705FC4FF4967007946D
:1028D000ADF85CB0002714901690BDF81000BDF85C
:1028E0000C10BDF91820401A401C00B2904233DA97
:1028F00000210F91801ACDE91010E848014600E050
:10290000C9E108902046F7F7C7FB39460A4620B1CF
:1029100090F84220016BC2F34002129888420FDD0A
:102920009DF85E00139120F001008DF85E003AB131
:1029300040F002008DF85E0011990F980F911190F0
:102940003046119A0F99F7F72CFC1290159007A8B2
:10295000F7F734FC012705E0D0492046F7F76CFB78
:10296000A4F84480BDF81200BDF80E10BDF91A207D
:10297000401A401C00B290427EDA002F7CD1821AAD
:10298000B5F9080000210F91101ACDE91010C448C4
:10299000089001462046F7F77FFB01E023E0C4E002
:1029A00039460A4620B190F84220016BC2F340023A
:1029B000129888420FDD9DF85E00139120F001000F
:1029C0008DF85E003AB140F002008DF85E0011997A
:1029D0000F980F9111903046119A0F99F7F7E1FB7C
:1029E000129015909DE000212046642203F0C3F967
:1029F00000210646204602F063FF07043F0C08D181
:102A0000204602F021FAFAF771FB032190FBF1F066
:102A100087B207A8F7F75EFBADF85CB04FF000098E
:102A2000BDF81020BDF80C30BDF91810D01A07946D
:102A3000401C00B2884233DA202228461146FDF7B6
:102A400083FDBDF9181000EB4002CDE90F99501835
:102A50004946404211909148119A08903846F7F73C
:102A6000A0FB8E4912902046F7F716FB00B1006BD1
:102A700036B1306B139000E026E0F06B169009E061
:102A80001299814206DD13909DF85E0020F001004E
:102A90008DF85E0007A8F7F791FB4FF0010905E0FC
:102AA0007E492046F7F7C8FAA4F84480BDF8120022
:102AB000BDF80E20BDF91A10801A401C00B28842E1
:102AC00002DAB9F1000F06D075492046F7F7B4FADB
:102AD000A4F84680DCE0B5F9082000200F901090A3
:102AE0005018404211906E48119A0F99089038463C
:102AF000F7F757FB6A4912902046F7F7CDFA00B175
:102B0000006B26B1306B1390F06B169009E01299B0
:102B1000814206DD13909DF85E0020F001008DF8E3
:102B20005E0007A8F7F74AFBB2E0BDF81210BDF847
:102B30000E20BDF91A00891A491C09B2814209DA2E
:102B4000B5F90810884205DD5649606A096888476A
:102B5000032802D8C4F82C909AE0BDF810002E2269
:102B6000BDF80C10461A1146761C2846FDF7ECFC01
:102B70005044BDF80E10A0EB80003044ADF80000CA
:102B8000BDF81200401A401C00B2ADF80200B5F9C1
:102B90000820D11990FBF1F301FB13018A42A0EB4D
:102BA000010004DCADF802002989084400E0C01BE4
:102BB0006946ADF802002046FFF718FB8146606ABF
:102BC000DDF7DDFB384A0746606A494612689047E0
:102BD000364D019005E02A6801A9606A9047A9F185
:102BE00001090198C01CB842F5D8DFF8C4B000252F
:102BF000019EAA46606A01990844DBF800108847E4
:102C00002C4A284401A9C5B2606A12689047032D76
:102C100007D80198B84204D80AF1010ABAF1030FA3
:102C2000E8D9616A2046274601EB060AFFF747FA12
:102C3000042D12D9681C00F075FBB86240B32A4617
:102C4000514600F037FCB96A01F8058097F8480052
:102C500040F0400087F848000BE097F848002A460B
:102C6000514620F0400087F8480007F1280000F0A6
:102C700021FC2E220020616A3318401C0328CA540C
:102C8000F9D3626AF61C09F1030002F80680E062DB
:102C9000204603F045FD19B0BDE8F08F41D702088A
:102CA00049D7020838020020280200203002002004
:102CB00020020020240200202DE9F04104460546B0
:102CC00090F8480000F00700012823D1E96A481C69
:102CD00020D0114AC91E686A1268904794F84810BB
:102CE00002460020490601D5A16A06E004F1280148
:102CF00003E00F5C401CF754C0B26E6A1318F75C17
:102D0000002FF6D1095C104431542046FFF7D7F963
:102D1000781EE862BDE8F0812802002070B50D46FB
:102D20001A490446F7F788F919492046F7F784F954
:102D30000020A4F84400022DA4F846000FD0032D73
:102D40000DD0042D0BD094F8480020F0200100BFD6
:102D500001F0070084F84810012805D00AE094F833
:102D6000480040F02001F3E7E06A401C02D0204612
:102D7000FFF7A2FF94F8480065F3020084F84800CA
:102D80002046BDE87040FFF735BD000041D702087E
:102D900049D7020870B50D46044603F0C1FC05B9D9
:102DA000656A606AA8420CD194F84810090708D4F3
:102DB000DDF7E5FA411C606A00F064FB6062D0B99F
:102DC000FEE738B194F84810090703D400F036FB49
:102DD000002161622846DDF7D2FA401C00F0A2FA19
:102DE000606268B12946DDF7ECFA94F8480020F0FB
:102DF000080184F848102046BDE87040FFF7FABC8F
:102E0000FEE70FB470B504460598F8B1204603F00C
:102E100087FC0598D8B1606A002530B194F8481055
:102E2000090702D400F00AFB656206A90598EAF7D3
:102E300080FB94F848106062204621F0080284F874
:102E40004820FFF7D7FC70BC5DF814FBFEE7204676
:102E5000F7E7016403F064BCC16303F061BC70B5C3
:102E6000044690F848000D46000705D4606A18B182
:102E700000F0E4FA0021616235B194F8481065620F
:102E800041F0080184F848102046BDE87040FFF783
:102E9000B1BC00002DE9F0410A4C07460A4D0E4630
:102EA0006068401C6060C100286800F0EBFA286090
:102EB00038B1616800EBC10040E902760846BDE820
:102EC000F081FEE77C010020DC01002038B50846D7
:102ED0000C4607F061FC0090BDF80000A084FF20C4
:102EE00084F8260038BD000070B5A4B00D46084631
:102EF000FDF7CFF91528064607D0162E05D08848CD
:102F0000294601F0EDFE01287ED12846FDF7FFF9A4
:102F1000152E044678D102A8FBF74CFC0021204670
:102F200002AA03F09CFA0398F9F741FB0646F9F769
:102F30002BFB0146324654F8240FF9F7E3FC0090CE
:102F4000BDF80000ADF80C00BDF80E00ADF80000B3
:102F50000098F9F72CFB0646F9F716FB01462068A6
:102F60003246F9F7CFFC0090BDF80000ADF80E0036
:102F7000BDF81200ADF800000098F9F718FB0646FE
:102F8000F9F702FB014620683246F9F7BBFC0090D6
:102F9000BDF80000ADF812000D98F9F708FB0646E1
:102FA000F9F7F2FA014620683246F9F7ABFC0090D7
:102FB000BDF80000ADF83400BDF82600ADF8000003
:102FC0000098F9F7F4FA0646F9F7DEFA01462068A8
:102FD0003246F9F797FC0090BDF80000ADF82600E6
:102FE0000B98F9F7E4FA0646F9F7CEFA014620689D
:102FF0003246F9F787FC0090BDF80000ADF82C00D0
:10300000F9F7C2FA014600E088E0A2780398F9F7E0
:1030100079FC0090BDF80000ADF80C00F9F7B4FAA7
:10302000A2780146BDF80E00ADF800000098F9F74F
:1030300069FC0090BDF80000ADF80E00F9F7A4FAA5
:10304000A2780146BDF81200ADF800000098F9F72B
:1030500059FC0090BDF80000ADF81200F9F794FAA1
:10306000A2780146BDF82600ADF800000098F9F7F7
:1030700049FC0090BDF80000ADF82600F9F784FA8D
:10308000A27801460D98F9F73DFC0090BDF80000CC
:10309000ADF83400F9F778FAA27801460B98F9F701
:1030A00031FC0090BDF80000ADF82C00AF2014F802
:1030B000021FBDF83620503911FB02F1BDF83C204B
:1030C00091FBF0F1ADF8361014F82619503911FBC8
:1030D00002F191FBF0F0ADF83C002846FDF7DFF877
:1030E0000646014610A801F04FFC00200C4904F1EF
:1030F000140510AACDE9111002A91D902046CDE9B2
:1031000013511A21FDF708F902A92A463046FBF7A8
:103110003DFB1B21204610AAFDF7FEF824B070BD30
:10312000445E0308084600210185416280F82A10A8
:10313000022101F0CDB900000146044810B501F0AC
:10314000FDF8044601F06EF9204610BD4859030809
:103150002DE9F04F5D488FB00D4601F0C1FD01280B
:1031600049D12846FDF795F806462846FDF7CFF8E1
:10317000132E044633D02C2E4FF002083ED0152ECD
:1031800039D107462846FDF78AF88346388D3C46F4
:10319000002830D0786A00282DD003A9384601F0E5
:1031A0004DFE204602F01DF8BDF80C10081A06B2BC
:1031B000204602F01DF8BDF80E10081A05B2204690
:1031C00001F075FE82466846FAF7ADFD00216A46B9
:1031D000204603F0E6F800244FF0060967E00021DE
:1031E00002F02AFC04462846FDF78FF8B0F90010DB
:1031F000A14200DA04800FB0BDE8F08F208D0028D6
:10320000F9D0606A0028F6D02846FDF77EF8002540
:10321000228D07462E462846C4460DE0636A33F9E0
:103220002010A94200DD0D460CEB8001595EB14231
:1032300000DD0E46401C80B28242EFD800212046BD
:1032400002F0FAFB2918398030447880D3E7786A95
:10325000042101EB840230F824103144ADF82C1025
:10326000815A08EB84023144ADF8301097F82A10E7
:10327000C90721D0825A09EB8401AAEB0200284435
:10328000ADF82E00786A415AAAEB0100694628443D
:10329000ADF832000CAB58460BAAFAF737FD9DF893
:1032A0000900641CA4B220F004008DF80900388DD8
:1032B000401EA042CBDC9EE7805A09EB84012844E3
:1032C000ADF82E00786A405AE0E70000485903083C
:1032D00010B541620446028503F0EDFE2046BDE8CC
:1032E000104003F01DBA30B58A42039C01DB9042C6
:1032F00007DA8A4201DB884209DD8A4203DC904218
:1033000001DC204630BD8A4203DC884201DB1846DE
:1033100030BDE41A451A501A654395FBF0F0184485
:1033200030BD000070B5040010D0094D014668683A
:1033300007F03DFC010007D0A8682044A860EA68B7
:10334000904200D81046E860084670BD004870BD45
:10335000F401002070B5094D0026344655F83400BC
:1033600038B100F06BF805EBC40045F834608671A5
:103370008680641CE4B2102CF0D370BD148400204D
:103380002DE9F04105000BD0224C012600224FF020
:10339000FF3000BF04EBC2018B79DB0703D014E0E0
:1033A0000020BDE8F0818988A9420ED305D104EB45
:1033B000C200867154F83200F3E7002804DB04EB06
:1033C000C0039B88994200D250B2521CD2B2102A3C
:1033D000E0D3002805DB04EBC0018E7154F8300007
:1033E000DFE7002704EBC7008079C00704D07F1C0B
:1033F000FFB2102FF6D3FEE754F83700294600F04D
:1034000041F830B104EBC7018E718D8044F837006C
:10341000C7E7FEE714840020074A002152F8313044
:10342000834204D102EBC101002088717047491C1E
:10343000C9B21029F2D3704714840020094910B58D
:1034400088420DD000280BD0064C0146606807F07A
:1034500081FBA168814201D9081A00E00020A06028
:1034600010BD0000F401002004484FF4404110B5A5
:1034700007F062FB0249486010BD0000848500200F
:10348000F401002010B539B1094A904208D1BDE8D5
:1034900010400846FFF746BFFFF7D0FF044810BDB5
:1034A0000A46014602484068BDE8104007F092BB5A
:1034B000F401002030B500F00304034601F00305D9
:1034C000A54243D14EE00C78203A1C704C785C70D9
:1034D0008C789C70CC78DC700C791C714C795C71A8
:1034E0008C799C71CC79DC710C7A1C724C7A5C7290
:1034F0008C7A9C72CC7ADC720C7B1C734C7B5C7378
:103500008C7B9C73CC7BDC730C7C1C744C7C5C745F
:103510008C7C9C74CC7CDC740C7D1C754C7D5C7547
:103520008C7D9C75CC7DDC750C7E1C764C7E5C762F
:103530008C7E9C76CC7EDC760C7F1C774C7F5C7717
:103540008C7F9C77CC7F2031DC772033202ABAD83F
:1035500005E000BF11F8014B521E03F8014B002A91
:10356000F8D130BDFCB1C4F1040405E011F8015BF1
:10357000521E641E03F8015BACB1002AF6D112E0C2
:103580000C68203A1C604C685C608C689C60CC685D
:10359000DC600C691C614C695C618C699C61CC6964
:1035A0002031DC612033202AEAD802E010C9121F42
:1035B00010C3042AFAD804E011F8014B521E03F894
:1035C000014B002AF8D130BD034610B505E000BF1D
:1035D00011F8014B521E03F8014B002AF8D110BD1F
:1035E00010F0030309D0C3F1040303E0521E5B1E75
:1035F00000F8011B0BB1002AF8D101EB012303EB0A
:10360000014303EB016309E0036043608360C3602F
:10361000036143618361C3612030203A202AF3D8DB
:1036200001E0121F08C0042AFBD802E0521E00F875
:10363000011B002AFAD17047002210F0030315D0B5
:10364000C3F1040304E000BF491E5B1E00F8012B18
:1036500063B10029F8D17047026042608260C260A5
:10366000026142618261C261203020392029F3D891
:1036700001E0091F04C00429FBD802E0491E00F83C
:10368000012B0029FAD17047FF2310F003020BD061
:10369000C2F1040204E000BF491E521E00F8013BC3
:1036A00012B10029F8D170474FF0FF3209E00260F3
:1036B00042608260C260026142618261C261203008
:1036C00020392029F3D801E0091F04C00429FBD8C0
:1036D00003E000BF491E00F8013B0029FAD1704702
:1036E000826C8A4206D0426B8A4205D190F8610012
:1036F000012801D801207047002070472DE9F041D2
:103700000446FCF7C6FD072840D12046FCF7FFFD24
:1037100005462046FCF7FDFD0446406BA84202D05A
:10372000A06CA84232D194F86000294684F8610068
:103730002046FFF7D5FF002828D104F15406304673
:10374000E9F7F5FA074601463046E9F702FB0500BE
:103750001CD039463046E9F785FB3846FFF76EFE48
:1037600094F860002946401E04F8600F3046E9F7DF
:1037700079FB2078401E04F860092968204600F093
:1037800031F92846BDE8F041FFF758BEBDE8F081A9
:1037900010B504465430E9F7B4FA002084F860000C
:1037A00010BD00004A482DE9F0410C460188204632
:1037B00003F0DEFF0021204603F0A8FF94F862002A
:1037C000002584F86050042120F00E0084F8615038
:1037D000C0B220F0010084F8620004F15400E9F75F
:1037E000C3FA204600F004FF0121606200F069FA8C
:1037F000E56321466564A564E5643648256400F008
:103800009DFD064600F00EFE42F264073046394642
:1038100003F098FF0121304603F088FF0121304674
:1038200003F074FF4FF480483046414600F049FAF7
:103830000221304600F04CFE26483146A6621C307C
:1038400000F07CFD064600F0EDFD42F2D1723946F3
:10385000304604F05BF80021304603F057FF0223A6
:10386000304600211A4603F035FF0221304600F0B1
:103870002FFE4146304600F024FA30462663F7F723
:1038800067FC154907220646234600F0CBF941465E
:10389000304600F016FA0021304603F037FF30467C
:1038A0006663FDF771FA0DA1FEF714F8206BFEF7C1
:1038B000EBFB0121064600F004FAE5622346A6630D
:1038C0001C2225651846BDE8F041054900F0AAB95B
:1038D0005C0200205C5F0308FD360208EF81930064
:1038E000BF3A020810B50C460021204603F00EFF37
:1038F0000223204600211A4603F0ECFE2046BDE8D4
:103900001040022100F0E4BD01F15400E9F7F9B9DB
:1039100010B50C46084601F00BFB416A204603F047
:1039200046FF0121204603F0F1FE0223204600213C
:103930001A4603F0CFFE2046BDE810404FF4804108
:1039400000F0BFB910B5486A0C46002803D0FFF755
:1039500075FD0020606210BD10B50446006B0028A4
:1039600033D0E16A002930D094F86210C1F34101EC
:1039700011B3012902D0022908D11CE0002103F073
:1039800036F8D4F82C00002103F0D0FE206B03F0B1
:103990000FFAE06A03F00CFA206B04F0C5F9206B13
:1039A00001F018FA0028206B4FF0010109D0BDE8A2
:1039B000104000F08DBD012103F019F8E06A0121EB
:1039C000E2E7BDE8104000F07CB910BD10B50C4630
:1039D0000121204603F09AFE2046BDE81040022156
:1039E00000F076BD70B50446C06A0D46A84265D0A9
:1039F00010B1616A03F0DBFE85B104F15400E9F710
:103A0000BBF950B1056094F86000401C84F8600078
:103A1000A16A284603F0CBFE03E0FEE72046FFF74D
:103A2000B7FE206DE56248B1216C00294FF001011D
:103A300002D000F08BF901E000F085FD206CD0B1E0
:103A400094F86200C10711D00007A06C4FF001018B
:103A500006D500F03DFDA06C022100F032F905E032
:103A600000F02FF9A06C022100F032FD94F8600004
:103A7000022808D210E094F86000022803D294F8DB
:103A80006200000708D5606B012100F021FD606B2A
:103A9000022100F016F907E0606B012100F011F936
:103AA000606B022100F014FD002220461C21FCF76F
:103AB00033FC2046BDE87040FFF74EBF70BD10B527
:103AC000FCF727FC0446C06A78B1A26B6AB1416A70
:103AD00039B11046FFF75EF9A06B012100F0F8FC48
:103AE00003E00121104600F0ECF8206C002813D010
:103AF000E26C002A10D0416A41B11046FFF74AF942
:103B0000E06C0121BDE8104000F0E2BCBDE81040CF
:103B10000121104600F0D5B810BD10B50C46242187
:103B200004F12400E9F720F904F13000BDE8104069
:103B30001C21E9F719B910B501F130000C46E9F77D
:103B4000E0F804F12400BDE81040E9F7DAB800001D
:103B50002DE9F043324897B00D4601F0C1F8012835
:103B60005BD12846FCF795FB06462846FCF7CFFBC1
:103B7000152E044651D12846FCF791FB01A9814638
:103B8000204601F0F9F801AA49462046ECF72CFA44
:103B900001AA49462046F2F7B5FA01AA494620464D
:103BA000F0F7A2F9BDF80800BDF80410BDF8062032
:103BB000401A401C00B200EBD07040100D181618CF
:103BC00003A8FAF7F7FD4FF40038204603AA414650
:103BD00002F045FC01222046414602F0CCF800B23A
:103BE0004146042200EBD0704710204602F0C3F893
:103BF00000B2EA19ADF8582000EBD070E91BADF81F
:103C000054104010331AADF856303044ADF85A0015
:103C100015AA484603A9FAF7B9FD17B0BDE8F08325
:103C2000B05F03082DE9F0411D4616460F460446D5
:103C300000F068FAA1684FF080608A7E00EBB21055
:103C40004FEAB060887600F03F01A06801EB4101C7
:103C5000C0688900FFF716FCA168C860A16870B34E
:103C600091F81AC06FF00B016FF003020CF03F0CDB
:103C70000B1D0CEB4C0C01EB8C0C40F80C70A0688D
:103C8000877EC06807F03F0707EB470702EB870214
:103C90008654A068827EC06802F03F0202EB4202B6
:103CA00003EB82028550A068827EC06802F03F026A
:103CB00002EB420201EB82010844BDE8F081FFE71C
:103CC000FEE72DE9FF410C46074602F081FD06465E
:103CD000E00702D0384602F023FDF869E10740EA28
:103CE0000400F86111D00221384602F060FA60B198
:103CF000384601F0D7F8050007D0FCF721FF284629
:103D0000FCF756FF08B102F00BFD384602F060FDEB
:103D1000B04202D114F0C07F07D0384601F008F954
:103D200002F08FFD384602F08CFDE0060CD502AAA9
:103D30006946384601F064FA6946384602F013FDD8
:103D400002A9384602F00FFDBDE8FF81028C114345
:103D50008A4201D003F0E6BD704700002DE9F0472C
:103D600017464FF6FF790023884604464A463946EF
:103D70000CF04CFB618C0426E0680025C1F30512B1
:103D800009E000BF06EBC503C3585FEA831C01D4FA
:103D9000DB0102D56D1CAA42F4D84FF0806202EB21
:103DA000B1214FEAB1516184C1F30511C900FFF798
:103DB00069FB628C6FF00701E060C2F305100AE056
:103DC000E26801EBC00302EB030C02EBC002DCE98A
:103DD000003CC2E9003C401EA842F1D8E06808213E
:103DE00000EBC500FFF728FCE16806EBC50041F8D1
:103DF0003580E1680A5867F317020A504A46394687
:103E00002046BDE8F04703F06DB970B51D46164673
:103E10000022044603F05EFE2A4631462046BDE8F5
:103E2000704003F031BD2DE9FF4F81B093468846C5
:103E3000019803F079FFB8F1000F03D1019801F068
:103E400077F8804601980024254601F071F800219A
:103E5000814601F097FD00210646484601F0A1FE8B
:103E600030440FFA80FA4846002101F036FF304412
:103E700000B200900021404601F084FD002106467A
:103E8000404601F08EFE304407B24046002101F06A
:103E900024FF81190EB2BBF1000F0FD0BBF1160F3A
:103EA00035D2DFE80BF0D7112335404555686A134A
:103EB000838898A2A7B7C1C7CDD3FDFC0021404697
:103EC00001F015FD012823D03C461FE0404600F0DC
:103ED0009BFF0246019802F015F9014602EBD270F1
:103EE00001EBD1714010A0EB61004EE0404600F0C4
:103EF0008BFF0246019802F005F902EBD27100EB4C
:103F0000D0704910A1EB6000384404B23546A1E0FE
:103F1000404600F079FF0246019802F0F3F8101ACB
:103F20003546384484E03C461CE0304405B291E01C
:103F3000404600F069FF0246019802F0E3F80146AE
:103F400002EBD27001EBD1714010A0EB610007E0F1
:103F5000404600F059FF0246019802F0D3F8101ACB
:103F6000384404B2404600F035FF0246019800F0A4
:103F70009EFF101AD9E73C4609E0404600F044FF96
:103F80000246019802F0BEF8101A384404B24046C6
:103F900000F020FF0246019800F089FF02EBD27189
:103FA00000EBD0704910A1EB6000BEE7019800F073
:103FB0007EFF4042BAE7404602F0A4F8024601986C
:103FC00002F0A0F8014602EBD27001EBD171401073
:103FD000A0EB610007E0404602F094F80246019829
:103FE00002F090F8101A04B2E0E7404600F05FFFDC
:103FF00005462FE0404602F085F80246019802F09F
:1040000081F8014602EBD27001EBD1714010A0EBB8
:10401000610007E0404602F075F80246019802F0A0
:1040200071F8101A04B2E0E7019802F06BF8404210
:1040300004B20FE0019802F065F8404204B241E09A
:10404000019802F05FF8404204B24EE0404602F0B0
:1040500059F804464846002101F049FC0128484629
:104060004CD000F0EBFFB8F814200499B9F81430E4
:104070001144C91A0144A1EB0A00204404B2484685
:1040800001F0A8F8B8F816200E99B9F816301144C6
:10409000C91A01440098081A284405B201E020E03A
:1040A0000CE001980022012103F014FD019805B0F5
:1040B0002A462146BDE8F04F03F0E6BB404602F039
:1040C00021F80446404600F0F2FE0246019800F056
:1040D000EEFE02EBD27100EBD0704910A1EB600054
:1040E00024E7404602F00EF80446404600F0DFFEAA
:1040F0000246019800F0DBFE101A17E700F0FEFF01
:10410000B1E7000010B504468068002813D10B48C1
:104110004168491C41601C20FFF704F9A06058B1B8
:104120001C21FFF789FAA1680F204876A068017E5C
:1041300041F00301017610BDFEE70000740100208C
:104140002DE9FC410E460546012102F024F8E0BBB2
:10415000284600F0F1FE044600F076FE0746F9F727
:1041600007F8A0420ED03846F9F70AF8A04209D065
:104170003846F8F7EBFFA04204D03846F8F7DEFFE8
:10418000A04237D14FF400242846214602F00AF815
:1041900028BB2846E8F7A9FE05F114010746684642
:1041A000F6F72EFDBDF80000C01BADF80000BDF80D
:1041B0000200C01BADF80200BDF804003844ADF8A1
:1041C0000400BDF80600384400E013E031466A46BA
:1041D000ADF806000846E8F7D6F900280BD0002312
:1041E00031460122284601F0DAFE1CE0012101F0EF
:1041F000D2FF10B10020BDE8FC812146284601F025
:10420000D1FF80B9D5E9050100230122CDE90001E4
:104210006946284601F0C3FE31466A460846E8F77B
:10422000B2F90028E7D0284600F082FE051EDDD155
:104230000120E0E72DE9F04100250E46074601F098
:104240000EFE040035D03146384601F0FCFD022850
:104250002FD904EBD470012101EB600431463846BC
:1042600001F0F7FD204431460FFA80F8384601F09E
:10427000D2FD04463146384601F0D9FD002C01DD5F
:10428000214600E06142002801DD024600E0424292
:10429000914205DD002C01DD204604E0604202E091
:1042A000002800DC4042404400B2002800DA2846E2
:1042B00005463146384601F00EFC04000ED031466A
:1042C000384601F0FCFB022808D93146384601F097
:1042D000FCFB2044A84200DB05462DB2384669228B
:1042E000314601F048FD04B238466A22314601F0F9
:1042F00042FD00B2844200DC0446002C01DD281996
:1043000005B22846BDE8F08170B55B220D46064631
:1043100001F031FDC4B230461622294601F02BFDD2
:1043200004B90124204670BD002803D000688842EB
:1043300001D1012070470020704700002DE9F041B5
:1043400000260D463649074600E00068B8B182698C
:104350000A42FAD08069C0F30F108046FEF7E2FFF0
:10436000041E31D04146FFF767F9C4E900756FF0CC
:1043700003074FF0010825B1A86878B332E0304652
:10438000EBE7F8F7ADFE05001AD0EA68F2B1686A0B
:10439000401C686281001046FFF774F8696AE860A3
:1043A00007EB81014450A6820020E682F8F7B0FEB8
:1043B000401E20830020F8F7F1FE401E608323E0BA
:1043C0002046FFF73BF80020BDE8F0810420FEF70F
:1043D000A9FFE8600460C5F82480E4E7FFE7284609
:1043E000FFF790FEA868016881B14168491C4160EF
:1043F000A86889000068FFF745F8A9680860A968FF
:10440000496807EB810144502046DDE70420FEF7B0
:1044100089FFAA6810600460A868C0F80480F3E708
:10442000F0FF0F0070B5054602F00BFA002000F017
:10443000B3FA284606F038F9284600F08CF8012037
:1044400000F0AAFA4FF470214FF6FF72284602F0EE
:1044500049FE284602F02FFEFCF79EFB030007D022
:10446000284602F0A7F918B129461846FCF72EFB9A
:10447000284600F05DFD04000DD022212A46FBF7FE
:104480004BFF23212A462046FBF746FF2846BDE87E
:10449000704002F045B970BD10B5044602F040F915
:1044A00002E000BF07F0B0FC0021204600F02EFC27
:1044B0000028F7D1002320461A46194603F089F850
:1044C000A068002803D000210182A068418210BDAD
:1044D0007FB50C46064602F07BF90546E0060CD592
:1044E00002AA6946304600F08BFE6946304602F06B
:1044F0003AF902A9304602F036F9F069E10720EAFC
:104500000400F0610ED0304602F00AF9304602F0A5
:104510005FF938B1304600F00BFD02F092F93046F9
:1045200002F08FF9304602F053F9A84202D114F09C
:10453000C07F07D0304600F0FBFC04B0BDE87040FF
:1045400002F07FB97FBD028C22EA01018A4201D0CC
:1045500003F0E8B9704770B504680546206818B1E3
:1045600028602846FFF7F7FF2C6020466268002A83
:1045700003D02946BDE87040104770BD2DE9F041D9
:104580004D680C46EDB1284600F058FD0646284619
:1045900000F020FE002107461022284601F0EBFB28
:1045A000E98A12220844C01BE082411E284661832A
:1045B000002101F0E0FBA98A0844801BA082411E73
:1045C0002183002D41F20200E06106D043F2020097
:1045D000C4F81C0043F20230E06140F0740040F483
:1045E0000060E06102D040F40040E061BDE8F0818D
:1045F0000146044810B5FFF7A1FE0446FFF712FF7D
:10460000204610BDF81E030870B5054602F088F874
:10461000284600F08DFC0400284610D007F0F4FB7B
:10462000204603F02DF8002220462221FBF774FEDD
:104630002046BDE8704000222421FBF76DBE00F04B
:1046400003FC040007D02069A842284604D107F0E3
:10465000DBFB0020206170BDBDE8704007F0D4BBDB
:1046600070B50C460846E8F7C3F9002000F094F94D
:10467000144A0021204602F00CFE012000F08CF9C3
:1046800000212046F5F7D8FC204600F00BFC10B1C5
:104690002046FCF7A9FAA068002811D00068002580
:1046A00018B1FEF7CBFEA0680560A068C06818B11D
:1046B000FEF7C4FEA068C560A068FEF7BFFEA56057
:1046C00070BD0000FFFF0F002DE9F047A8B0804645
:1046D000FBF7DFFD06464046FBF719FE122E0546A6
:1046E0004FF001074FF0000478D0DFF89892152EB4
:1046F00073D0182E6DD14046FBF7D1FD824601469E
:104700002846F0F78FF90021284601F05FF950B1F3
:1047100005F59070FAF710F8060004D0F9F7EEFCF2
:104720003046FEF779FE0021284601F023F90028E3
:104730004FD018A8FAF73EF88DF86340002118AA68
:1047400028468DF87A408DF88A408DF8964001F021
:1047500086FE0021284601F0ECFB00218046284619
:1047600001F0DBFB05F1140106466846F6F73FFA57
:10477000BDF80010A1EB0800BDF80410ADF8000072
:1047800001EB0800ADF80400BDF802005146801BA3
:10479000ADF80200BDF806003044ADF8060006A8EA
:1047A00000F0F2F818A80A90684613941A21CDF880
:1047B0001C9006AACDE908702846FBF7ADFD18A9A4
:1047C0006A465046F9F7E2FF06AA28461B21FBF786
:1047D000A3FD28B0BDE8F08700E052E04046FBF7BB
:1047E00094FD064600780228F3D00021284601F007
:1047F000EDF810B102203070EBE70021284601F0FF
:1048000004FB00218246284601F093FB00218146EB
:10481000284601F082FB05F1140180466846F6F750
:10482000E6F9BDF800105246A1EB0900BDF80410EE
:10483000ADF8000001EB0900BDF80210ADF804006E
:10484000A1EB0800BDF80610ADF8020001EB08006E
:10485000ADF8060070686946E7F7BEFE68B1002152
:10486000284601F07BF8FD2807D300212846602266
:1048700001F081FAC0B2FD2801D23770A9E7347087
:10488000A7E74046FBF70BFD804617A8F9F792FF14
:104890000021284601F06EF828B19DF87F0040F015
:1048A00001008DF87F000021284617AA01F0D7FDEE
:1048B0000021284601F03DFB00210646284601F074
:1048C0002CFB05F1140107468A466846F6F78FF976
:1048D000BDF800004146801BADF80000BDF80400A3
:1048E0003044ADF80400BDF80200C01BADF8020072
:1048F000BDF806003844ADF8060005A800F044F8FD
:1049000017A809906846CDF818901A2105AACDE994
:10491000074028461294FBF7FFFC0021284601F0CF
:1049200055F830B1BDF85C0018B11B9E01271B94EF
:1049300001E01B9E002717A96A464046F9F726FFAB
:10494000EFB11820FEF71CFDBDF95C2000230746DF
:104950005146F9F75BFE05F590713846F9F702FA12
:104960006EB18DF85F4017A98DF87E406A464046CB
:104970008DF886408DF892401B96F9F707FF05AA3F
:1049800023E70000F81E030870B50D4604464821D1
:10499000FEF752FE256070BD0149087070470000A7
:1049A000840100202DE9FF4188460846FBF771FC91
:1049B00004464046FBF771FC012C054623D0082C29
:1049C00023D0032C3ED02A2C3ED00D2C4CD00E2CC4
:1049D0007DD0092C7CD00A2C7BD00F2C7AD0292CAE
:1049E00079D0222C78D0242C77D0132C76D0152C8B
:1049F00003D0182C01D0122C34D104B04046BDE8AD
:104A0000F041FFF761BE2021FAE02021FFF79BFD76
:104A10004046FBF755FCFDF7CAF8002822D10821D3
:104A2000284601F0B8FB00281CD095F820004FF074
:104A30000101C007284602D0FFF785FD30E0FFF7EF
:104A400085F92DE02021F8E000F072F900240646F7
:104A500006E0A868006850F8240001F0F2FE641C2B
:104A6000B442F6D3BDE8FF81082101F094FBF8B110
:104A70004046FBF74AFC0478132C06D0112C04D0D6
:104A8000142C07D0122C05D008E001212846FFF78E
:104A90005DF903E001212846FFF755FD0A2CE1D01E
:104AA00004B0284600221C21BDE8F041FBF734BCCD
:104AB0004FF40161284601F06EFB0028D2D0284651
:104AC00001F06BFE0028CDD10027284607E06DE0FD
:104AD00095E09AE0B0E0B5E0D1E0F2E0F6E000F079
:104AE000ADFA0646284600F009FB04464046FBF7AF
:104AF0000CFC007812281BD011280CD013282BD0C6
:104B00001428AFD1284600F071FA800703D0002E98
:104B100038DC002C36DC284600F0C9F9044628466B
:104B200000F066FBE11704EB9171A0EBA1000BE034
:104B3000284600F0BCF90446284600F059FBE1176E
:104B400004EB917100EBA1003A4604B001B2284693
:104B5000BDE8F04102F07EBD284600F047FA80072C
:104B6000E6D0002E01DC002CE2DD284601F0CAFA76
:104B70000446284600F035FBE11704EB917100EB89
:104B8000A1000BE0284601F0BDFA0446284600F0DB
:104B900028FBE11704EB9171A0EBA1003A4604B0A9
:104BA00001B22846BDE8F04102F03EBD4FF48061FD
:104BB00001F0F1FA18B10121284602F018FD28464B
:104BC00000F070F9FBF7EEFF02240646FCF7BAFF8F
:104BD00010B94046FBF774FBFCF7F5FF022801D043
:104BE000042800D106241EB144F00801284607E03D
:104BF00021462846FFF7AAF8082128461DE0402153
:104C000004B0BDE8F041FFF7A1B84021FFF79BFCDD
:104C1000284600F023FE02287FF424AF02AA69464A
:104C2000284600F0EDFA6946284601F09CFD02A9ED
:104C3000284601F098FD15E70E2104B0BDE8F041CB
:104C4000FFF781BC002100F02FFE0021044628461A
:104C500000F0E6FE204302D0284601F0F2FD28468F
:104C600000F066F80024064606E0A868006850F8E0
:104C7000240001F0E6FD641CB442F6D3F2E6002104
:104C8000012201F078F806B228460021042201F042
:104C900072F804B22846002100F006FE0021074603
:104CA000284600F0BDFE384305D142F2D17086425D
:104CB00001D08442BFD104B02846BDE8F04101F0E4
:104CC000C0BD688C40F002006884F4E70021FFF763
:104CD000B1FA04B001464046BDE8F041FBF73CBBE9
:104CE00010B50C4600B96068006868B10169002918
:104CF000FAD00021E160026921469047217E01201F
:104D0000C90700D0002010BD012010BD8068002818
:104D100009D0002902DA4268511803D443680A46D0
:104D20008B4201D800207047006850F8220070477D
:104D30008068002800D04068704770B50C46054672
:104D400000F114012046F5F75BFFA868002812D097
:104D5000808A2188081A2080A968A088898A084446
:104D6000A080A9686088898A401A6080A968E08864
:104D7000898A0844E08070BD70B50C460546002164
:104D800000F000FE06462146284600F057F8704223
:104D900002B220461146F5F7D5FF0021284600F063
:104DA00000FF2188084420800021284600F041FFB0
:104DB000A188081AA0800021284600F08EFF618893
:104DC000084460800021284600F08BFEE188081A24
:104DD000E08070BD70B50021044600F07EFF002128
:104DE0000546204600F07DFE00210646204600F0E4
:104DF000C9FD0246204600F05AF8401B5142801B74
:104E000000EB410000B270BD70B50021044600F017
:104E1000C8FE00210546204600F00BFF0021064693
:104E2000204600F0AFFD0246204601F06BF9401B22
:104E30005142801B00EB410000B270BD0A4600F1F8
:104E400014011046F5F7DCBE10B5416809B100F059
:104E500073F804460A48E7F76AFF0EE0426A002149
:104E600005E0C36853F82130A34208D0491C8A42A8
:104E7000F7D801460248E7F76CFF0028EED110BDD5
:104E8000948300208068002805D0827E02F03F02D3
:104E90008A4201D800207047C06801EB410100EB55
:104EA000810070478068002800D080687047418B7F
:104EB000C08A081A401C00B2704770B5064600F060
:104EC00037F8050001D000240AE0002070BD21461B
:104ED0002846FFF71BFFB04201D1204670BD641C7D
:104EE0002846FFF725FFA042F1D84FF0FF3070BDF4
:104EF000F0B4468C04250024C6F3051613E000BF69
:104F0000C76805EBC40C57F80C705FEAC71C09D5DD
:104F100027F07F479F4205D1C06850F83400F0BCAD
:104F200003F074BF641CA642EAD8F0BC00207047AE
:104F3000002800D04068704700B50146FFF7F8FF31
:104F40000028FAD1084600BD2DE9F047DFF894802B
:104F500006464446FFF7ECFEDFF88CA00025074626
:104F60000EE0B0685146006850F82500814601F017
:104F700019F920B9B9F91A00A04200DB04466D1CEA
:104F8000BD42EED30021304600F0ADFE0021814647
:104F9000304600F0ACFD00210746304600F0F8FC3A
:104FA0004445054604D0708BC01B401B201A04B238
:104FB000304600F05BFC80463046FFF778FF6942E0
:104FC000A0EB0900C01B00EB41013046A8EB01013A
:104FD00000F00EF9081A00B2844200DD2046BDE858
:104FE000F087000001E0FFFF01000400806818B1B5
:104FF000407E00F00F0070470F20704770B50C46E0
:105000000C490546F5F748F810B1806A404202E0C5
:10501000284600F0E6F8084920802846F5F73CF8D5
:1050200010B1806A404202E0284600F0E1F860805A
:1050300070BD0000B5D50208CDD502082DE9F84FA6
:105040000021064600F059FC012807D0B06800286E
:1050500002D0008A404200B2BDE8F88F00213046FD
:1050600000F0EDFD00210090304600F0A0FD002191
:105070008146304600F08CFC41F6FF7A804654466B
:105080003046FFF755FE002507460EE0B068194987
:10509000006850F82500834601F084F820B9BBF978
:1050A0001400A04200DC04466D1CBD42EED3544502
:1050B00006D0B28A09EB08001044001B04B200E0DD
:1050C0000D4C304600F0E0FB0546304601F01AF882
:1050D0000099C8F10002411AA1EB090000EB42005F
:1050E000291A304600F07DF8084400B28442B3DD4E
:1050F0002046B1E70100040001E0FFFF2DE9F04781
:105100000021064600F0F9FB01280AD0DFF8A08054
:1051100030464446FFF70CFEDFF898A0002507460E
:1051200015E0B068002801D0B0F91000BDE8F087A4
:10513000B0685146006850F82500814601F032F809
:1051400020B9B9F91800A04200DB04466D1CBD422D
:10515000EED30021304600F072FD002107463046B4
:1051600000F025FD00218146304600F011FC444549
:10517000054604D0308BC01B401B201A04B23046B9
:1051800000F082FB8046304600F0BCFFC11B6A4243
:10519000A1EB090000EB42013046A8EB010100F051
:1051A00020F8081A00B28442C0DD2046BEE70000A5
:1051B00001E0FFFF010004008068002802D0007EAB
:1051C000C0F3810070478068002802D0007EC0F3E1
:1051D000011070478068002802D0408A404200B227
:1051E00070478068002802D0008A404200B27047B1
:1051F0008068002802D0408A404200B27047000018
:105200002DE9F04F91B0164600220C464FF0FF37C3
:1052100005463B46114620460097F5F7AFFD0022B4
:105220003B46114630460097F5F7A8FD1021284669
:1052300000F0B1FF002816D0284600F00FFB070051
:1052400011D00020FCF784FC022F804608D010E02B
:10525000FCF7ADFCA84209D04046FCF779FC80463B
:10526000B8F1000FF4D111B0BDE8F08FB8F1000F24
:10527000F9D02846FFF7AEFF05902846FFF764FEF9
:105280000A902846FFF7DAFE09902846FFF736FF16
:1052900008902846FFF7AAFE10F00C0F81464FF049
:1052A00000000B9014D0012F10D0032F02D0022F3A
:1052B00007D00DE00598002808DC0A98002805DCD6
:1052C00006E04046FCF764FC0C2801D101200B905D
:1052D0005FEA89714FF00000079014D0012F10D0C1
:1052E000032F02D0022F07D00DE00998002808DC18
:1052F0000898002805DC06E04046FCF749FC032836
:1053000001D1012007900B9907980843ABD04FF4C7
:1053100080372846394600F0F0FA012800D00020F6
:1053200039460E90284600F0DEFC394604902846A7
:1053300000F0DDFB39460F90284600F038FC80462F
:105340003946284600F07BFC012281462846394632
:1053500000F011FD0FFA80FB2846FFF7A8FD009032
:10536000284600F0CFFE02900B9800B158460799EE
:10537000824609B1584600E00020394621221090AB
:10538000284600F0F8FCC0B2022808D23122394683
:10539000284600F0F0FCC0B20228FFF464AF059983
:1053A0004FF0A007009801440B9800280A98084481
:1053B00000B20B9070D00028FCD0E98A0E98718062
:1053C0000028688BF08008D0AA8AABF1010102EBBB
:1053D000080030800144B18007E0298BA1EB09006F
:1053E000B080A0EB0B01491C318004990098411A50
:1053F0000F98091A1098081A00990C9048430B99B5
:1054000090FBF1F000B205900020F7F76FFE00EB83
:105410008001502000EB4100B0F5A07F0ADB0020A6
:10542000F7F764FE00EB8001502000EB410090FB99
:10543000F7F000E001200599884201DA084616E0FD
:105440000020F7F753FE00EB8001502000EB4100F5
:10545000B0F5A07F0ADB0020F7F748FE00EB8001E3
:10546000502000EB410090FBF7F000E00120009A93
:105470000B9900B2891A0AB20C99091A09B2002ACA
:105480000BDCE98A049808447080698B0F98091A2C
:105490001098081A401EF08090E00A9B401E11FBF5
:1054A00003FCEB8A9CFBF2F2891A049A114419441A
:1054B00009B271800844F080B5F9162004981044B0
:1054C000814238DA70800020F7F710FE00EB80018F
:1054D000502000EB4100B0F5A07F0ADB0020F7F779
:1054E00005FE00EB8001502000EB410090FBF7F03F
:1054F00000E00120B6F90210B6F9062008449042F7
:1055000019DD0020F7F7F2FD00EB8001502000EBE1
:105510004100B0F5A07F0ADB0020F7F7E7FD00EBC4
:105520008001502000EB410090FBF7F000E00120EB
:1055300071880844F080B5F91A201098B6F9061061
:10554000121A0F98101A814238DDF0800020F7F708
:10555000CDFD00EB8001502000EB4100B0F5A07FB5
:105560000ADB0020F7F7C2FD00EB8001502000EBC2
:10557000410090FBF7F000E00120B6F90610B6F903
:105580000220081A904219DA0020F7F7AFFD00EB6D
:105590008001502000EB4100B0F5A07F0ADB002025
:1055A000F7F7A4FD00EB8001502000EB410090FBD9
:1055B000F7F000E00120F188081A7080099902983C
:1055C0000144079800280898084400B200903FF46E
:1055D0004AAE0028FBD0698B0F98081A0299E08028
:1055E000A1EB0802A0EB0B01A2EB0902A2EB0A005F
:1055F000029A0490491C6180A98A50432180009935
:1056000090FBF1F1288BA08008B203900020F7F7FF
:105610006DFD00EB800050264FF4A07B06EB4000B0
:10562000584509DB0020F7F761FD00EB800006EB31
:10563000400090FBF7F000E001200399884201DA76
:10564000084613E00020F7F751FD00EB800006EB61
:105650004000584509DB0020F7F748FD00EB8000CB
:1056600006EB400090FBF7F000E00120029A009961
:1056700000B2891A0AB20499091A09B2002A18DC80
:105680000E9850B1AA8AAAF1010002EB0801084461
:105690002080298BA1EB090009E0A98A01EB080011
:1056A0002080298BA1EB0901A1EB0A00401EA080FC
:1056B000D9E5089B11FB03FC0E9B9CFBF2F2A1EBCE
:1056C000020109B2EBB3AB8A08EB0A02401E19448F
:1056D000114409B221800844A080B5F91400104497
:1056E000884233DD20800020F7F700FD00EB8000CA
:1056F00006EB4000584509DB0020F7F7F7FC00EB0C
:10570000800006EB400090FBF7F000E00120B4F9C8
:105710000010B4F904200844904217DD0020F7F788
:10572000E5FC00EB800006EB400058450ADB00205A
:10573000F7F7DCFC00EB800006EB400090FBF7F095
:1057400001E03AE0012021880844A080B5F9182042
:10575000B4F9041078E0A0800020F7F7C7FC00EB54
:1057600080005D4606EB4000A84273DB0020F7F79F
:10577000BDFC00EB800006EB400090FBF7F000BFA3
:10578000B4F90410B4F90020081A904290DA00200D
:10579000F7F7ACFC00EB800006EB4000A8425BDBB7
:1057A0000020F7F7A3FC00EB800006EB400090FB25
:1057B000F7F0A188081A208055E5AA8A4144401EC6
:1057C000114409B221800844A080B5F9142002EBED
:1057D0000800814232DA20800020F7F787FC00EBD6
:1057E000800006EB4000584509DB0020F7F77EFCFF
:1057F00000EB800006EB400090FBF7F000E001209A
:10580000B4F90010B4F904200844904216DD0020D9
:10581000F7F76CFC00EB800006EB4000584509DB15
:105820000020F7F763FC00EB800006EB400090FBE4
:10583000F7F000E0012021880844A080B5F9182085
:10584000B4F90410A2EB0A02A2EB0900814282DC47
:1058500009E5FFE7012093E70120AAE7806818B176
:10586000007E00F00300704703207047054908B52B
:105870006A46496800912C21FAF74EFDBDF90200F5
:1058800008BD0000141F0308054908B56A460968E9
:1058900000912C21FAF740FDBDF9000008BD000081
:1058A000141F0308008C7047092210B500F063FA3A
:1058B000C0B210BD092210B500F05DFAC0B210BD33
:1058C000662200F058BA512210B500F054FA0028B0
:1058D00000D0012010BD502210B500F04CFA00B2EB
:1058E00010BD502210B500F046FA00B210BD1622CD
:1058F00010B500F040FAC0B210BD162210B500F08D
:105900003AFAC0B210BD162210B500F034FAC0B297
:1059100010BD162210B500F02EFAC0B210BD16222E
:1059200010B500F028FAC0B210BD162210B500F074
:1059300022FAC0B210BD162210B500F01CFAC0B297
:1059400010BD70B520220C46054600F014FA024640
:1059500021462846BDE87040E7F7F7BA212210B586
:1059600000F009FAC0B210BD682210B500F003FAC9
:10597000C0B210BD342210B500F0FDF9002800D0EF
:10598000012010BD322210B500F0F5F900B210BDB3
:10599000322210B500F0EFF900B210BD322210B57E
:1059A00000F0E9F900B210BD322210B500F0E3F9C1
:1059B00000B210BD322210B500F0DDF900B210BD0A
:1059C000322210B500F0D7F900B210BD172210B581
:1059D00000F0D1F9002800D0012010BD034A10B515
:1059E000528900F0C8F9C0B210BD00005C0200206E
:1059F000042210B500F0BFF900B210BD042210B5AA
:105A000000F0B9F900B210BD042210B500F0B3F9EE
:105A100000B210BD042210B500F0ADF900B210BD07
:105A20000A2210B500F0A7F980B210BD0A2210B505
:105A300000F0A1F980B210BD492210B500F09BF929
:105A400000B210BD062210B500F095F900B210BDED
:105A5000052210B500F08FF900B210BD602210B51C
:105A600000F089F9C0B210BD70B50E460546FFF7CB
:105A7000F5FF02281BD9FD284FF0FF0402D2C0EB2E
:105A80000020040A0EB1002603E02846FFF750FA72
:105A9000054655B131462846FFF7E0FF022806D9F2
:105AA000FD28F2D24443240AEFE7022C01D800205B
:105AB00070BDFD2C01D3FF2070BD204670BD372284
:105AC00010B500F058F9C0B210BD382210B500F082
:105AD00052F900B210BD352210B500F04CF900B2F9
:105AE00010BD112210B500F046F900B210BD112210
:105AF00010B500F040F900B210BD112210B500F051
:105B00003AF900B210BD112210B500F034F900B21C
:105B100010BD112210B500F02EF900B210BD1122F7
:105B200010B500F028F900B210BD112210B500F038
:105B300022F900B210BD112210B500F01CF900B21C
:105B400010BD112210B500F016F900B210BD1122DF
:105B500010B500F010F900B210BD112210B500F020
:105B60000AF900B210BD152210B500F004F900B218
:105B700010BD152210B500F0FEF800B210BD1522C0
:105B800010B500F0F8F800B210BD152210B500F005
:105B9000F2F800B210BD152210B500F0ECF800B21A
:105BA00010BD122210B500F0E6F800B210BD1222AE
:105BB00010B500F0E0F800B210BD122210B500F0F0
:105BC000DAF800B210BD122210B500F0D4F800B21D
:105BD00010BD122210B500F0CEF800B210BD122296
:105BE00010B500F0C8F800B210BD122210B500F0D8
:105BF000C2F800B210BD122210B500F0BCF800B21D
:105C000010BD122210B500F0B6F800B210BD12227D
:105C100010B500F0B0F800B210BD122210B500F0BF
:105C2000AAF800B210BD122210B500F0A4F800B21C
:105C300010BD132210B500F09EF800B210BD132263
:105C400010B500F098F800B210BD132210B500F0A6
:105C500092F800B210BD132210B500F08CF800B21B
:105C600010BD132210B500F086F800B210BD13224B
:105C700010B500F080F800B210BD132210B500F08E
:105C80007AF800B210BD132210B500F074F800B21B
:105C900010BD132210B500F06EF800B210BD132233
:105CA00010B500F068F800B210BD132210B500F076
:105CB00062F800B210BD142210B500F05CF800B21A
:105CC00010BD142210B500F056F800B210BD142219
:105CD00010B500F050F800B210BD102210B500F061
:105CE0004AF800B210BD102210B500F044F800B21E
:105CF00010BD102210B500F03EF800B210BD102209
:105D000010B500F038F800B210BD102210B500F048
:105D100032F800B210BD102210B500F02CF800B21D
:105D200010BD102210B500F026F800B210BD1022F0
:105D300010B500F020F800B210BD102210B500F030
:105D40001AF800B210BD102210B500F014F800B21D
:105D500010BD102210B500F00EF800B210BD1022D8
:105D600010B500F008F800B210BD102210B500F018
:105D700002F800B210BD2DE9F8438846064601211D
:105D80001446104603F05AF90025074615E06B4605
:105D9000224641463046F2F7F7FB0128054627D058
:105DA0007FB1022D05D0B8F1000F02D04FF00008EE
:105DB00003E03046FFF7BCF80646002EE7D1012D80
:105DC00016D0B8F1000F03D1012C05D0042C03D05C
:105DD000204603F0C9F80AE031680FE0012C0AD030
:105DE000C88A50B161B1012C0CD0B1F916000090F5
:105DF0000098BDE8F883888AF3E709680029EDD1A7
:105E00000020F4E7B1F91400F1E70B2210B5FFF719
:105E1000B2FF00B210BD412210B5FFF7ACFF00B2D7
:105E200010BD412210B5FFF7A6FF00B210BD4222FF
:105E300010B5FFF7A0FF00B210BD422210B5FFF76A
:105E40009AFF00B210BD452210B5FFF794FFC0B213
:105E500010BD432210B5FFF78EFF00B210BD4022E7
:105E600010B5FFF788FF00B210BD70B555220C4683
:105E70000546FFF780FF024621462846BDE87040F0
:105E8000E7F763B85722FFF776BF5722FFF773BFD4
:105E90005722FFF770BF5722FFF76DBF5722FFF75A
:105EA0006ABF5722FFF767BF5722FFF764BF582228
:105EB00010B5FFF760FF00B210BD582210B5FFF714
:105EC0005AFF00B210BD582210B5FFF754FF00B2C0
:105ED00010BD592210B5FFF74EFF00B210BD592278
:105EE00010B5FFF748FF00B210BD592210B5FFF7FB
:105EF00042FF00B210BD592210B5FFF73CFF00B2BF
:105F000010BD592210B5FFF736FF00B210BD59225F
:105F100010B5FFF730FF00B210BD6A2210B5FFF7D1
:105F20002AFF00B210BD6A2210B5FFF724FF00B2AD
:105F300010BD692210B5FFF71EFF00B210BD692227
:105F400010B5FFF718FF00B210BD012210B5FFF722
:105F500012FF00B210BD012210B5FFF70CFF00B216
:105F600010BD012210B5FFF706FF00B210BD0122DF
:105F700010B5FFF700FF00B210BD012210B5FFF70A
:105F8000FAFE00B210BD072210B5FFF7F4FE00B212
:105F900010BD082210B5FFF7EEFE00B210BD2DE9CE
:105FA000FF41074608880C461D46ADF8000016461E
:105FB0004888ADF802000888ADF80400C888ADF83C
:105FC00006008888ADF8080048886946ADF80A00E0
:105FD000A088ADF80C00E088ADF80E00384601F05E
:105FE00073FE01A92B463246384601F06DFE02A928
:105FF0002B463246384601F067FE03A92B4632464F
:10600000384601F061FEBDF90030BDF9040083425D
:1060100001DA1D4600E00546BDF90810BDF90C2067
:10602000914201DA0E4600E01646B54205DA834297
:1060300001DA1A4604E0024602E0914200DA0A461A
:106040002280BDF90030BDF904108B4201DD1D46F0
:1060500000E00D46BDF90800BDF90C20904201DDBD
:10606000064600E01646B54205DD8B4201DD1A46C4
:1060700004E00A4602E0904200DD0246A280BDF93B
:106080000230BDF90620934201DA1D4600E01546B4
:10609000BDF90A10BDF90E00814201DA0E4600E09A
:1060A0000646B54205DA934201DA184604E0104686
:1060B00002E0814200DA08466080BDF90230BDF995
:1060C00006108B4201DD1D4600E00D46BDF90A00B9
:1060D000BDF90E20904201DD064600E01646B542AD
:1060E00005DD8B4201DD184604E0084602E09042DF
:1060F00000DC1046E080052220461146F4F722FE1F
:10610000BDE8FF81018B808A081A401C00B27047ED
:1061100070B50546FEF70CFF040012D0A88AA18ACC
:10612000451A2046FFF75DF8054420460021FFF799
:1061300038FD2D1A20460021FFF724FC281A00B252
:1061400070BDB5F9140070BD70B50546FEF7F0FEE0
:10615000040012D0E88AE18A451A2046FFF748F881
:10616000054420460021FFF7B8FD2D1A20460021E6
:10617000FFF708FC281A00B270BDB5F9160070BD13
:1061800010B50446FFF7E0FF02462046FEF78FFEFB
:10619000104400B210BDC069814301D00020704797
:1061A00001207047C069084000D001207047008C72
:1061B000084000D001207047F8B514460D46502223
:1061C0000646FFF7D8FD00B26080002810D05322A9
:1061D00030462946FFF7CFFDC0B22073022807D909
:1061E00029463046FFF740FC022802D800202073E1
:1061F000F8BDFD2804D2217B11FB00F0000A2073BA
:10620000207B0228F4D9522229463046FFF7B3FDFD
:10621000024629463046E6F798FE00905422BDF823
:106220000000294620803046FFF7A5FD512229466F
:10623000A0603046FFF79FFD00B10120617B002D7B
:1062400060F382016173D3D029463046FFF78CFB9F
:10625000617B60F301016173F8BDF8B514460E4629
:1062600046220546FFF787FDC0B2E072022808D932
:1062700031462846FFF7F8FB02284FF0000101D80D
:10628000E172F8BDFD2804D2E27A12FB00F0000AA8
:10629000E072E07A0228F4D921804FF480706080A7
:1062A0004822288BA98A401A401C00B200EBD0700B
:1062B0004010A080688BE98A401A3146401C00B229
:1062C00000EBD0704010E0802846FFF754FD10F03E
:1062D000FF00A0720DD0472231462846FFF74BFD44
:1062E000024631462846E6F730FE0090BDF8000031
:1062F0002081002EC5D031462846FFF735FB20739C
:10630000F8BDF8B514460D4656220646FFF733FD94
:10631000C0B2A076022807D929463046FFF7A4FB71
:10632000022802D80020A076F8BDFD2804D2A17E64
:1063300011FB00F0000AA076A07E0228F4D92946BD
:106340003046FFF792FD00905822BDF80000294624
:10635000A0813046FFF70FFD59222946A082304622
:10636000FFF709FD5A22294660823046FFF703FDF8
:10637000A17F60F30201A1773DB129463046FFF7C6
:10638000F3FAA17F60F3C501A17729463046FFF7F4
:1063900079FD5B22294620603046FFF7ECFC207730
:1063A000F8BDF8B514460D464E220646FFF7E3FC4D
:1063B000C0B22072022807D929463046FFF754FBA5
:1063C000022802D800202072F8BDFD2804D2217ACC
:1063D00011FB00F0000A2072207A0228F4D9492229
:1063E00030462946FFF7C7FC00B260800028EBD09A
:1063F0004D2229463046FFF7BEFC0246294630466C
:10640000E6F7A3FD00904A22BDF80000294620804F
:106410003046FFF7B0FC00B2A08028B14B223046D6
:106420002946FFF7A8FCE0804C2230462946FFF7BA
:10643000A2FC08B1012100E00021607A61F3820032
:106440008108002D61F3C3006072BDD0294630463B
:10645000FFF78AFA617A60F301016172F8BDF8B55D
:1064600014460D460646FFF7FFFA074685B1022F90
:1064700009D80020E070A07684F8220084F82A0071
:1064800084F83600F8BD29463046FFF76DFAA07053
:106490000B2230462946FFF76EFCE1782080002968
:1064A00055D0212230462946FFF765FCC0B2E07086
:1064B00002284CD929463046FFF743FA009026229D
:1064C000BDF800002946A0803046FFF754FC0100CB
:1064D00007D0487A400704D00A22A01DFCF7EAFF43
:1064E00035E0232230462946FFF745FCE17B60F387
:1064F0000201E173480721D029463046FFF721FA0F
:1065000000902222BDF800002946E0803046FFF7C7
:1065100032FC024629463046E6F717FD0090242259
:10652000BDF80000294660813046FFF724FC252293
:10653000294620723046FFF71EFC20732722304682
:106540002946FFF718FCE17B60F3C501E1733222B5
:1065500030462946FFF70FFC00B2208428B394F898
:10656000220010B3312230462946FFF704FCC0B2A6
:1065700084F82200022818D9332230462946FFF732
:10658000FAFB94F82310302260F34501304684F87A
:1065900023102946FFF7EFFB024629463046E6F76F
:1065A000D4FC0090BDF80000E08329463046FFF798
:1065B00092FAE084E8B194F82A00D0B12946304636
:1065C000FFF77DFA022884F82A0012D929463046BE
:1065D000FFF77BFA3622294620853046FFF7CBFBB2
:1065E000024629463046E6F7B0FC0090BDF80000B0
:1065F000A084A07E80B3282230462946FFF7BBFB4B
:10660000206148B3292230462946FFF7B4FBC0B2C7
:10661000A076022820D92069FBF782FA022871D0DF
:106620002A2229463046FFF7A6FB02462946304675
:10663000E6F78BFC00902B22BDF800002946208352
:106640003046FFF798FB2C222946E0763046FFF7CC
:1066500092FB00B10120207794F8360070B32946F0
:106660003046FFF7FCFBE08540B394F83600022883
:1066700024D929463046FFF7E6FB022884F8360085
:106680001CD929463046FFF7C6FB294620863046EE
:10669000FFF7CDFB294660863046FFF7DAFB442240
:1066A0002946A0863046FFF766FB0246294630465B
:1066B000E6F74BFC0090BDF80000A085FD2FBFF46D
:1066C000E1AEE278A57E94F8223094F82A0012FB1D
:1066D00007F294F8361015FB07F513FB07F3160ABB
:1066E000E67010FB07F02A0AA27611FB07F11B0ADD
:1066F00084F82230000A84F82A00090A84F8361047
:10670000F8BDFFE729463046FFF7BCFB294660612C
:106710003046FFF7AAFB0090BDF8000020839BE7FE
:106720007CB50546E6F7E1FB05F114010446684631
:10673000F4F766FABDF800006946001BADF80000EA
:10674000BDF80200001BADF80200BDF804002044B3
:10675000ADF80400BDF806002044ADF80600284658
:1067600000F001F87CBD7CB50C460546FEF76CFBDD
:10677000F6F72AFD00280FD021466846F4F740FAC4
:1067800069462846FDF7DCFC002805D02846FEF7C0
:106790005BFB6946E6F74AFA7CBD0068002808D032
:1067A000017E8907F9D0007E00F00300012800D0A7
:1067B000002070470068002809D0017E11F00C0FFE
:1067C000F8D0007EC0F38100012800D0002070477F
:1067D00010B509490446FFF7E5FC08B1002010BDDB
:1067E0002046FEF7A5FB0028F9D00021FFF71EF98F
:1067F0000028F4D0012010BD010006007CB505463C
:10680000E6F773FB05F1140104466846F4F7F8F95E
:10681000BDF800006946001BADF80000BDF802009D
:10682000001BADF80200BDF804002044ADF80400E0
:10683000BDF806002044ADF806002846FDF780FCB0
:106840007CBD10B5418C41F001014184FEF774FB21
:10685000418C41F004014184FEF7F6FA40680028BB
:1068600003D0BDE8104004F013B910BD2DE9F04786
:106870009946174688468246FEF75AFA002506468C
:1068800024E000BFDAF80810B9F1000F086850F8EA
:10689000254005D04FF480212046FFF77CFCA0B9AD
:1068A000A38A628BE18A03EB0800B4F818C03A446B
:1068B000A082CB19E3820CEB08012183002341461F
:1068C000204662833A46FFF7D1FF6D1CB542D9D30B
:1068D000BDE8F0872DE9FF47456816460F46044698
:1068E0009DB300212846FFF75CF900218046284629
:1068F000FFF7F3F94FF4802181462046FFF74BFC68
:1069000048B1A98A07EB0803EA8A06EB0900194493
:106910000FB2104410E02846FEF763FCAA8A02EB8F
:106920000801081A384407B22846FEF761FCEA8AD3
:1069300002EB0901081A304406B228460021FFF78D
:1069400021F8391830440FB206B2A08AE18A381A09
:10695000711A06B20FB20EB9002F40D02046FFF7D1
:10696000DFFE02A92046FEF769FA4FF0000875B174
:1069700069462846FEF700FA0022694602A8E5F7B4
:106980002BFE5FEA000802D1284600F079FEA08ABB
:10699000628BE38A3044218B3A44A0823B44E382F9
:1069A0003144218300233146204662833A46FFF773
:1069B0005DFF8DB1222122462846F9F7ADFC204625
:1069C000FFF7AEFE0022694604F11400E5F704FE6D
:1069D000B8F1000F07D104E02046FFF7A1FEBDE8A3
:1069E000FF870028FBD0284600F04AFEF7E770B585
:1069F0000C00064604D5FEF79BFAFEF799F904440D
:106A00003046FEF75AFA02463046FEF791FA002C5D
:106A100005462DDBFEF78CF9A04229DD944227D0F4
:106A200015DA6FF00301A24214DDA86801EB8203BE
:106A30000068C35840F82230521EF4E7A86801EB02
:106A400082030068C35840F82230521C00E0042141
:106A5000A242F3DBA86800222221006840F82460EB
:106A60002846F9F759FC2846BDE87040FFF758BEA4
:106A700070BD2DE9F0410D460646FEF7A4FBA0B916
:106A80003046FEF7A7FB04463046FEF75DFA0028C5
:106A90000BDA002C09DD4042844200DB04462B4621
:106AA00022B23046002100F093FC3046FEF784FB12
:106AB000002825D13046FEF7C1FA04463046FEF7DD
:106AC0001DFB002107463046FEF717FF01280BD0BB
:106AD000002F15DA002C13DD7842844200DB0446D7
:106AE0002B4621B2002206E0002C09DA002F07DD38
:106AF00000222B4621463046BDE8F04100F068BC3C
:106B0000BDE8F0812DE9F04786B08946866802A984
:106B100004464846FEF792F94846E6F7E6F901468C
:106B2000024602A8F4F70EF902AA314604A8E5F7D6
:106B30002AFD4FF400250DF1100A20B929464846D8
:106B4000FFF729FB98B114214FF00108224648466F
:106B5000C4F808A0F9F7E0FB152122464846F9F7EA
:106B6000DBFB162122464846F9F7D6FB01E04FF041
:106B7000000829464846FFF70EFB20B13068009018
:106B80007068019006E009F1140231466846E5F7A5
:106B9000FAFC90B14846C4F808D0FEF7C9F80025C1
:106BA000074608E0D9F80800006850F8251020468C
:106BB00005F024FF6D1CBD42F4D3B8F1000F10D0D6
:106BC000172122464846C4F808A0F9F7A5FB18216A
:106BD00022464846F9F7A0FB192122464846F9F714
:106BE0009BFBA66006B0BDE8F0872DE9F14F82B0AF
:106BF0000298FFF7EDFD00287CD10298FEF798F986
:106C0000009000210298FFF7BEF900218246029809
:106C1000FFF7BFF90646009868B1FEF7F5F8814620
:106C20000098FEF7D7F805464FF0640BCAF34130E1
:106C3000012803D012E032465146A4E02AF4C040B5
:106C4000B0F5FA6F0ADCB0F57A7F01DDC0F57A7035
:106C500000FB09F090FBFBF00FFA80FAC6F341301D
:106C600001280DD126F4C040B0F5FA6F08DCB0F56C
:106C70007A7F01DDC0F57A70684390FBFBF006B2C5
:106C8000029800216B22FFF776F807B202980021E4
:106C90006C22FFF770F802B20298FFF733FA8046D1
:106CA0000298FEF704F90446C7F3413001280ED1DB
:106CB00027F4C040B0F5FA6F09DCB0F57A7F01DD4A
:106CC000C0F57A7000FB08F090FBFBF007B2C2F34E
:106CD000413001280DD122F4C040B0F5FA6F08DC34
:106CE000B0F57A7F01DDC0F57A70604390FBFBF070
:106CF00002B200E05AE0B1180AEB07000FB206B288
:106D000002980021FEF7D6FD50B1012839D0801E2F
:106D1000082836D2DFE800F00B1320242E183D405F
:106D200000980021FEF7E3FD012808D029E009EBD7
:106D3000D97108EBD8704910A1EB600001E0A9EB14
:106D40000800304406B21CE005EBD57004EBD471AA
:106D50004010A0EB610000E0281B384407B210E0AF
:106D600009EBD97108EBD8704910A1EB60003044F1
:106D700006B2F1E7291BA9EB08003044394406B2FA
:106D80000FB231463A46029803B0BDE8F04FFFF724
:106D9000A1BDA9EB080006E009EBD97108EBD8709A
:106DA0004910A1EB6000304406B2CDE7BDE8FE8F8C
:106DB0002DE9F04F0446408C87B0010501D5400510
:106DC0007ED42046FEF7B4F85FEA000878D020466B
:106DD000FEF734F901900026608C4FF4FA6B42F212
:106DE000D17A000503D52046FFF78CF95DE000213C
:106DF0002046FFF7AAF85045054601D1012600E0DC
:106E00000026C5F34130012805D125F4C04058457E
:106E100001DC012000E0002081464046FDF7F4FF40
:106E2000074626B12046E8F753F805462BE0B9F1AE
:106E3000000F28D0B8F82200000518D400214046E1
:106E4000FFF783F8504512D100212046FEF79AFD46
:106E5000002105462046FEF7A4FE00EB050920466A
:106E60000021FEF7E6FE411901EB09000AE025F4D6
:106E7000C040B0F57A7F01DDC0F57A7078436421B7
:106E800090FBF1F005B2204600210222FEF773FFCD
:106E90000FFA80F9204600210322FEF76CFF02B2B0
:106EA0003B4649462846F5F71BFB07462046FEF7BA
:106EB00091F900904FF00009618C480505D500E07C
:106EC0006CE02046FDF7F3FF54E000212046FEF77A
:106ED0008FFDA0F51C510546D13907D05FF00000A9
:106EE000C5F341318146012902D007E00120F7E7CF
:106EF00025F4C040584501DC012000E00020834615
:106F00004046FDF767FFB9F1000F824604D02046E6
:106F1000E7F76CFF05461BE0BBF1000F18D0B8F88F
:106F20002200400507D400214046FEF761FDA0F590
:106F30001C51D13936D025F4C040B0F57A7F01DD3F
:106F4000C0F57A70642100FB0AF090FBF1F005B205
:106F5000204600210522FEF70EFF0FFA80FB204697
:106F600000210622FEF707FF02B253465946284683
:106F7000F5F780FA56EA0906054605D000232046B3
:106F8000DDE9002100F025FB2046FFF7BBF8B84201
:106F90001BD12046FDF78BFFA84216D1002007B079
:106FA000BDE8F08F00212046FEF7ECFC00210546ED
:106FB0002046FEF792FE00EB050B20460021FEF76F
:106FC00090FD411901EB0B00C1E72046FFF7A8FB3C
:106FD00002A92046FDF732FF04A94046FDF7CCFE8A
:106FE000002204A902A8E5F7F7FA060002D14046FC
:106FF00000F046FBE08A6D1E002128446083204695
:10700000FEF775FC01281CD0A08A7F1E384420831F
:107010002921204602AAF9F77FF92221224640467B
:10702000F9F77AF92046FFF77BFB608C002204A970
:1070300040F00200608404F11400E5F7CDFA36B99F
:1070400004E0208BC01B401CA082E1E710B1404649
:1070500000F016FB204600F002F801209FE738B54B
:107060000446E5F742FF05466A460020ADF80000F9
:1070700013212046F9F750F9BDF90000A84202D0CB
:107080002046FFF74DFBA06818B1BDF80010C18283
:1070900009E0BDF8000030B12046FDF733F8A168E3
:1070A000BDF80000C882BDF90000A84202D0204609
:1070B000FFF736FB38BD70B500210546FEF745FFEA
:1070C000002104462846FEF793FC42F2D172944216
:1070D00003D0904201D0002070BD2846FFF7B1FBDD
:1070E000012070BD2DE9F84F0446514890460D46E9
:1070F0000078002870D02046FFF712FB042140469C
:1071000005F47F0501F09AFF02210646404601F092
:1071100095FF01218146404601F090FF102100902B
:10712000404601F08BFF07464FF6FF7BEEB1B5F509
:10713000702F12D08DB1002120460422FEF71BFED5
:1071400000B242F2D17A504507D0002120460122F8
:10715000FEF711FE00B250454DD1002220462A21F3
:10716000F9F7DAF82046FFF76CFB4FF4702A554523
:1071700000D085BBD84500D02EB12046FDF7D8FE03
:1071800008B1FFF75EFB554500D025BB1FB30021BA
:1071900020466E22FEF7EFFD00B240B900212046E6
:1071A0006D22FEF7E8FD00B2B0F5807F01D0022726
:1071B00014E0002120466122FEF7DDFDC0B2FF2869
:1071C00007D1002120466822FEF7D5FD10F0FF0F01
:1071D00003D0012702E00EE028E00027A06820B1DC
:1071E000817E67F38711817605E027B12046FCF7A1
:1071F00089FFA068F4E75F46B84502D0B9F1000FF7
:1072000002D02046FFF72BFF2046FFF789FAB8454A
:1072100004D0009949EA0600084207D0B5F5803F3E
:1072200004D02046BDE8F84F05F0B2BEBDE8F88FA7
:10723000840100202DE9F0410446408C15460E469D
:1072400004220021C0F305100BE000BFE36802EB4D
:10725000C107DB59DF0103D523F07F43AB4202D0E6
:10726000491C8842F2D8884202D10020BDE8F08152
:10727000E06850F83100314601F01AFF28B132467B
:1072800029462046FFF72EFF01E00028EED001201E
:10729000ECE72DE9F05F4FF6FF7A05461FFA82F81A
:1072A00056460F0002F47F0902D0F87900B9002693
:1072B0000024214658E0EA68042000EBC40BD045C6
:1072C00052F80B0083B2C0F3074C4FEA0C4C01D0CC
:1072D000434509D1B9F5702F01D0CC4504D12FB168
:1072E00052F83420BA4201D0641C3DE0800105D53B
:1072F000002352464946284609F088F8E86850F8C5
:107300000B10CA0101D489010CD550F8340001F0EA
:1073100030FFE86850F83400FCF790F8E968002086
:1073200041F83400082320460AE0E96803EBC00274
:107330000A4401EBC001401CD2E900C2C1E900C20D
:10734000698CC1F30511491E8142EED8688C010990
:10735000491E61F309106884C0F30511E868C9008B
:10736000FCF790F80121E860688CC0F30510A0429A
:10737000A1D8002908D0002E06D03246494628461A
:10738000BDE8F05FFFF7AEBEBDE8F09F014A002107
:10739000FFF77FBFFFFF0F0070B506460B48007870
:1073A000002812D000200CE0002506E0E06850F82C
:1073B0002510304605F0C9FE6D1C606AA842F5D85C
:1073C0002046F5F7CBFE0400EED170BD840100200D
:1073D0002DE9F04116460D4692B0074651EA0600E7
:1073E0007AD0012B1DD03E493846F2F725FE3D49A3
:1073F0003846F2F721FE002238460921F8F78CFFC3
:10740000012869D1324629463846E5F77AFD012838
:1074100062D112B0384600220A21BDE8F041F8F7E7
:107420007BBF3846FDF710FD80466846F2F752FEF6
:107430002D484FF4C874009703902DB34046F5F7DC
:1074400067FE40102A460021F2F7ABFEC82801D2A1
:10745000C82002E0A04200D920460B903846FDF734
:10746000C0FE291A6A4640420890CDE909011D482C
:10747000092101901D4807903846F8F74DFF012873
:107480002AD16846F2F79AFE002E25D04046F5F73D
:1074900085FE401032460021F2F783FEC82801D253
:1074A000C82002E0A04200D920460B903846FDF7E4
:1074B0009FFE311A6A4640420890CDE9090108480A
:1074C00009210190094807903846F8F725FF01285F
:1074D00002D16846F2F772FE12B0BDE8F0810000FA
:1074E000CDD50208B5D502087DD202083BA101081E
:1074F0002DE9F047154699460C46824651EA0500AB
:1075000065D0504600F010FC5046FDF76AFE404240
:107510000FFA80F808EB040004B250460021FEF791
:10752000ECF9012813D0002C13DC25DA5046FDF7C6
:1075300085FD06465046FDF7E1FD304400B20028C7
:1075400000DA00204042844216DA04B214E0002C33
:1075500002DA4FF000040FE00EDD5046FDF76EFD3D
:1075600006465046FDF7CAFD304400B2002800DA56
:107570000020844200DD04465046FDF739FE4042BB
:1075800006B2701905B2002D02DD4FF0000510E0C3
:107590000FDA5046FDF71EFE07465046FDF7D4FCB5
:1075A000384400B2002800DA00204042854200DA68
:1075B00005B2AA1BA4EB080001B212B251EA020004
:1075C00005D04B465046BDE8F047FFF701BFBDE888
:1075D000F08770B51D46164604461A4600F024F89A
:1075E0002A4631462046BDE8704000F033B8F8B571
:1075F0000E46044600F098FB002000902046FDF760
:1076000097FC04F1140705460AE033466A46214612
:10761000384605F041FE2C462046FDF789FC05461C
:10762000002DF2D1F8BD000070B514460D46084992
:107630000646F2F701FD3046FDF7D3FD401B234619
:1076400001B23046BDE870400022FFF751BF000094
:10765000B5D5020870B514460D4608490646F2F73E
:10766000EBFC3046FDF7C4FD401B234602B230461A
:10767000BDE870400021FFF73BBF0000CDD50208F8
:107680001FB502AA04466946FDF7BAFD6846F3F73E
:107690002CFB20B902A8F3F728FB002810D068467D
:1076A000F3F723FB18B169462046FFF75CF802A800
:1076B000F3F71BFB002803D002A92046FFF753F87D
:1076C0001FBD70B50C460546FCF71CFDA8688482FA
:1076D00070BD000070B51D4616460022044600F03D
:1076E00049FA00223146204600F02CFA00222946B1
:1076F000204600F047FA0448002201882046BDE8F1
:10770000704000F058BA00005C02002010B5002262
:10771000044600F01FFA0448002201882046BDE814
:10772000104000F048BA00005C02002010B50022B2
:10773000044600F017FA2046FDF7FAFBBDE81040BA
:10774000FFF77FB838B500230C46042105466A468A
:10775000FDF7CEFB012807D0002804D100222146E6
:10776000284600F017FA38BD0098A042F6D138BD7F
:1077700010B589B20446002200F01DFA2046BDE88B
:107780001040FFF75EB82DE9F04115460C461F4644
:1077900006461946F0F7AAFD2A46214601F0ECFDFF
:1077A000224639463046BDE8F041FFF79BBC70B534
:1077B000064640680C46002865D0002C63D0304651
:1077C000FEF7AEFF2046FCF79DFC75683046FDF7DE
:1077D00074FB0422014607E0A86802EB81030068FD
:1077E000C35840F82130491C2846FDF7A1FA801EF5
:1077F0008842F1DAA9684868401E4860A96806D046
:107800000A6881001046FBF73DFEA96804E008689D
:10781000FBF714FEA96800200860A1684868401CB6
:107820004860A168820008681146FBF72BFEA1683A
:1078300008602046FDF77CFAA1686FF0030202EBB6
:10784000800009680E5028467460FFF719FF222156
:1078500032462846F8F760FD002228462421F8F732
:107860005BFD222132462046F8F756FD00222046D5
:107870002321F8F751FD3046FEF7E3FF3046BDE81F
:107880007040FEF74DBF70BD70B51546044600F060
:10789000EAF929462046BDE8704000F0FAB970B513
:1078A0000C460546FCF72EFCA868417E01F00F014E
:1078B000A14200D0447670BD70B50C460546FCF779
:1078C00021FCA868017E64F38301017670BD70B568
:1078D0000C460546FCF716FCA868017E64F305110A
:1078E000017670BD70B50C460546FCF70BFCA86828
:1078F000017E01F00302A24207D064F30101017688
:107900002846BDE87040FEF70BBF70BD70B5154648
:10791000044600F092F929462046BDE87040FFF782
:1079200011BF00002DE9F34F8FB08246008C1099F3
:1079300088427DD004905046AAF82010109A0499ED
:10794000E5F7C4FB5FEA000872D04FF420742046CC
:10795000FBF716FD21460290FBF76EFE0024204641
:1079600072E000BFDAF80C00042202EBC90500EB5C
:10797000C9010D91405920F07F4000F0A3F900901B
:10798000DAF80C00405920F07F4000F098F906909A
:1079900010990098884355D10D984068800151D4C2
:1079A0000D9867210AAA006801F032FA012849D12E
:1079B0000A9D002740E000261EE000BF029806EB6B
:1079C000860100EB81010E91D1F804B0584600F019
:1079D00079F90890584600F072F92A680E9932F841
:1079E000172009898A4206D10699884203D1009955
:1079F0000898884202D2761CA642DFD3A6421AD14A
:107A0000029B04EB84010298AA8900EB810023F811
:107A10002120298A4180A968C160296831F817109E
:107A20000181696801610D99496821F07F4100E099
:107A30004DE0641C41607F1C286830F8170008B1D5
:107A4000202CB8D309F101008146BAF82200C0F316
:107A50000511494501D9202C84D3002510E000BF31
:107A6000029805EB850100EB8106706800F027F9AC
:107A7000109B0146049A50460096E5F787FA6D1C64
:107A8000A542EDD30298FBF7C7FCB8F1010F0ED069
:107A9000B8F1030F11D0B8F1020F18D15046FEF71C
:107AA0003FFE11B05046BDE8F04FFFF7D8BA11B015
:107AB0005046BDE8F04FFEF733BE11B050464FF4CC
:107AC00070214FF6FF72BDE8F04FFFF70BBB11B00E
:107AD000BDE8F08F13460A460921FFF754BE07B4EC
:107AE00081B01346BDF80810ADF800105221009A7D
:107AF00004B0FFF748BE13460A461621FFF743BEFF
:107B000007B481B01346BDF80810ADF8001020216D
:107B1000009A04B0FFF737BE13460A462821FFF744
:107B200032BE13460A462121FFF72DBE07B481B0AD
:107B30001346BDF80810ADF800103021009A04B0CB
:107B4000FFF721BE13460A460149C988FFF71BBE4D
:107B50005C02002013460A4601494988FFF713BE1C
:107B60005C02002013460A4601494989FFF70BBE13
:107B70005C02002013460A4601498988FFF703BECC
:107B80005C02002013460A4601490989FFF7FBBD44
:107B90005C02002013460A460421FFF7F4BD07B437
:107BA00081B01346BDF80810ADF800104721009AC7
:107BB00004B0FFF7E8BD13460A460A21FFF7E3BD0C
:107BC00007B481B01346BDF80810ADF800104D2180
:107BD000009A04B0FFF7D7BD13460A460221FFF70B
:107BE000D2BD07B481B01346BDF80810ADF800103F
:107BF0004421009A04B0FFF7C6BD13460A465B2134
:107C0000FFF7C1BD07B481B01346BDF80810ADF849
:107C100000105521009A04B0FFF7B5BD13460A467F
:107C20000121FFF7B0BD13460A460721FFF7ABBDA0
:107C300013460A460821FFF7A6BD38B500230C46B7
:107C4000012105466A46FDF753F9012807D00028AF
:107C500004D1002221462846FFF7E0FF38BD0098F6
:107C6000A042F6D138BD38B500230C4607210546A1
:107C70006A46FDF73DF9012807D0002804D100220B
:107C800021462846FFF7CFFF38BD0098A042F6D125
:107C900038BD38B500230C46082105466A46FDF775
:107CA00027F9012807D0002804D1002221462846C0
:107CB000FFF7BEFF38BD0098A042F6D138BD00F4F2
:107CC0007F00704780B270472DE9F0411E4615468F
:107CD0008846070025D0E5F70EF9022813D00024C6
:107CE0009EB13DB13846FDF723F933462A46414659
:107CF000FFF7EAFF002C14D0324641463846BDE873
:107D0000F04108F0D7BB0124EAE724B132464146EE
:107D1000384608F0CFFB002D03D03846FDF708F9B0
:107D2000D7E7BDE8F081000070B50B4D2978002938
:107D300011D101212970FDF7FFF8044606E000BFCC
:107D400020F0040060842046F1F7D4FE608C4107E7
:107D5000F6D40020287070BD7C010020132808B5DF
:107D600002D209B1042905D9F4F704FC0090BDF84A
:107D7000000008BD044A491EC9B202EBC00000EB76
:107D80004100008808BD000084560308132808B588
:107D900002D209B1052905D9F4F7ECFB0090BDF832
:107DA000000008BD054A491E00EB8000C9B202EB85
:107DB000400000EB4100008808BD0000C6550308E4
:107DC000132808B505D3F4F7D5FB0090BDF80000E3
:107DD00008BD024901EB4000008808BDA05503081A
:107DE000002801DAC0F57A7040F4005000B2704704
:107DF0002DE9FE4F0C00174605461E4602D1B7F589
:107E0000807F72D02888002C3188A0EB010001B25D
:107E1000298070886A88A2EB000000B2688066D072
:107E2000DFF8FCB0DBF80000A04244D0B4F5616F8D
:107E3000204601DDA4F56160002801DA00F56160EB
:107E40000A2190FBF1F8C8F100030FFA88F203EB66
:107E5000830308F1010A00EB4309104602F034FFE6
:107E600002900FFA8AF002F02FFF08F15A010190F8
:107E700008B202F029FF0AF15A01009008B202F09C
:107E800023FF0299C9F10A020346DDF804C04FF04E
:107E90000A0802FB01F000990CFB09004A4303FBAE
:107EA000092190FBF8F091FBF8F1CBF8004042116A
:107EB0004911CBE90121DBE90132B5F90010B7F531
:107EC000807FB5F9020034881BD002FB01FC5943C6
:107ED00003FB10C302FB00107B43784304EBA34178
:107EE0002980718801EBA0406880BDE8FE8F79434E
:107EF0003288784302EB21212980598801EB202028
:107F0000F2E702FB01F7594303FB107302FB001178
:107F100004EBA3202880708800EBA120E4E7000098
:107F2000D001002030B5B0F90420B0F900300D8840
:107F3000D21A448802EBD272521098184B88291A30
:107F4000A018181A11FB01F112FB02F210FB00102D
:107F5000904201D8012030BD002030BD0D490022E3
:107F60004FF41663A1F11C0010B5F4F7BCFF0A48EA
:107F7000F4F7C8FF0848F0224FF48C71028041806A
:107F80000649416103491C39C160BDE81040F4F75E
:107F9000E3BF0000EC450120AC58012045FF00087C
:107FA00070B501230C46002110E0D50706D0A3FBD5
:107FB000005601FB006103FB04112B46A0FB005699
:107FC00004FB006600FB046452102846002AECD132
:107FD000184670BD2DE9FC4100250E4614310746B8
:107FE0002A46E4F7F9FA002826D001213046FEF7A8
:107FF000D2F800BB3046E4F77EFFE0B900206A46C5
:1080000012218DF8000030460197F8F785F99DF8A8
:10801000000002280FD03046FCF78AFE401E040004
:108020000ED4B068006850F824103846FFF7D2FF2D
:10803000050009D102E00020BDE8FC81641EF0D5F6
:108040009DF8000000B935462846F5E72DE9FC41CA
:10805000DFF8B48000254FE0294491F83011E9BBE6
:10806000002441E0011991F83011C1BBA5423AD07A
:1080700000EBC40100EBC50030303031E4F700FB09
:1080800068B37068B04600EBC40200EBC5016846F7
:1080900030313032E4F7F3FB6846F2F726FE06464D
:1080A000D8F8040000EBC5003030F2F71EFE07469A
:1080B000D8F8040000EBC4003030F2F716FE384464
:1080C000864210D2D8F804004646694600EBC50047
:1080D0003030F2F79EFD7168012001E00BE002E014
:1080E000214481F83001641CD8F804004646B0F8F9
:1080F0005011A142B6D86D1CD8F80410B1F8502127
:10810000AA42A9D8BDE8FC818801002010B50C4620
:1081100091F82A10002021F00101A084E08420853C
:10812000204684F82A101021FCF7D2F94FF4007190
:108130002046FCF7CDF906482146FCF7FFF8FCF78E
:1081400071F92046BDE81040002202A100F00AB9F2
:10815000805903084F7074696F6E20310A4F707434
:10816000696F6E20320A4F7074696F6E20330A4F48
:108170007074696F6E20340A4F7074696F6E2035A9
:1081800000000000F8B557480E46FCF7A9FD01288D
:108190002ED13046F8F77DF805463046F8F7B7F8A7
:1081A0002C2D04461CD02A2D23D0292D2DD0012D75
:1081B0002DD0022D37D0082D50D0032D4ED00E2DAE
:1081C00050D00F2D5DD00D2D66D0132D7CD0152DE8
:1081D00001D0182D0CD13046BDE8F840EBF7B0BA0D
:1081E0003046F8F792F805462046F0F74BFB28801A
:1081F000F8BDF0F778F818B100222A21F8F78CF8CA
:108200002046FEF758FF002141E0002140E0A06A2F
:1082100020F400312046A162F0F765F8BDE8F8408F
:108220003149F1F709BFF9F78DFC6946F9F7D0FC40
:10823000BDF802000028DBD02046F0F754F80546D0
:10824000FDF782FFBDF80210084401B22846FFF78F
:1082500020FDA06A40F40030A062F8BDBDE8F840FF
:1082600004F0B6BEFCF71EFEF8F79CFC0546F9F7D5
:1082700069FCF9F7A8FC042800D115B1E08C208531
:10828000F8BDE18C208D8142FAD00121E0842046A6
:10829000BDE8F84004F002BD3046F8F736F8007843
:1082A000132812D0122810D0142801D01128E7D199
:1082B000E08C0028E4D0258D401E81B220460122AA
:1082C00000F0BBF82585F8BD06E0E08CA18C401CD1
:1082D0008842F8D2258DF0E7F0F705F8BDE8F840C0
:1082E000FEF7BDBE6459030851D7020870B50E46AB
:1082F0000846F7F7CEFF1528044605D01848314642
:10830000FCF7EEFC012823D13046F8F700F8132CD7
:10831000054608D0292C1CD0152C19D13046BDE8B3
:108320007040EAF7A7B83046F7F7EFFF0446284653
:10833000FCF7FEFDF0F7A6FA06462846FDF7E2FE3A
:108340000246B4F90000B11A884200DC08462080D9
:1083500070BDFCF7EDFDBDE87040002104F09EBC4F
:10836000805903082DE9F84F5FEA010915460446D4
:108370000DD02046EFF7B7FF00904FF0000BA4F8A8
:1083800026B05846A4F828B0A4F824B006E0FEE7CA
:108390000A2902D1A18C491CA184401C19F80010A3
:1083A0000029F5D1A08C00F10100A08494F82A00E6
:1083B000D5B340F00101484684F82A10D7F7DFFF13
:1083C000471CC7EBC7008246FAF7DAFF00250646CE
:1083D000A0F10108494607FB0560D7F7F2FF6D1CC5
:1083E0000A2007FB05F1EDB2072D01F80800F1D3D3
:1083F0000AEB060101F801BC31460098FAF7CAFC05
:108400003046FBF709F8A08C00EB4001E184C0EB9B
:10841000C000A0842046F0F799FEE08C20850098EB
:10842000BDE8F84FFEF71BBE20F0010084F82A00DB
:1084300000984946FAF7AEFCEFE7F0B490F82A301E
:10844000DC07838C1ED00724C58CB3FBF4F4B5FB8A
:10845000F4F7A14216D207FB1455AEB20FFA86FC10
:10846000ACEB0105002D01DCA1EB0C05B5EB540FC5
:1084700005D98E420D4601D9291900E0291B04FBBC
:10848000071189B28B4200D8591EC184018511465B
:10849000F0BC04F003BC10B5F4F722FEBDE81040B8
:1084A000F4F766BE70B50C4691F87400002120F018
:1084B000030021674FF4407184F874002046FCF7F4
:1084C00007F810212046FCF703F80020F4F70EFE11
:1084D000502505EBC000B0F5A07F08DB0020F4F7C5
:1084E00005FEA02105EBC00090FBF1F000E00120AB
:1084F00001B22046BDE87040FFF7E3B82DE9F34F25
:1085000083B0FE480499FCF7EBFB012852D1049894
:10851000F7F7BFFE05460498F7F7F9FE044600F0AA
:1085200061FA112D064617D0012D46D0022D78D0C4
:10853000082D77D0032DFCD00E2D74D0292D73D0AB
:10854000132D72D00D2D71D0152D33D1049805B097
:10855000BDE8F04FE9F7CCBE0498F7F7D6FE054624
:10856000A06810B1B0F9147000E00027684604F16B
:108570006801F2F796FB3A4668461146F2F7E2FBCD
:10858000296800226846E4F7E7F80028287111D12D
:10859000022E0FD104F160016846F2F782FB3A46E1
:1085A00068461146F2F7CEFB296800226846E4F7D8
:1085B000D3F8287105B0BDE8F08F2046FEF7B0F87B
:1085C00094F8740040F0010184F874109EB1012EFB
:1085D00011D0022EEED1F9F7B5FA6946F9F7C8FACB
:1085E0002046FDF78FFD05462046FCF760FC8542DE
:1085F00004DB012503E004F1240042E000252046CD
:108600000021FDF780F9DDB3012810D0B4F96C101A
:10861000BDF900008842EEDCB4F96010884240DB0E
:108620000FE067E0EFE01FE12DE132E1A2E1B4F9F4
:108630006810BDF900008842DDDBB4F9641088429F
:108640002FDCB4F96420B4F96000BDF90010121AEF
:1086500002EBD27200EB6202501A002800DC881A8A
:10866000B4F9682003B2B4F96C00801A00EBD07042
:1086700002EB6002501A002800DC881A00B22BE0DE
:1086800005E0206796E7206784F8741092E7B4F954
:108690006A20BDF902009042ADDBB4F96610884251
:1086A00002DD04F13000ECE7B4F96230C91A01EBE5
:1086B000D17103EB6103191A002900DCC11A0BB256
:1086C000B4F96E10891A01EBD17102EB6102111A33
:1086D000002900DC811A08B294F87410984204DA78
:1086E00004F1240021F00201CDE704F1300041F053
:1086F0000201C8E7206F0028C4D0F9F723FA054625
:10870000F9F761FA0128BDD169462846F9F730FA30
:10871000D4E90A010E1A2046F0F70FFF00284FF0A7
:108720000001204633D0FDF760FA00218046204644
:10873000FDF7A3FA07462046FDF7E4FCA0EB08008E
:10874000C01B05B220460021FDF7DDF8012818D036
:10875000B4F91420BDF9001002EB0800081A05EB6B
:10876000D571704300EB610090FBF5F0A16A04F154
:108770003005226FAA420144D4E90A3023D1606A4D
:1087800022E0B4F91810BDF90000C91BE6E7FDF7B7
:10879000CEFA002107462046FDF7C7F905462046D8
:1087A000FCF785FBB4F91A20401BBDF90210C01B71
:1087B0002A44891A00B2714300EBD072C1EB620106
:1087C00091FBF0F0D2E7236B814201DA0E4600E024
:1087D00006469E4201DA194602E0814200DB01466C
:1087E0001068884288D0AA424FF00102204602D188
:1087F000F2F7F8FB01E0F2F71AFC002220461C21F8
:10880000F7F78AFDD6E694F874000022226720F07C
:108810000101204684F87410FDF782FF2046FCF722
:1088200041FB0646F8F7BEF90546F9F78BF9F9F76B
:10883000CAF90428E6D1002DE4D0204600F0D2F891
:1088400002280AD194F87400810702D440F0020093
:1088500016E020F0020084F8740005B030460021D4
:10886000BDE8F04FF8F70CBAF9F76CF9F9F7ABF986
:10887000042801D00228C5D194F8740020F0020029
:1088800084F8740096E605B02046BDE8F04FFEF788
:10889000E6BB4FF4403720463946FDF7A6F981463E
:1088A00039462046FDF7E9F9804639462046FDF76E
:1088B0003EFA064639462046FDF737F96D22054651
:1088C00020463946FDF757FA00B239460090204657
:1088D000FDF735FB834639462046FDF724FB8246EB
:1088E0002046FDF70FFC00EB4B072046FCF7DFFAB4
:1088F00000EB4A008742204607DA01E09C59030852
:10890000FDF700FC00EB4B0003E0FCF7D0FA00EBB6
:108910004A00009942464010C14510FB01F040F367
:108920000F2001DD494600E01146B54201DD2A462F
:1089300000E03246914207DDC1454946424601DD2D
:108940000D4604E0154602E0B54200DC354605441C
:108950002046AD1C4FF44031FBF76CFC284405B2B7
:108960000498F7F7D2FCB0F90040AC4200DC2C468A
:1089700004801FE60498F7F7C8FC0078132813D08A
:10898000112811D0142801D01228F2D194F87400C3
:108990008007204617D4F2F717FB0122401E01463C
:1089A0002046F2F744FB15E094F874008007204657
:1089B00004D4F2F709FB0122401CF0E7F2F7F5FAC4
:1089C0000122411C03E0F2F7F0FA411E0122204689
:1089D000F2F708FB05B0204600221C21BDE8F04F4D
:1089E000F7F79ABC10B5F2F7DBFA012802D002289B
:1089F00000D0002010BD00000FB40A4608B505A93C
:108A0000009101460348049BE4F7F0FE01B05DF8D5
:108A100014FB0000E3D7000870B50C46B1F87400F1
:108A20000F4A643400210125534284E82E0020F0CF
:108A3000FF002946401D24F8100F80B220F4E060AA
:108A400000F5806024F87409204601F08FFD0121B3
:108A5000204601F012FD2046BDE8704000F00AB942
:108A60009F860100D0E91B23416ECB1A934209DB9C
:108A7000002B03D5002901DD4A424266426E016F98
:108A8000521A06E0B0F87430DB0502D5914200D1ED
:108A9000826E426600F0EEB870B556480E46FCF79E
:108AA0001FF901287DD13046F7F7F3FB0546304624
:108AB000F7F72DFC082D044617D00D2D71D1F9F7CD
:108AC00041F8F9F780F805463046F7F71EFC0068D4
:108AD000132867D0142866D011287ED0122879D1A7
:108AE0002046BDE87040FFF7BDBFF9F72BF8F9F756
:108AF0006AF8042820460CD001F0B6FC0546D7F7EA
:108B00003EFC616C6A5C2E2A32D0814234D1411E17
:108B100037E0FCF7C7F9F8F745F800285AD0B4F861
:108B2000740000F00F02012A54D9C0F3412002283A
:108B30000ED00A200021521EFFF732FA226F0346A0
:108B4000D017D21A884150DB0A212046216703E062
:108B5000206F012804DD2046BDE8704000F066B8B3
:108B60000A200021921EFFF71BFA206720463DE0F5
:108B7000204601F032FB07E031B9E06E002803DA4D
:108B80000121204601F080FCB4F87410606C01F003
:108B90000F02C1F30313984280B2A2F1010209D976
:108BA00003E017E017E01DE017E011F0F00F01D02F
:108BB000401E80B2E36E111A002B00DA491C01221C
:108BC000002004E0401C02EB820280B252002267C7
:108BD0008842F7D370BD042DBDD12046BDE870405A
:108BE00000F00AB8042D3FF47BAF2046BDE870408A
:108BF00000F028B820600308036FD0E919120B4475
:108C0000934209DC002B03DD002901DA4A42426667
:108C1000426E016F0A4406E0B0F87430DB0502D5FD
:108C2000914200D1C26E426600F024B8016F0A2260
:108C300091FBF2F1002901DD016701E001220267E9
:108C400000F018B8D0E91A31002901DA4A4200E0F0
:108C50000A46934201DD194602E0002900DA494242
:108C6000026F02EB820252008A4200DC026700F0CF
:108C700001B800002DE9F0418EB00546122108A888
:108C8000FAF7DAFCE86E002708AC002809DA686E0B
:108C9000002801DB2B2000E02D208DF82000641C33
:108CA00000E001276B6E002B00DC5B420E2137A237
:108CB00002A8FFF7A1FE02A8D7F761FB014695F8CD
:108CC00074000DF1080800F00F00461A002E13DDA5
:108CD0004046D7F754FB81B24FEA080201EB060C7D
:108CE000535C491E02F80C30F8D50020302101E019
:108CF0001154401CB042FBDBB5F8740010F0F00FCB
:108D000004D0C0F303164146002006E000F00F0631
:108D1000F9E700BF401C04F8012BB04202DA0A5CFC
:108D2000002AF7D195F8742012F0F00F10D02E22FF
:108D300004F8012B03E000BF401C04F8012B95F858
:108D4000742002F00F02824202DD0A5C002AF3D195
:108D500008A9284601F044FC95F874300A22296FCE
:108D600003F00F0003E091FBF2F1401EC0B20A29AC
:108D7000F9DAB04201DD401CC0B2C01BC1B22846C6
:108D800001F082FB0EB0BDE8F08100002564000018
:108D900030B50C460221204691B0FBF799FB68469E
:108DA000F1F798F91548CDE900404FF6FF70ADF89E
:108DB0004000134801680B914268089202F5B470B4
:108DC000CDE909206846F1F7F9F90E484FF4B4757A
:108DD000079000200890CDE909050B4801906846EE
:108DE000F1F7ECF900212A462046F1F7FFFD4FF498
:108DF00087712046F1F7ABFE11B030BDF9E00008F5
:108E00004403002009A1010805E1000800F052B860
:108E100070B514468288C379A2F57F45FF3D07D01F
:108E20007BB3012B35D90668002206EB83052DE0C4
:108E3000002213E0056805EBC2052E8826F44046A3
:108E40008E420AD12888010429D4400401D5304635
:108E500014E068682060012070BD521C9342E9D87C
:108E600025E000BF35F8120020F4404088420CD1C4
:108E700035F812100B0412D4490403D500F074F82D
:108E8000E8E714E006EB82000FE0521C9342E9D8B9
:108E90000DE022F440438B4209D1110401D5022098
:108EA00070BD510401D51846E8E70068D2E70020FC
:108EB00070BD000070B514468288C379A2F57F4565
:108EC000FF3D07D07BB3012B35D90668002206EBA6
:108ED00083052DE0002213E0056805EBC2052E880E
:108EE00026F440468E420AD12888010429D4400441
:108EF00001D5304614E068682060012070BD521C26
:108F00009342E9D825E000BF35F8120020F4404034
:108F100088420CD135F812100B0412D4490403D541
:108F200000F022F8E8E714E006EB82000FE0521CA4
:108F30009342E9D80DE022F440438B4209D1110459
:108F400001D5022070BD510401D51846E8E700683C
:108F5000D2E7002070BD0821FAF76EBBC07908B1D6
:108F600000207047012070471CB545284FF00002D3
:108F70004FF0FF0155D01EDC302844D00EDC2228F3
:108F800041D006DC032853D0062851D0202830D108
:108F900035E0252845D029282BD142E0362832D08B
:108FA00004DC31283DD0332823D13CE0372838D0A9
:108FB00044281ED127E0552825D00EDC4E2830D07D
:108FC00006DC46282DD047281DD04D2811D11AE0A7
:108FD000522818D053280CD123E0602821D004DC7B
:108FE00056281ED0572804D120E0612819D06D28BA
:108FF00002D0009200981CBD4FF4807014E0FF2254
:109000001146104602E0002211461046F3F700FC1C
:109010000190BDF804000190BDF80400ADF8000017
:10902000E8E70091E6E70F200090E3E70248FBE75E
:1090300041F6FF70F8E700008455030810B50C46B0
:10904000E4F74AF9204000D0012010BD2DE9F0419D
:10905000154D0646154C286818B90022626070212B
:10906000218021884A1C12F4404F02D00020BDE824
:10907000F08162686F398A420AD21F3131F01F07CE
:1090800010D03946FAF7FEF90028F0D02860676062
:109090002088401C80B22080296821B1014401F859
:1090A000716CE4E7FEE7FEE7F00100200402002017
:1090B0002DE9F0410F4681880446A1F57F40FF3835
:1090C00055D0E07900284DD0012804D02668002131
:1090D00006EB800549E021F44040B84247D100202A
:1090E000A080E0713DE000BF35F8112022F440423D
:1090F000BA4239D1022813D0401E00EB4000400094
:10910000FAF710F9010032D0E3790020216002461D
:109110005B1E03F0FF0C84F807C001EB8C0319E021
:109120000120E07121B12888A0803068206015E01E
:109130006888A0807068F9E735F810C0BC4508D091
:1091400056F820C041F822C035F810C023F812C0EC
:10915000521C401C94F807C08445EDD23046FAF703
:109160006DF90120BDE8F081491C8842BCD800207F
:10917000F8E710B504468088A0F57F41FF390BD091
:10918000E079012802D92068FAF758F92046BDE8AD
:1091900010400821FAF750BA10BD0A46652100F0C8
:1091A000EBB803B482B0BDF80C10ADF8001052213A
:1091B000009A04B000F0E0B80A46532100F0DCB891
:1091C0000A46512100F0D8B80A46502100F0D4B820
:1091D00003B482B0BDF80C10ADF800102021009A45
:1091E00004B000F0C9B803B482B0BDF80C10ADF8FB
:1091F00000102221009A04B000F0BEB80A462821CF
:1092000000F0BAB80A46212100F0B6B80A46682133
:1092100000F0B2B803B482B0BDF80C10ADF8001085
:109220003021009A04B000F0A7B80A46312100F0BE
:10923000A3B80A46342100F09FB80A46332100F053
:109240009BB80A46322100F097B80A46172100F071
:1092500093B80A46622100F08FB80A46632100F0F5
:109260008BB80A46042100F087B80A46462100F070
:1092700083B80A46482100F07FB803B482B0BDF835
:109280000C10ADF800104D21009A04B000F074B835
:109290000A464E2100F070B80A46492100F06CB829
:1092A0000A46062100F068B80A46032100F064B8B7
:1092B00003B482B0BDF80C10ADF800103621009A4E
:1092C00004B000F059B80A46372100F055B80A46F4
:1092D000382100F051B80A46352100F04DB870B57C
:1092E0000C46054600F02CF82146284600F02CF8E4
:1092F0002146284600F030F821462846BDE8704057
:10930000AFF300800A46112100F036B80A46152155
:1093100000F032B870B50C46054600F019F8214649
:109320002846BDE87040FFF7F1BF70B50C46054612
:1093300000F006F821462846BDE8704000F004B869
:109340000A46122100F018B80A46132100F014B89A
:109350000A46142100F010B80A46102100F00CB89B
:1093600070B50C460546FFF7F7FF21462846BDE8D5
:109370007040FFF7C7BF0000014B00F007B80000C6
:109380008593020810801960704700002DE9F047AE
:109390000446808889461D46A0F57F41FF3968D084
:1093A000E17929F4404617464FF00108012936D9E2
:1093B0002368084603EB81020BE000BF32F810C0BF
:1093C0002CF4404CB44504D103EB800302EB400283
:1093D0002CE0401EF2D5491C01EB4100410018462B
:1093E000FAF750F8020044D0E079226002EB8001E5
:1093F00006E000BF01EB400C31F81030ACF804304F
:10940000401EF7D5E0793946401CC0B2E07102EB4E
:10941000800303EB40024846921E1B1F20E02AD126
:1094200020F44040B04207D1221D23463946484629
:10943000AC46BDE8F04760470C20F9F773FF002801
:1094400017D021682060E279521CD2B2E271A38861
:1094500000EB820222F8023B031D016039464846B8
:10946000A8473046E3F731FFA27908FA00F10A4332
:10947000A271BDE8F087221D234684F80780EDE73E
:109480000A460B21FFF778BF03B482B0BDF80C1079
:10949000ADF800104421009A04B0FFF76DBF0A46F2
:1094A0004121FFF769BF0A464221FFF765BF0A461F
:1094B0004521FFF761BF0A464321FFF75DBF0A461A
:1094C0004021FFF759BF70B50C46054600F02DF856
:1094D00021462846BDE87040FFF7C3BE0A465B211F
:1094E000FFF74ABF03B482B0BDF80C10ADF800100E
:1094F0005521009A04B0FFF73FBF0A465721FFF7F6
:109500003BBF0A465921FFF737BF0A465621FFF7EE
:1095100033BF0A466A21FFF72FBF0A466921FFF7CA
:109520002BBF0A466721FFF727BF0A460121FFF735
:1095300023BF00002DE9F0471E4615460F4604469E
:109540001421DDE90889FAF777F8276005B9044D99
:10955000C4F80490083484E86001BDE8F087000096
:109560006FA101084162FDF7DBB800684FF0FF31E1
:109570004162FDF7D5B810B50C464FF0FF30486298
:1095800010212046FAF7A4FF08212046FAF799FB9C
:109590002046BDE810404FF48061FAF792BB0846C0
:1095A0000021F0F749BD00002DE9F0473548894614
:1095B000FBF796FB01285CD14846F6F76AFE0446A5
:1095C0004846F6F7A4FE132C804608D01C2C52D037
:1095D000152C4ED14846BDE8F047EAF77AB94FF46A
:1095E00040352946FCF707FB074629464046FCF76D
:1095F0004AFB064629464046FCF79FFB044629469F
:109600004046FCF798FAB74201DD394600E03146A2
:10961000A04201DD024600E02246914205DDB7424C
:1096200001DD384604E0304602E0A04200DC20467E
:109630002946841C4046FAF7FDFD204405B2484601
:10964000F6F763FE0446B0F90000A84200DD0546C7
:1096500040464FF4003625803146FAF7EBFD0146CF
:10966000B4F90000814203DB31464046FAF7E2FDDF
:109670002080BDE8F08700F007F84046BDE8F047DD
:10968000FDF74EB8B8590308F0B50021064665222B
:1096900091B0FCF770FB07002DD03046FCF702F9C3
:1096A000746A00F001004FF48075611C01D038B974
:1096B00005E008B1002403E02C46002503E0002566
:1096C000601B002801DD601B00E0281B002178439F
:1096D000070A3046F0F7B0FC6846F0F7FBFC074895
:1096E00009A90894CDE9006005480390684681E81F
:1096F000B000F0F763FD11B0F0BD00006595020801
:109700006B9502082DE9F0410446808C15461E46F3
:10971000A8420F4604D8681C81B2204600F0B8F970
:10972000E08CB84204D8781C81B2204600F040FAA0
:10973000A18CA06A07FB015550F8250080B90920CB
:10974000F9F7F0FDA16A41F8250088B10021017008
:10975000A06A50F825004160A06A50F82500017207
:10976000A06A50F82500017831430170BDE8F0810E
:10977000FEE710B5012088840C46C8840220F9F762
:10978000D1FD2063E08C4000F9F7CCFDE06282203F
:10979000216B0880E16A0880E18CA08C4143A06ABB
:1097A0008900F9F76FFEA0620021016010BD000082
:1097B0000146044810B5FAF7C1FD0446FAF732FE37
:1097C000204610BDD459030870B500260C46354616
:1097D00015E000BF50F8250078B1406828B1F9F7CE
:1097E0002DFEA06A50F825004660A06A50F82500BA
:1097F000F9F724FEA06A40F825606D1CADB2A08C7C
:10980000E18C4843A842A06AE4DC08B1F9F716FEEF
:10981000E06A08B1F9F712FE206B002803D0BDE81A
:109820007040F9F70BBE70BDF0B5714889B00F46B6
:10983000FBF756FA012845D13846F6F72AFD0546CA
:109840003846F6F764FD2A2D044615D02C2D19D084
:10985000012D39D0022D37D0082D4FF6FF764BD091
:109860000E2D68D00D2D6BD0152D2BD109B038469B
:10987000BDE8F040EAF7DEB809B00021BDE8F040ED
:1098800003F096BA3846F6F740FD0021A28C034655
:10989000084605E0256B35F81050401C294409B2F4
:1098A0008242F7D80020E58C024605E0E66A36F8E9
:1098B0001260521C304400B29542F7D8491E1980FC
:1098C000401E588009B0F0BD01A96A46EEF7EDFDD3
:1098D0000128F7D1A18EBDF80000814204D1E18EAC
:1098E000BDF804209142EDD0A0862046BDF80410BA
:1098F000E186FCF715FFE5E7FCF712FFF8F722F920
:10990000F8F755F9A18EB1420AD0E18EB14207D0E5
:1099100030B9002220461C21F6F7FEFC0128D1D1E7
:10992000F8F710F9F8F74FF9012801D00328C9D149
:10993000A686E686C6E709B0BDE8F040FCF7F0BEB3
:109940003846F6F7E2FC0246A18EE08EB1420F46A1
:109950001568844601D0B04207D10020A086E08679
:10996000204603F0EDFD2046E5E7A38C8B4200DCAA
:109970000021E28C824200DC0020142D0ED0132D39
:109980000ED0112D0ED0122D9CD1401C8B420DDC1F
:10999000511E814208DD0021401C0EE0491EF5E702
:1099A000491CF3E7401EF1E7591E06E0002904DADE
:1099B00010B1591E401E00E00021824201DC501E01
:1099C00002E0002800DA00208F4201D1844592D0C5
:1099D000A186E0862046FCF7A3FE204603F0B0FDFA
:1099E00009B0204600221C21BDE8F040F6F794BCE7
:1099F000D45903082DE9F0471D0017468846044650
:109A000044D0A08CB84204D8781C81B2204600F023
:109A10003FF8E18C414505D808F1010081B22046AC
:109A200000F0C6F8A28C4FF0000AA16A08FB02768B
:109A300051F82600002801D090F800A04FF000094E
:109A400001D0D0F804902846D6F799FC00F109011E
:109A5000A06A50F82600F9F715FDA16A41F8260022
:109A6000A8B108302946D6F7ACFCA06A3A4650F8AF
:109A7000261081F800A0A06A50F826102046C1F8F0
:109A800004904146BDE8F04702F0A8BDFEE7FEE7BE
:109A90002DE9F34F83B00D46039CA08CA8426FD0F4
:109AA000A5848146E08C68438000F9F73BFC5FEABF
:109AB000000A0DD0A08CE18C484381005046F9F794
:109AC000BBFDA945484600D328460090002037E05A
:109AD000FEE700BF08FB09FBA26A08FB05F102EBE9
:109AE0008B00009A0AEB8101920004E010F8013B20
:109AF000521E01F8013B002AF8D10026A9EB05000F
:109B0000019018E00099A06A59448F1950F8270075
:109B1000406830B1F9F792FCA16A002051F8271093
:109B20004860A06A50F82700F9F788FCA16A002075
:109B3000761C41F827000198B042E3DC08F10100EF
:109B4000E18C80464145C5D8A06AF9F777FCC4F896
:109B500028A06900206BF9F795FC206310B18221E1
:109B6000484604E0FEE7226B22F81010401CA84291
:109B7000F9D3039805B00021BDE8F04F03F018B900
:109B800005B0BDE8F08F70B50546808C0C461646D2
:109B9000A04204D8601C81B22846FFF779FF286BE9
:109BA000002120F814602846BDE8704003F000B999
:109BB0002DE9F047C68C0F460446BE4245D0E784E7
:109BC0007900E06AF9F75EFCE06258B1BE421ED946
:109BD000A58C4FF00009E18C05FB06F04D431FFA00
:109BE00080F812E0FEE7A06A50F82500406830B126
:109BF000F9F724FCA16A51F82510C1F80490A06A75
:109C000050F82500F9F71AFC6D1C4545EBD3E18CA3
:109C1000A08C4143A06A8900F9F734FC0100A162DD
:109C200012D0BE420AD2A28CE38C02FB06F05A4349
:109C3000121A01EB80009100F9F7FEFC2046BDE806
:109C4000F047002103F0B4B8FEE7BDE8F08700005C
:109C50002DE9F0414A4E0C46307881F82C0001285D
:109C600049D0022849D0042802D0082806D101E0B2
:109C7000012100E009212046FDF748FD42F264057C
:109C8000204629462A46FDF741FE2046F1F7B2FA62
:109C900007462046FAF7ACFC012180463846F1F72A
:109CA000CBFE0420F9F73EFB606236A10160384626
:109CB000616AF1F7E9FD344900231C223846F9F7BF
:109CC000B1FF4FF480413846F9F7FBFF00232F49DD
:109CD0001A464046F9F7A6FF00214046FDF702FE6E
:109CE00094F82C00012815D0022813D0042806D09F
:109CF00008281DD103E00021BDE70821BBE7B6F924
:109D0000022029463846FDF701FE29464046FDF768
:109D100094FF09E0B6F902102A463846FDF7F6FD31
:109D200029464046FDF70EFD01214046FDF7FEFCA9
:109D3000F6F732FF10B13946F6F7C8FE94F82C005A
:109D400010F00C0F08D000214046FDF7DFFC032186
:109D50004046FDF7B1FD07E001214046FDF7D6FC86
:109D600003214046FDF7B3FD80214046F9F7A9FFE6
:109D70004046BDE8F0414FF48061FAF7A9BB00000E
:109D80004C030020000000005BEB000843FA0008D1
:109D900070B591F82C0000260C4610F00C0F0DD079
:109DA000002508E0606A50F82500F9F747FB606A73
:109DB00040F825606D1C208DA842F3D894F82C0043
:109DC00080070DD0002508E0606A50F83500F9F7EB
:109DD00035FB606A40F835606D1C208DA842F3D8D1
:109DE000606AF9F72BFB666270BD000070B50B4826
:109DF0000C46FAF775FF01280ED12046F6F749FA0E
:109E000005462046F6F783FA292D05D1418D00221B
:109E1000BDE8704000F00AB870BD0000586003084B
:109E20000121FAF773BF0021FAF770BF2DE9F0475F
:109E30000646408C91460C46C00447D4308DA04263
:109E400000D8441E3046FDF76FFF3046FFF7E8FFAD
:109E500005003BD096F82C004FF0000110F00C0FDD
:109E600028461CD01522FBF786FF07B22846FAF7D2
:109E7000CBFF002180463046FBF75DFD012804D072
:109E800007EB0800604301B204E0604207EB080101
:109E9000414309B24A462846FDF7C6FB0DE01422AD
:109EA000FBF769FF07462846FAF794FF38444A460D
:109EB000604301B22846FDF7CDFB3046FFF7B3FF04
:109EC000A1B24FF48072F1F785FC7485BDE8F0878C
:109ED0002DE9F34383B090F8601004460498090715
:109EE00003D50A2830D00D282ED00027E946494650
:109EF000CDE900072046EFF76BF9012824D1DFF800
:109F0000CC80002104A8D8F800209047A16B064619
:109F10002046254639B100F0A7FA2D49096888473F
:109F2000A96B884210D2686B88B1007878B102972B
:109F300005E0D8F8002002A99047B04207D0686B2E
:109F40000299415C0029F4D105B0BDE8F08394F892
:109F50006000400702D5204602F09EF8A06A38B1A2
:109F6000606AF8F72EFB007810B92046FCF7D8FBA2
:109F7000616C4A46606AF8F72BFB204600F098F8BF
:109F800094F86000400714D5E06AD6F7F8F9054662
:109F90004846D6F7F4F92918E06A491CF9F772FA2D
:109FA000E06288B1616C4A46E3F77CFA2046E4F748
:109FB000C3FA616C2046491C00F066FA0022204674
:109FC0001C21F6F7A9F9BFE7FEE7000024020020F4
:109FD00038020020F8B50D00044609D094F860005E
:109FE000400702D5204602F057F8606B18B900E030
:109FF000FEE7A06B98B12B4E00202B4F00900AE09B
:10A0000032686946284690473968884701462046A5
:10A01000FFF75EFF0098285C0028F1D1F8BD2946C3
:10A020002046EFF7D5F80128F8D1A06A38B1606A68
:10A03000F8F7C7FA007810B92046FCF771FB616C9D
:10A040002A46606AF8F7C4FA204600F031F894F81E
:10A050006000400714D5E06AD6F791F90646284615
:10A06000D6F78DF93118E06A491CF9F70BFAE0626E
:10A07000B0B1616C2A46E3F715FA2046E4F75CFAC2
:10A080000A492846666C096888473118204600F05E
:10A09000FBF92046BDE8F84000221C21F6F73CB948
:10A0A000FEE70000240200202C02002038020020DD
:10A0B00070B50446406AF8F788FA4FF6FF75A84273
:10A0C00004D1606AF8F77FFAA84209D0606A29468D
:10A0D000F8F7C2FE606A2946BDE87040F8F7B9BEDD
:10A0E00070BD000070B50C4691F8602091F85430B6
:10A0F000002022F0040240F2DC5184F8602043F09A
:10A10000010294F86050D3B2E0620122206343F070
:10A110000203A18725F00A0560636264A06384F8E6
:10A120005430A4F8400084F860506062A062204679
:10A13000F7F7AAFF60626420FDF752FE0146606AED
:10A14000FDF77BFD606A0BA1F8F724FE00230A49A6
:10A15000606A1A46F9F766FD4FF480612046F9F708
:10A16000B0FD0021204600F08FF92046BDE8704088
:10A1700003F020BD00000000B799010838B5416C1C
:10A180000446406A6A46F8F72FF900212046FBF79B
:10A19000BEFE002105462046FBF786FE00896D1CA9
:10A1A000BDF8021008442844ADF80200B4F840009D
:10A1B000ADF80000606AFAF77AFEBDF90210884235
:10A1C0000ADD606A6946F8F711F80146204634F85E
:10A1D000405F00F059F9258038BD416C002902D05C
:10A1E000491E00F051B97047416C491C00F04CB950
:10A1F00038B5416C0446406A6A46F8F7F5F8002124
:10A200002046FBF784FE002105462046FBF74CFE66
:10A210000189BDF802002944401A6946401CADF886
:10A220000200B4F84000ADF80000606AF7F7DEFF06
:10A23000B4F840500146204600F026F9A4F84050FA
:10A2400038BD000038B50446406C00283FD021A03E
:10A250006946006800902046EEF7BAFF012836D123
:10A26000606AF8F7AEF9616C01220546491EE3F712
:10A2700061F8606A2946F8F78DFD2046FFF718FF60
:10A28000A06A38B1606AF8F79CF9007810B92046E6
:10A29000FCF746FA94F8600040070ED5616C012285
:10A2A000E06A491EE3F746F8E06AD6F768F8411C11
:10A2B000E06AF9F7E7F8E06250B1616C2046491EA8
:10A2C00000F0E2F8002220461C21F6F725F838BD00
:10A2D000FEE700007F00000070B5456C0446691C75
:10A2E00000F0D2F8606CA84204D02046BDE870406F
:10A2F000FFF7A8BF70BD70B5C86A00250C4610B145
:10A30000F9F79CF8E562206B10B1F9F797F825632F
:10A31000A06A002802D0F9F791F8A56270BD00008C
:10A3200070B540480E46FAF7DBFC012878D130467C
:10A33000F5F7AFFF04463046F5F7E9FF0E2C05466A
:10A3400012D00D2C14D0012C60D0022C5ED0032C26
:10A350005CD0082C5AD0152C5DD0182C60D130461A
:10A36000BDE87040E6F798BFBDE8704003F022BC3E
:10A370003046F5F7CAFF0168132910D0142913D00D
:10A38000112916D0122919D008291CD07F291FD0D5
:10A39000022922D0032922D00A2927D031E02846D9
:10A3A000BDE87040FFF720BF2846BDE87040FFF7CA
:10A3B00014BF2846BDE87040FFF71ABF2846BDE825
:10A3C0007040FFF7DBBE2846BDE87040FFF73ABF9C
:10A3D0002846BDE87040FFF77FBF002101E047F647
:10A3E000FF712846BDE8704000F04EB8284600F0E6
:10A3F0001DF830B12846BDE8704000221F21F5F756
:10A400008BBF2846BDE87040FFF762BD3046BDE80F
:10A41000704006F0EFB93046BDE87040E9F726BF5E
:10A4200070BD0000F0590308406C704790F8600060
:10A43000C0F3C000704700001FB5016B11B10846A2
:10A4400004B010BD0021FBF72FFD002342F22202D1
:10A450006946F5F7CEFF08B101A0F1E701A0EFE7EB
:10A46000E280A2002A00000090F86010490702D4A0
:10A47000406AF8F7A6B8C06A704790F8542061F3B4
:10A48000410280F854207047F8B50546406C0C46F0
:10A49000A04267D0686AF8F794F83349096888479A
:10A4A000002C00DA0444844203DCA4F5FE41FF39A9
:10A4B00000D1044628466C64FDF736FC002128468E
:10A4C000FBF7F2FC0646686A6A462146F7F78CFFFE
:10A4D000B6F908402846FAF77DFEBDF90210884219
:10A4E00003DD01222846FDF7B5F82846FAF772FC8D
:10A4F00006462846FAF76EFEBDF902100A19101A30
:10A50000B04206DD881B204401B228460122FDF737
:10A51000A1F82846FAF792FDBDF90010884203DD44
:10A5200001222846FDF780F82846FAF76DFC06461A
:10A530002846FAF783FDBDF900100A19101AB04237
:10A5400006DD881B204401B228460122FDF76CF885
:10A55000BDF800102846A5F8401003F02BFB284654
:10A5600002F0AAF8F8BD0000380200202DE9F04101
:10A57000044690F860000D46C0F3C001A9422DD0FA
:10A5800042F2D17865F3C30084F860002DB16420F5
:10A590004746FDF725FC064604E06420FDF720FC55
:10A5A00000260746606A3946FDF747FB606A0022CD
:10A5B0003146FDF711FB25B141462046FDF7C2F8B3
:10A5C00004E0002220460421FCF734FE2046BDE8CA
:10A5D000F04100231A461946FCF7FBBFBDE8F081A5
:10A5E000F8B50D00044606D0FFF762FD606B47F634
:10A5F000FF7618B900E0FEE7A06B08B3606A27A1F8
:10A60000F8F7C8FB31462046FFF73EFF94F860108C
:10A610000020490701D5E16A0870214E214F0090C2
:10A6200009E03268694628469047396888470146FC
:10A630002046FFF74DFC0098285C0028F1D107E088
:10A64000606A2946F8F7A6FB31462046FFF71CFF53
:10A65000A06A38B1606AF7F7B4FF007810B92046F5
:10A66000FCF75EF894F8600040070ED52846D5F751
:10A6700086FE411CE06AF8F705FFE06260B12946FA
:10A68000D5F79FFE2046E3F757FF2046BDE8F84088
:10A6900000221C21F5F740BEFEE70000000000008C
:10A6A000240200202C02002070B5044600F0A0F81F
:10A6B00005000AD0054A00212046FCF7EAFD2146A4
:10A6C0002846BDE87040E3F707BD70BDFFFF0F00EF
:10A6D00000B500F059F8002800D0014800BD000086
:10A6E000AC4501202DE9FF47994607460C9E00F036
:10A6F0004BF8214D40B9002028704FF41270F8F744
:10A7000011FE1E490860E860F2F7EAFCF2F700FD6E
:10A71000B0F5A07F4FF0010801DC032007E0F2F75D
:10A72000DFFCF2F7F5FCB0F5347F02DA0220687046
:10A7300001E085F80180124CA4F12800E760BDF823
:10A7400004100187BDF80810418766610D48A661B5
:10A750002060C4E9076903F05FFA27B13846F2F7D1
:10A7600017FDA04202D10020FCF716FE85F80080FC
:10A7700004B00348BDE8F08780020020E401002017
:10A78000AC45012081F3020802480068002800D08F
:10A7900001207047E401002008B500F029F808B155
:10A7A000006902E01120FDF70BFB0090BDF80000EE
:10A7B00008BD000010B500F01BF808B1C06910BD5D
:10A7C000004810BD8455030810B500F011F808B119
:10A7D000806910BD004810BD8455030810B500F015
:10A7E00007F808B1406910BD004810BD8455030842
:10A7F00010B510B1FAF728FB01E0F2F771FCBDE8E3
:10A800001040F2F7C5BC10B5044600F003F8001B79
:10A8100010BD00000349012248680A700B78002B24
:10A82000FBD07047BC010020034900220A704A682F
:10A830001044486070470000BC01002010B50C4671
:10A8400042F264010A462046FDF760F800230949F8
:10A850001A462046F9F7E6F980212046F9F731FA41
:10A8600003212046FDF728F82046BDE810400321CB
:10A87000FDF72DB8110103082DE9F0410D460846FA
:10A88000FAF756FB42F2640106460A462846FDF7EF
:10A890003DF82846FDF748FA3046FAF79BFA0E4C89
:10A8A0002189484307B23046FAF7AEFAA1883A4602
:10A8B000484301B22846FCF7E7FF217885F82410C9
:10A8C000D4E90102104304D13046BDE8F041FCF761
:10A8D000E6BFBDE8F0810000500300202DE9F04103
:10A8E00015460E4607460B48E2F746FA040010D01C
:10A8F0000021A7604FF0FF302660C4E90401FFF794
:10A9000089FF054960600120E56008712046BDE8C7
:10A91000F081FEE7888300200C02002010B5044679
:10A9200001460548E2F79EFA04490120C870204616
:10A93000BDE81040F8F782BD888300200C0200209B
:10A940002DE9F047494CA07810B10120BDE8F0870F
:10A950000120A0702078002628B1FFF75BFF5FEA96
:10A96000000902D007E0A670EFE72069401C2061D3
:10A97000642800D926614FEA06083D4D84F803801B
:10A980003C4884F80480E2F7D2F9286037E039487F
:10A99000E2F7DFF92E680746307DC0072ED18246E8
:10A9A000304600F07CF888B93069B0F1000A01DD6A
:10A9B000401E3061FFF72EFFB168706021B1BAF11F
:10A9C000000F01D0304688474FF0010AE07820B9E7
:10A9D000306910B93046FFF7A1FFBAF1000F0DD072
:10A9E0002079E178084309D028680028C6D100BF43
:10A9F00020484FF0FF36E2F79AF911E02F602968FE
:10AA00000029C4D1F4E7287DC00705D1284600F00D
:10AA100046F8B04200D2064616482946E2F799F9B0
:10AA20000500F0D14846FFF7EEFEE1680844E0601B
:10AA3000A068FFF7E8FEB0F5FA7F13D3E16864225F
:10AA40005143B1FBF0F0C0B26070642801D900201E
:10AA500001E0C0F1640060702546C4F80C80FFF787
:10AA6000D9FEA860304684F802806FE70C0200200F
:10AA7000E00100208883002001214161704710B56A
:10AA80000446FFF7C7FE2168401A401E606010BDF3
:10AA9000002141617047016070470161704710B546
:10AAA00004464068FFF7AFFE2168814201D80020CC
:10AAB00010BD081A10BD70B5083A0C46034602F0E6
:10AAC0000300111AA00705D1A1F10C004FF6F57291
:10AAD000904201D3002070BD2078251F00F00300B4
:10AAE000084320F0020040F0010118462160294689
:10AAF000E3F7C1FD2846E3F7F3FD01790221416048
:10AB0000204670BD70B5810701D0002070BD0023C4
:10AB100080601946C0E9030300EB8105002200EBC9
:10AB2000C1146B6104EB8206521C202AF063F9DB2E
:10AB3000491C0A29F0DB70BD70B50C460546FFF7CD
:10AB4000E1FFA4F23C52064605F23C51FFF7B3FF89
:10AB5000304670BD2DE9F0414FF0000611B30839C1
:10AB600005460C464E68F00700D0FEE70846E3F7BE
:10AB70000DFE2179284689070CD52768AFB13979B0
:10AB8000C90713D03946E3F769FE21463846E3F793
:10AB900057FD044628462146E3F712FE01462846A3
:10ABA000E3F769FD3046BDE8F081FEE7FEE770B5EA
:10ABB0000A46054604211046E3F765F804460146B7
:10ABC0002846E3F793FD014622462846BDE870403B
:10ABD000E3F71CBE2DE9F05F0C00904681464FF074
:10ABE000000521D0B8F1000F1AD0A4F108052846BD
:10ABF000E3F701FE69688246406821F0030620F011
:10AC00000300304400F1040B40460421E3F73BF815
:10AC1000B045074600D967B12879C0070CD0FEE7D8
:10AC20004846FFF797FF45E01146FFF7C0FF05468E
:10AC300040E00020BDE8F09FB74216D99AF8040022
:10AC4000C00701D05F4510D941464846FFF7AFFF26
:10AC500005002FD04645404600D3064621463246E1
:10AC60002846F8F727FC2146DAE7B74206D92946F5
:10AC70004846E3F7A5FD2846E3F795FD28792E46DB
:10AC80004D46C00700D0FEE739463046E3F7E9FC01
:10AC900078B139463046E3F7F2FD0146406820F0CE
:10ACA000020048602846E3F78BFD01462846E3F79B
:10ACB000E2FC25462846BDE75A3000B200F004B851
:10ACC0005A3000B2AFF300804FF4B47190FBF1F250
:10ACD00001FB1200002802DA00F5B47000B20E4940
:10ACE0005A2802DA31F910007047A0F15A025A2AA4
:10ACF00003D2C0F1B40000B2F4E7A0F1B4025A2AC2
:10AD000001D210B202E0C0F5B47000B231F8100008
:10AD1000404200B2704700001C5703082DE9FF4F66
:10AD200083B05FEA0009119F6FD099F800000028F6
:10AD30006BD00498002879D01098800702D541F68E
:10AD4000FF700690424A00240094A34601942546D1
:10AD500026464FF0FF38526869464846904782467B
:10AD60000098019058E03A4A01A948465268904735
:10AD70008346109806F10106C00709D01298514683
:10AD8000E2F7BAFB20B1DDE90040DA46009043E08B
:10AD900004985A465146F5F7D7FB00B229180DB270
:10ADA000002802DD0598284405B2B8F1FF3F05D11F
:10ADB0000598291A0698814200DDA0465046BAF14E
:10ADC0000A0F1AD0BAF10D0F17D0014645F2A5129D
:10ADD000A0F59C40904210D9002005E01DA2125C15
:10ADE0008A420AD0401CC0B21AA2125C002AF5D1D5
:10ADF00077B1B8F1FF3F0AD00AE024B9B8F1FF3FBC
:10AE000001D107B13D60761E0AE01FE00EE03D6013
:10AE1000DA46DDE90041009119F804000028A2D1CA
:10AE2000B8F1FF3F05D0139868B1404607B0BDE8C0
:10AE3000F08F2EB1BAF10D0F03D1BBF10A0F00D183
:10AE4000009C2046F2E70FB1002038600020EDE7BB
:10AE500020020020202C2E3B3A2D5F002DE9FF4FD1
:10AE600083B004464FF0000093460F00DDF848A081
:10AE7000DDF840902080608049D0BBF1000F46D0C3
:10AE80005FEA8A7002D541F6FF7011900025BBF889
:10AE90000860A84625E07819002100915946CDE9BF
:10AEA00001A0119B069AE2F77DFA8044B4F90200F2
:10AEB00006EB09028118B1F5004F28D230445A46FA
:10AEC00048446080069BA8EB05010298CDF800A0DD
:10AED00000F022F8B4F90010814200DB0846454634
:10AEE0002080785D0028D6D15DB1781910F8010C6A
:10AEF0000A2801D00D2804D1618806EB0900084416
:10AF00006080B4F9021029B1A1EB0900608007B09C
:10AF1000BDE8F08F6680FAE72DE9FF4707001E467F
:10AF200090460D46DDF830900CD0B8F1000F09D0F6
:10AF30003878002807D00020009004468DF80800DB
:10AF4000EDB923E0002004B0BDE8F08703AA6B460A
:10AF500001A93846E2F70EFA5FEAC97004D00199F8
:10AF600002A8E2F7C9FA50B9039A40460199F5F7E9
:10AF7000EBFA00B2002802DD2044304404B200980D
:10AF8000A842E3D3002C01DDA01B04B22046DAE77F
:10AF900030B5802828D300F03F024FF00003B0F511
:10AFA000006F42F080020BD2C0F3841040F0C00466
:10AFB000084664F3070062F30F2063F3174011E0C3
:10AFC000C0F38514B0F5803F44F080040DD2C0F387
:10AFD000033040F0E005084665F3070064F30F20F6
:10AFE00062F3174063F31F6030BDB0F5881F11D2C4
:10AFF000C0F3824343F0F005C0F3053040F0800316
:10B00000084665F3070063F30F2064F3174062F30B
:10B010001F6030BD002030BD2DE9F0410024DFF875
:10B020002C800F460646254607E0D8F80010301958
:10B03000884700B901206D1C0444BD4202D2305D36
:10B040000028F2D12046BDE8F08100002002002057
:10B05000F8B50746074E00200D460446009004E070
:10B060007268694638469047641C0098A842F7D336
:10B070002046F8BD20020020F8B50024074E054602
:10B080002046009405E0726869462846904700987B
:10B09000641C285C0028F6D12046F8BD2002002060
:10B0A00078B504464FF00005009501B969460A6875
:10B0B000A05C030601D405463AE006260223B6EB5F
:10B0C000501F09D1521C0A60C006A45C400D2AE042
:10B0D00004F03F031D182BE00E26B6EB101F05D120
:10B0E000521C0A600007A55C000C12E01E26B6EB9D
:10B0F000D00F1DD1521C0A604007A55CC00AB3EBFB
:10B10000951F13D1521C0A6005F03F06A55C00EBA9
:10B110000630B3EB951F09D1521C0A6005F03F05BC
:10B12000A45C00EB8510B3EB941FD1D0002078BD58
:10B13000521C28460A6078BDF8B507460868002505
:10B140000E4E401E0C46086002E0042D13D220680B
:10B1500031683844884718B9216861B1491E2160B7
:10B160006D1C0028EDB2F0D020686946009038468A
:10B1700072689047F8BD0020F8BD00002002002052
:10B180000078010601D4012070470621B1EB501F61
:10B1900001D1022070470E21B1EB101F01D1032015
:10B1A00070471E21B1EBD00F01D104207047002061
:10B1B0007047000008B5009313460A46014602484E
:10B1C000E2F714FB08BD0000E3D7000870B50D4698
:10B1D0000846F9F7ADFE0646F9F769FE0446304623
:10B1E000FAF790FF014622462846FCF78FFB012123
:10B1F0002846FCF78BFA2846F9F7FAF90446104876
:10B2000042F264063146B0F900202046FCF77EFB8E
:10B2100000212046FCF77AFA0223204600211A4634
:10B22000FCF758FA2846F9F7E3F901210446FCF740
:10B230007DFA31462046BDE87040FCF7FEBC0000B8
:10B240005C030020DCF7BCFE4C4900200A68920336
:10B2500011D4BFF34F8FBFF36F8F494A1060BFF314
:10B260004F8FBFF36F8F0A6842F400320A60BFF35A
:10B270004F8FBFF36F8F0A68D20322D43F4A7032D8
:10B280001060BFF34F8F101F43F6FF7400683C4DF2
:10B290001035C0F34E32C0F3C90304EA4216184613
:10B2A00046EA80772F60401EFAD2521EF5D2BFF3D5
:10B2B0004F8F086840F480300860BFF34F8FBFF3B2
:10B2C0006F8FD7F7BDFDDEF72DFBDDF7FDF9DCF75E
:10B2D00067FFDCF747FFDCF7C7FFDCF7F7FFDDF7B9
:10B2E0008FF8DDF7F5F8DCF791FEDCF7DDFEDDF732
:10B2F0001BF8DDF7B9F8DCF717FFDDF74DF821484B
:10B3000001220421D7F782FD6420D7F783FB1E4872
:10B31000DBF768FC1D48DBF765FCDCF79FFADEF71E
:10B32000F7F90020D5F736FC1949C860DDF768F851
:10B3300018494FF480721848DBF77DFE1748FF224A
:10B340004FF40071D5F709F81549002002460A5458
:10B35000401CFF28FADDF6F7C9FCFCF7FFFDF1F70A
:10B3600099FD0120F1F79EFD0520FFF75DFAFFF73B
:10B37000E7FA0520D7F74EFBF6E7000014ED00E0F2
:10B3800050EF00E000040258DC6300202864002035
:10B3900000000020100B002074640020100C00201E
:10B3A000101000202DE9F0414FF480740E4607463E
:10B3B0002246F0F703FA054621463846EFF7F8FE35
:10B3C000002D06D0224631463846BDE8F041F0F760
:10B3D00001BABDE8F08100002DE9FF4F8A881D46C3
:10B3E0000B888BB0CE8804464F88A2EB03011C98D3
:10B3F00001F10101A6EB0702DDF868A002F10102EC
:10B400000FB20FFA82F9012805D0022805D00328CF
:10B410004DD14F4802E04F4800E04F4880465FEA78
:10B420000A002088ADF804002888ADF8080005D08F
:10B430009AF80000FD283DD319983EE0DDE901109F
:10B440004346199A9847009000202DE0002621E0FD
:10B4500035F81610BDF80800884205D134F81610EA
:10B46000BDF8040088420FD004EB4600434605EBCC
:10B470004601199A0088ADF804000888ADF8080064
:10B48000DDE901109847009004EB4600BDF800107C
:10B49000761C0180BE42DBDB0D9804EB400418985B
:10B4A00005EB40050AF1010048458246CEDB0FB0AE
:10B4B000BDE8F08F19994843000A009002464346C0
:10B4C000DDE901109847099000203DE000262FE0BB
:10B4D0001AF8060058B3FD2801D3199802E019990B
:10B4E0004843000A35F81620BDF80810914208D1EB
:10B4F00034F81620BDF80410914202D1009981421F
:10B5000010D004EB4601434605EB46020988ADF82E
:10B51000041011880246ADF808100090DDE9011012
:10B520009847099004EB4601BDF824000880761C7A
:10B53000BE42CDDB0D981B9904EB400418988A4459
:10B5400005EB40050BF1010048458346BEDBAEE745
:10B550005FF90008EBF80008CFF900082DE9FF4F6C
:10B560008BB0CC884F8806468A881D46DDE919BA1B
:10B570000B885FEA0A00A4EB0700A2EB030100F1CD
:10B5800001000FFA80F8584601F101010FB205D011
:10B59000FD286ED90020A7F1040B33E1FD2813D359
:10B5A0007F0000240BE03A4629463046F7F782FF39
:10B5B0000D98641C06EB4006189805EB40054445C1
:10B5C000F1DB0FB0BDE8F08F002021E0002415E092
:10B5D00006EB440A5A4605EB4401BAF80000ADF800
:10B5E00018000888ADF81400DDE90501F1F722F92B
:10B5F0000590641CBDF81410AAF80010BC42E7DBEB
:10B600000D9806EB4006189805EB400509F101007E
:10B6100040458146DADBD4E70024D1461CE000BF78
:10B6200099F80020AAB1FF2A1CD006EB440006902E
:10B6300005EB44010088ADF824000888ADF820002F
:10B64000DDE90801F1F7F6F807900698BDF81C103F
:10B650000180641C09F10109BC427EDA5FEA89704D
:10B66000DED17AE005EB440006EB44010088088057
:10B67000EFE7D3E0D9F80000F0B3401C72D099F89E
:10B680000020AAB1FF2A79D006EB4400099005EB0F
:10B6900044010088ADF820000888ADF81C00DDE901
:10B6A0000701F1F7C7F806900998BDF81810018056
:10B6B00009F10100059099F80120AAB1FF2A64D090
:10B6C00006EB4400099005EB44014088ADF81C00EE
:10B6D0004888ADF82000DDE90710F1F7ABF80690D7
:10B6E0000998BDF8181041800598401C0590027813
:10B6F000BAB1FF2A50D000E02CE006EB44000890DD
:10B7000005EB44018088ADF824008888ADF81C0062
:10B7100009990798F1F78EF806900898BDF8181067
:10B72000818005984278AAB1FF2A3CD006EB4400FC
:10B73000089005EB4401C088ADF81C00C888ADF83E
:10B740001800DDE90601F1F775F80590BDF8141051
:10B750000898C180241D09F104095C458ADB45E095
:10B7600000E00BE005EB440106EB44000A88028090
:10B770004A8842808A888280C988EAE705EB4400CB
:10B7800006EB44010088088092E705EB440006EBD5
:10B79000440140884880A7E705EB440006EB4401DC
:10B7A00080888880BDE705EB440006EB4401C08833
:10B7B000C880CFE799F80020AAB1FF2A27D006EB6E
:10B7C0004400099005EB44010088ADF8200008888A
:10B7D000ADF81C00DDE90701F1F72CF80690099897
:10B7E000BDF818100180641C09F10109BC42E1DBBD
:10B7F0000D981B9906EB400618988A4405EB400506
:10B800000198401C01904045FFF606AFD9E605EBD4
:10B81000440006EB440100880880E4E700202CE0A7
:10B8200000241EE01AF80400D0B1FD2801D35A46C6
:10B8300002E000FB0BF0020A06EB4400039005EB6C
:10B8400044010088ADF818000888ADF81400DDE95F
:10B850000501F0F7EFFF05900398BDF81410018083
:10B86000641CBC42DEDB0D9806EB4006189805EB25
:10B8700040051B98824409F1010040458146CFDB19
:10B880009FE600002DE9FF4F85B09A460C46DDF893
:10B8900050B0E1F713FD0390BBF1000FA18822889F
:10B8A000E388A1EB0200658800F10100A3EB05012C
:10B8B00001F1010106B20FFA81F801D000204BE03E
:10B8C00000271DE0002515E0139802900AEB4500C3
:10B8D000079A0088ADF804006088384400B20090F0
:10B8E00003982188294400680BB20599D0F81CC040
:10B8F000E0476D1CB542E7DB12997F1C0AEB410A59
:10B900004745DFDB09B0BDE8F08F00251BE000BF35
:10B910001BF80500B0B113994843000A02900AEBE6
:10B920004500079A0088ADF80400618801EB090022
:10B9300000B2009003982188294400680BB2059951
:10B94000C769B8476D1CB542E2DB159909F10100E2
:10B950008B4412990AEB410A81464045D5DBD1E779
:10B9600070B5802815460E46044605D2E117002022
:10B9700004EB9171891006E004F02EFC411FCC40CD
:10B98000801F84F020013060296070BDFD2902D243
:10B99000022901D80020704710FB01F000EBC01114
:10B9A00001EBC030C0F3C750704700000C4810B521
:10B9B000024603789468303204EBC40002EB800046
:10B9C00033B14269C368521C42611944C16010BD61
:10B9D00002698368521C02611944816010BD000035
:10B9E000600300202DE9F041F4F791FC0746F9F7D8
:10B9F0009FFA0646F9F79CFA0546F0F7BDF8046889
:10BA000000213046F9F782F9B84244F3074008D1E3
:10BA1000012801D0401E07E00C2060F31744601E8F
:10BA20001FE00C2819D0401C60F317442846A1B22F
:10BA300044F307420C461746F0F7A0F801213046C0
:10BA4000F9F764F90849224601EB870151F8043CF3
:10BA500006A1BDE8F041F7F7D4B9012060F317441F
:10BA6000601C60F30F04E1E7BC0200202564202580
:10BA70007300000070B50546F4F749FC04462846FB
:10BA8000F4F747FC05462046F4F7CCF9044628466F
:10BA9000F0F772F8641C018862B22846BDE8704075
:10BAA00062F3174189B2F0F769B8000070B50D462E
:10BAB00000212846FAF79BFF00212846FBF726FEC7
:10BAC0000023284602221946FBF704FE2846EFF71A
:10BAD0003FFB0022064628A1FCF71EF842F2640153
:10BAE0003046FBF72FFE3046FCF71EF93046F9F7DB
:10BAF000DEF9044601463046FCF79FF81F49002353
:10BB000007223046F8F78EF804213046F8F7E0FCBB
:10BB10002846F6F7B9FA03210646F7F7FFF80022A0
:10BB200030460221FCF769F801213046FBF7FEFDA3
:10BB30002846EFF70DFB0022064611A1FBF7ECFFAC
:10BB4000224630461146FBF7E1FE0C49002307224E
:10BB50003046F8F767F804213046F8F7B9FC094990
:10BB600000231C222846F8F75DF82846BDE87040FF
:10BB700000221C21F4F7D0BBEF819300E5B9020845
:10BB8000EF819400750903082DE9F0410F4608463E
:10BB9000F9F7CEF9002104463846FAF728FF0021CC
:10BBA0003846FBF7B3FD3846F4F792F8164D0646D3
:10BBB0006968F4F7C6FA15491C2223463046F8F79F
:10BBC00031F801213046FBF7B1FD3846F4F780F833
:10BBD00029680646F4F7B5FA0D491C22234630467B
:10BBE000F8F720F801213046FBF7A0FD09490023B2
:10BBF0001C223846F8F716F83846BDE8F041002216
:10BC00001C21F4F789BB0000EC0200207F0C030824
:10BC100075BA0208B909030870B5094D0446686889
:10BC2000002808D044B12046ECF7A6F8A9682044C3
:10BC3000884200D3002070BD0248006870BD00003B
:10BC400090010020EC0100202DE9FC41524C60697C
:10BC5000F8F722FC002666622078012204F1300504
:10BC6000C0B1A168002911DB01EBC10005EB800028
:10BC7000C36803B9C2604FF47A7C4269C3684768FD
:10BC800002FB0CF2B2FBF3F2C2610FB1491CA160DE
:10BC9000267010E0A06800EBC00005EB8000816812
:10BCA00001B982604FF47A77016983687943B1FB07
:10BCB000F3F181612270A06800EBC00205EB820104
:10BCC0004968002954D0217809B134A300E035A394
:10BCD00055F82220CDE9002301EB4002A069602342
:10BCE00031A1F7F78EF8207888B1E0690021F7F7E5
:10BCF00015F8E069F021FBF7A0FFA06800EBC00099
:10BD000005EB800155F820208B692AA114E0A0687A
:10BD1000002815DDE0690021F7F700F8E069F0215F
:10BD2000FBF78BFFA06829A100EBC00005EB8000AA
:10BD300050F8083C50F8242CE069F7F762F803E06B
:10BD4000E06918A1F7F726F82662A06800EBC000AA
:10BD500005EB800040688047244800224FF47A7148
:10BD6000FEF7BCFD60620121BDE8FC41FEF795BE17
:10BD7000607860B1EEF7A8F92169FEF78CFEF1F763
:10BD8000AFF9E0F79EFD10B1E168FEF784FEBDE873
:10BD9000FC41EBF789BD000060030020202B206FE1
:10BDA000706100000000000025642F25643A202502
:10BDB00073257300526573756C74206F662022259D
:10BDC00073223A2025642046505300005265737553
:10BDD0006C74206F6620222573202B206F706122E7
:10BDE0003A202564204650530000000049BC020858
:10BDF000002902D00068091D42507047002901D077
:10BE000000684250704700002DE9F04100220446CE
:10BE10002121F4F781FA00287ED0608C40F4805014
:10BE2000608401E0FFF7F0FF00212046F8F76EFF85
:10BE30000028F7D12046F9F735F806460020F5F737
:10BE400087FE002705461CE0A86AA04202D0E86AE7
:10BE5000A04203D121462846F5F7CAFE686BA042EE
:10BE600000D16F63686DB04207D1F5F77BFEA04249
:10BE700003D121462846F5F7BBFE2846F5F768FEB4
:10BE80000546002DE0D12046E1F721F86068042640
:10BE90000028204602D0F9F710F82BE0F8F7D4FF7D
:10BEA00005460020EA68696A05E000BF52F82030C4
:10BEB000A3420AD0401C8142F8D806E0E96806EBAC
:10BEC00080028A5841F82020401C696A491E81423C
:10BED000F4D8686A401E6862EA6881001046F7F785
:10BEE000D1FAE8601CE0096806EB80028A5841F844
:10BEF0002020401C616889684A68521E8242F2D83C
:10BF0000606880684068401E486062688100906890
:10BF10000068F7F7B7FA00E007E061688968086031
:10BF20002046BDE8F041F7F789BABDE8F081F0B5E9
:10BF30008E1A4FF00007012BDDE9054505DC0328CB
:10BF40000CD004280AD0052808D0891A09B206287E
:10BF500027D2DFE800F02607031D110B06EBD67091
:10BF60002F8011E02F802088304418E05B1E18B22B
:10BF700091FBF0F02880F0BD91FBF3F02988084494
:10BF800000B2288000EBD070218801EB600006E051
:10BF90005B1C18B291FBF0F02880218808442080B7
:10BFA000F0BD2F80F0BD2DE9F05F0C460546A2F1F3
:10BFB000010053B12188A1EB620121800844A080D7
:10BFC000E88A6080688BE08009E06188A1EB62010B
:10BFD00061800844E080A88A2080288BA0804FF4EC
:10BFE000403631462846F9F700FE8046314628465D
:10BFF000F9F743FE824631462846F9F798FE814616
:10C0000031462846F9F791FD834631462846F9F72F
:10C0100096FF074631462846F9F785FF268808EB44
:10C02000070C0146A38865885744B4F80680A6EB40
:10C030000C0609EB010026800BEB0102D919A18047
:10C04000281A60804244E280BDE8F09F70B5044643
:10C05000ECF742F905001DD0F8F729FF0646204607
:10C06000F8F7B8FE864215DD00212846F9F710FFE3
:10C07000068900212846F9F732FFE18E304400227C
:10C080004143606A09B2FBF7E5FA606ABDE87040B7
:10C09000FAF746BB70BD00002DE9F047064690F860
:10C0A000600040072FD5706AF6F78BFA17490968C8
:10C0B0008847040027D03046FEF7BEF98146D4F702
:10C0C0005EF9074604FB07F0401CF7F759F9002515
:10C0D000804606E005FB07803A464946F7F7EAF94D
:10C0E0006D1CA542F6D37D43002108F80510706A47
:10C0F0004146F6F74FFE4046F7F78EF93046BDE869
:10C10000F04700F0D9BABDE8F087000038020020FF
:10C1100070470068FFF7C0BF2DE9F041ADF50A7D1B
:10C120001546012388460022064669462846D4F76C
:10C130005FFD28B14FF0FF300DF50A7DBDE8F081BD
:10C140002822694680A8D4F7F6F8BDF80002A0F5C9
:10C150002A41553902D06FF00100EDE7002480AF8D
:10C16000414604EB4400032207EB8000001DD4F796
:10C170001BF930B1641C032CF2DB00BF6FF002002E
:10C18000DAE704EB440007EB8000001DF6D0D0E9AD
:10C19000011001230A183146521E2846D4F728FD03
:10C1A0000028C9D06FF00400C6E700002DE9F04771
:10C1B000DFF8A8805FF00004294D8146D8F814000C
:10C1C000F8F716FA0646FBF7E1F800224946304632
:10C1D000F7F7C4FD0020294601F030F8F0F754FAD3
:10C1E000002201463046FBF78BFC0020294601F077
:10C1F00025F8F0F749FA002201463046FBF796FC95
:10C200000020294601F01AF8F0F73EFA0022014614
:10C210003046FBF7E6FCF0F763FFF0F779FF00EB41
:10C22000D0704110062001F009F807B2F0F758FF6E
:10C23000F0F76EFF00EBD0704110062000F0FEFF1B
:10C2400001B23A463046FBF761FB3046EAF7E6FCBE
:10C25000641C082CB2D3BDE8F08700006003002006
:10C26000F0FFFF00094810B5FCF783FF07482838A6
:10C27000007808B17F2100E0FF210448FCF7C2FFED
:10C28000BDE810400148FFF791BF0000880300207F
:10C290000B4810B5FCF76DFF094847F6FF71FDF735
:10C2A000EFF807482838007808B17F2100E0FF2127
:10C2B0000348FCF7A7FFBDE810400148FFF776BF31
:10C2C000880300200B4810B5FCF753FF09480821EC
:10C2D000FDF7D6F807482838007808B17F2100E03C
:10C2E000FF210448FCF78EFFBDE810400148FFF72E
:10C2F0005DBF0000880300202DE9F04F544E054635
:10C3000085B070680168CA68CC6B9168216001686B
:10C3100009698A0701D4C90723D0F0F73FFF401EFF
:10C3200007B27068F0F7F4FE401E009703B20022D7
:10C3300003A81146EEF722FD03A96160706800684A
:10C34000027CC068920705D5826942F002028261D0
:10C35000A16076E08169826961F341028261A56032
:10C360006FE0A9882A88EB88891A6F88491CDA1B34
:10C37000521C0FFA81F90FFA82F8F0F70FFF01460D
:10C38000B5F90600814203DC7068F0F707FF401E34
:10C39000424607B270684946B246ECF70FF80026ED
:10C3A0008146B5F902000DF1040B28E02E88ADF8A6
:10C3B0000460AE88ADF80860ADF80600ADF80A106C
:10C3C000C4F804B0C4F808B0DAF804000168C96819
:10C3D00089682160BDF90A10B94201DDADF80A7023
:10C3E000BDF90A60B74205D10068C068816941F0B3
:10C3F00002018161204600F02DF80FFA88F000EB71
:10C400000908A8F10101B942D0DDB7421CD02B8840
:10C41000ADF80430AB88ADF80830ADF80600ADF8E3
:10C420000A70C4F804B0C4F808B0DAF8040001686F
:10C43000C968896821600068C068816941F00201AB
:10C440008161204600F006F805B0BDE8F08F0000DD
:10C45000880100202DE9F0415F4C94B007466068E8
:10C46000F0F752FEF968054609B13846884760681A
:10C47000E96800680288408812FB00F0884201D118
:10C48000012000E00020296859B1696831B128B95C
:10C4900007E060680068816A01B188472869002860
:10C4A000F7D160680025F0F763FE01467868FBF776
:10C4B00091FD61680646496919B17868FBF78AFD04
:10C4C000054656EA050052D16068F0F767FE401E47
:10C4D0000FFA80F86068F0F71BFE411ECDF800806F
:10C4E0000BB2002211A81146EEF748FC386BB0B130
:10C4F00003A8F2F75FF9606811AAC16A079190F882
:10C5000029108DF82610418DADF8101003A990F870
:10C5100029008DF80F0038463B6B984727E060688C
:10C52000C16AA1B108466946F4F77CFF01281ED113
:10C5300003A8F1F7A9F8606811AA90F829108DF8FE
:10C54000171003A9C36A3846F1F76AF80FE003A889
:10C55000F2F730F96068418DADF8101003A990F83A
:10C5600029008DF80F0038467A68F2F70FF96068F5
:10C5700090F82810C9070CD006B90669384631462C
:10C5800000F04EFB6068406990B105B90546294648
:10C590000BE0406928B105B905463846294600F048
:10C5A0003FFB0EB9606806693146384600F038FB3B
:10C5B0006068F0F7CBFD0146384600F031FB60685B
:10C5C000F0F7BCFD0146384600F02AFB606814B065
:10C5D000BDE8F041E4F75EBC880100202DE9F74F8B
:10C5E0004FF4A0240F4688B006462146F9F709FB10
:10C5F000804621463046F9F74CFB814621463046BD
:10C60000F9F7A1FB824621463046F9F79AFA8346AC
:10C6100021463046F9F757FC214606903046F9F797
:10C6200070FC214600903046F9F73BFC214605900E
:10C630003046F9F70DFA054621463046F9F702FA79
:10C6400001AA0446B9B2304682E8000FDDE90523AD
:10C65000ECF75AF8F16AA04231F9172001DA0346E3
:10C6600000E02346AB4201DA284602E0A04200DBAC
:10C670002046904221F8170014D10A98B9B26B46AF
:10C6800082B23046EBF781FBB6F916206846B6F960
:10C690001410EEF765FB69463046FAF764F80BB004
:10C6A000BDE8F08F3046FAF706FD0BB03046BDE826
:10C6B000F04FFAF735B800002DE9F04F002104469D
:10C6C00091B0F9F7F1FB002104902046F9F71FFC27
:10C6D0000990606C0690606AF5F773FF724A8246B3
:10C6E000069912689047DFF8C4B1064600210AEBAC
:10C6F00006008146DBF8002090470546074604986F
:10C70000B0F908803846ECF726FF00B120270498DE
:10C7100000223946F3F718FF07B2606A06990DAA9E
:10C72000F5F762FE606AF5F74CFF00210246606A89
:10C73000F7F7EAFD616ABDF93420B1F91430B1F9B7
:10C7400018101A443A448A4228DD94F86010090708
:10C7500024D4032822D009990022ADF8342008EB14
:10C760000100BDF836100844ADF836005DB15049FF
:10C77000484609688847DBF80020064400210AEB98
:10C780000600904705462846ECF7E5FE00B1202557
:10C79000049800222946F3F7D7FE07B220464FF44B
:10C7A000E02B26655946F9F705F905465946204616
:10C7B000F9F7CFFA00EB050A204611225946F9F79E
:10C7C000DAFA00EB050959462046F9F720FA46192E
:10C7D000204613225946F9F7CEFABDF834202844F2
:10C7E0007F1E931BADF82C301318BDF83620A8F12E
:10C7F000010102EB0905A2EB0A00ADF82E00DA19DF
:10C80000ADF830202944ADF8321004F1480102A8F7
:10C810000D46EEF74FFA606ABDF80810828A11449F
:10C82000ADF80810C18ABDF80A000844ADF80A0046
:10C83000616ABDF80C00898A0844ADF80C00616A91
:10C84000BDF80E00C98A0844ADF80E0002A92046C2
:10C85000F9F789FF0BA92846EEF72CFA02A829461A
:10C86000EEF728FA606ABDF80810828A1144ADF824
:10C870000810C18ABDF80A000844ADF80A00616AD0
:10C88000BDF80C00898A0844ADF80C00616ABDF857
:10C890000E00C98A0844ADF80E0002A92046F9F737
:10C8A00062FF11B0BDE8F08F2802002024020020B2
:10C8B000200200202DE9F0412C4C0020206060680F
:10C8C000B0F85051002D4ED0002703E0411991F8E7
:10C8D0003011D1B16D1EF9D50068416B01B18847A7
:10C8E000606800260168C9688A6922F001028A61CD
:10C8F0000168C9688A6922F002028A6190F82810EA
:10C9000041F0040180F8281022E02F46E4E7811965
:10C9100091F83011D9B9BE4205D10168C9688A6958
:10C9200042F001028A610168C9688A6922F0020244
:10C930008A6100EBC6003030FFF7DEFC606800EB78
:10C94000C6003030EEF7D1F9216808442060761C2B
:10C950006068B0F85011B142D9DC90F8281021F08D
:10C96000040180F82810BDE8F08100008801002053
:10C970002DE9F0410446ECF718FD2046F9F7C2FB1B
:10C98000002105462046F8F7ACFF281A94F83C1021
:10C9900000EBD07001F0030140F34F066420012941
:10C9A00003D0022904D0A08C0BE094F8261001E0FB
:10C9B00094F827104FF4B47211FB02F1B1FBF0F0C0
:10C9C00080B200B20746FEF77FF910FB06F0C113F4
:10C9D00038462185FEF770F910FB06F005EBD5719E
:10C9E000228DC01302EB6102228500EB610060859D
:10C9F0002046BDE8F041ECF7D8BC00002DE9F04F2F
:10CA00000C468246012120468BB0F9F7C4FB002872
:10CA10007ED12046E0F76FFA050027D0002120469E
:10CA20006122F9F7A8F900F0FF09B9F1020F6FD3FD
:10CA30006B462A4621465046EDF70DF8012867D18E
:10CA400001276846002204F11401DFF7C5FDA8B1F3
:10CA500000208DF820001221204608AACDF824D00D
:10CA6000F3F75AFC9DF8200038B107E00BB02146DF
:10CA70005046BDE8F04FFAF745B80027012D01D127
:10CA800047F0020769463A465046F1F7EBF80500D1
:10CA90003ED0002120466F22F9F76DF900B2002147
:10CAA000804660F30F0620467022F9F764F901B260
:10CAB0004FF06403C8F3413061F31F4601284FF47F
:10CAC000FA624FF47A7B17D128F4C040904213DC0D
:10CAD000B4F818C05845B4F81480ACEB080C0CF14D
:10CAE000010C0FFA8CFC01DDC0F57A700CFB00FC28
:10CAF0009CFBF3F060F30F06C1F34130012813D122
:10CB000021F4C04090420FDC618BE28A891A00E078
:10CB100080E0491C09B2584501DDC0F57A704143F7
:10CB200091FBF3F060F31F4602A8F0F7ADFD002182
:10CB300020466E228DF81390F9F71DF900B2ADF87A
:10CB40000800B0F5616F02DDA0F5616003E0002828
:10CB500003DA00F56160ADF80800002120466D227F
:10CB6000F9F709F90021ADF80A0068222046F9F723
:10CB700002F98DF81400B907284840680068007C65
:10CB8000C0F3C0008DF81C003AD52868A860688AF8
:10CB900069896A680144B5F90600491EEA6009B26C
:10CBA000E98181422CDDE8812AE0B80705D53B46C2
:10CBB0002A4651462046ECF71BFF21465046F9F71E
:10CBC000A1FFDAF804002946A28A32440088101A2C
:10CBD000ADF80C00DAF80420E08A00EB2640528819
:10CBE000801AADF80E0002AA5046F1F736F8B807E1
:10CBF0000CD5E889698A401C68810144491EE98195
:10CC0000B5F90A00BDF906108842CEDD2946504626
:10CC1000F1F759F80BB0BDE8F08F00008801002053
:10CC20002DE9F0470C00814605D11B484068F0F71C
:10CC30009FFA04002AD021464846FFF7DFFE1FE096
:10CC40000027F8F775F80025064608E0A068006898
:10CC500050F82510E7B14846FFF7D0FE6D1CB542ED
:10CC6000F4D317214A462046F3F756FB18214A46CB
:10CC70002046F3F751FB19214A462046F3F74CFBB7
:10CC8000A0464046F8F754F90400D9D1BDE8F08732
:10CC90004145E3D10127E1E7880100202DE9F04774
:10CCA00092B088460646EBF71EFB05006CD0F5F700
:10CCB00088FC002102462846F7F726FB012838D0D9
:10CCC000022802D0032819D10CE03046F8F79CF86E
:10CCD00004462846F9F716FA201A00EBD07040F304
:10CCE0004F0108E03046F8F78FF804462846F9F778
:10CCF00009FA201A01B22846FAF7B5FF002130469A
:10CD0000F9F7CCF8002104463046F9F7F4F8B4F905
:10CD1000087082463046F8F75DF8002181466522AA
:10CD20003046F9F728F884B2B8F1000F03D014B1F7
:10CD300004E00021DFE73046ECF708FAF18C07EB5E
:10CD40000A0007EBD772484309EBD9714910A1EBF0
:10CD50006201A1EB000006B2B8F1000F17D0B4B128
:10CD60006846EDF7B7F90F48CDE900502846F9F7C6
:10CD7000EBF90B940890CDE909060B4803900B489A
:10CD800007906846EDF71AFA12B0BDE8F08705493A
:10CD90002846EDF751F912B031462846BDE8F04774
:10CDA000FAF777BF51D7020887D202083BA10108E2
:10CDB0002DE9F04F4FF4A0260C4689B005463146C8
:10CDC000F8F71FFF314607902846F8F762FF8346C1
:10CDD00031462846F8F7B7FF824631462846F8F72D
:10CDE000B0FE814631462846F9F76DF83146069087
:10CDF0002846F9F786F8804631462846F9F751F873
:10CE0000314605902846F8F723FE07463146284666
:10CE1000F8F718FE06461CE0079BA1B2CDF808B053
:10CE20002846CDE90083CDE903A9DDE90523EBF729
:10CE30006BFCB04201DA014600E03146B94201DA4A
:10CE4000384602E0B04200DB3046E96A21F81400BF
:10CE5000641CE88CA042DFD82846FAF72CF909B008
:10CE60002846BDE8F04FF9F75BBC00002DE9F04F14
:10CE7000464C8DB0606801680A7CD2077ED0C968D4
:10CE8000496800297FD000F5AC70DFF7E2FF002889
:10CE900079D160680168CA68936811680C938B4205
:10CEA00000D151688946F0F733F920210B9003A88F
:10CEB000D3F75AFA0025A0463CE0411991F8301109
:10CEC000B9BB00F5AC70DFF732FF0646A0462EE096
:10CED000D8F804003146444600F5AC70DFF739FF5E
:10CEE00083466068314600EBC502303203A8DFF7A5
:10CEF0009BFA0746401C19D000240DF10C0A09E0EA
:10CF0000DFF758FF0AEBC401641C64B20A680260D0
:10CF100049684160BC42D8F80400314600F5AC7065
:10CF2000EEDBDFF79FFF3046F6F788FA5E46002E0D
:10CF3000CED16D1CD8F804004446B0F85011A94277
:10CF4000BBD800F5AC702546DFF7F1FE12E00B9878
:10CF50002346CDF80090CDE901046868DDE90B2196
:10CF60000068C06B866BB0476868214600F5AC70FE
:10CF7000DFF7EFFE0400EAD1686800E003E000F5A7
:10CF8000AC70DFF7BEFE0DB0BDE8F08F8801002069
:10CF90002DE9F0410746F7F7CBFE0024054612E0E5
:10CFA000B868006850F824603046F9F7B9FB0022F1
:10CFB00030462A21F3F7B0F93046F9F7B1FB304695
:10CFC000FFF7E6FF641CAC42EAD3BDE8F081000045
:10CFD0002DE9FE4F0446EBF786F9060009D0F4F779
:10CFE000B1FD8046F4F7EFFD042805D0022803D0F8
:10CFF00011E00120BDE8FE8FE18C04282046218548
:10D0000009D1F7F74FFF0546F3F7CCFD18B1002122
:10D010002846F3F735FE4046F4F7D5FD012804D045
:10D020004046F4F7D0FD032863D1A06A800331D4D1
:10D03000002569464046F4F79BFDBDF80200F18AE1
:10D04000401AADF80200BDF80000B18A401A6946E6
:10D05000ADF800003046F5F7C9F807463046F5F759
:10D06000B0FA8246DFF89C90002001908046064688
:10D070000DE0D9F8002001A9504690470A2803D1B5
:10D08000B84501D06D1C2DB2DDF80480761CBE427F
:10D09000EFD327E000212046F8F700FF00210546E6
:10D0A0002046F8F728FF2989B4F91A200844B4F972
:10D0B000161007B2501A00EBD07001EB600005B2F9
:10D0C00040460C21F4F7EAFDF18A084400B2281A20
:10D0D00090FBF7F0002800DA0020A18C814200DCF0
:10D0E000481E05B2002D04DBA9B220460122FBF741
:10D0F000A4F9E08C1C2102AA02902046F3F70CF957
:10D1000078E700002402002070B5D1E90245D5B1CE
:10D11000D4B100EBC216E560AC6006EB8305EE6BA4
:10D120008E420FD18442EC630CD100EB82050121C9
:10D130006C6901FA03F39C436C6103D1036991406C
:10D140008B43036170BDFEE7FEE72DE9F0410C461D
:10D15000498C06460020C1F305110EE026B1E268B5
:10D1600052F83020B24207D14FF470214FF6FF72CF
:10D170002046F9F7B7FF02E0401C8142EED8204676
:10D18000F7F7D6FD0025074607E0A068006850F8CD
:10D1900025103046FFF7D9FF6D1CBD42F5D3BDE821
:10D1A000F08100002DE9FF5FDDF840B0DDE90E54AD
:10D1B000DDE91196DDE9148AE0F780F80068314670
:10D1C000876B4046F6F760FA0020034632E000BF66
:10D1D0000BFB00F109FB00F205EB212104EB2222FD
:10D1E00009124FEA222209D4DDF804C0614505DAAC
:10D1F000002A03DBDDF808C0624502DB08F80030D6
:10D200000BE0DDF80CC002FB0C1C0099139A01EB3B
:10D210004C0102EB400209881180BAF1060F07D1D8
:10D220001399BAB231F81010914201D108F80030C8
:10D23000401C00B2B042CBDBBDE8FF9F30B5884256
:10D2400016D002DD0246084611460A4A0A4CA1EBF6
:10D250000003116A54F8214001F1010140291162D3
:10D26000B4FBF3F503FB1541084401D3002111621F
:10D2700030BD000060030020C86003080022006881
:10D280000A21F3F749B810B50068F7F751FEBDE879
:10D290001040EBF75BBF00002DE9FF4F85B09146D2
:10D2A0000C460846F7F744FE10210646F8F773FFD0
:10D2B000002877D03046F7F799FE002583463046A0
:10D2C000F7F781FF1434CDE9024000B9059C002135
:10D2D0003046F8F75DFB002100903046F8F703FD7B
:10D2E0000146009808440FFA80F830460021F8F70C
:10D2F000FEFB01460098728B0844F18A00B201904F
:10D30000101AE78801EB080CB9F802106388C01BFB
:10D31000081AACEB03020FFA80FA3046521A17B221
:10D32000F7F7C5FDA0EB08010198002FA1EB000065
:10D3300000B204900BDBBAF1000F14DA002F06DD07
:10D340003D463046F7F746FF401B0BD40BE0BAF1E1
:10D35000000F08DDCAF1000005B23046F7F7F4FD12
:10D36000E84200D500250398012804D0022809D0FE
:10D3700003280FD117E0F28A618802EB08002944E4
:10D38000401A05E0718B0198E288091A50191BE0D8
:10D39000284405B230460024F7F70EFF0190A8B1EB
:10D3A000029F14E0C4E00498F18A00EBD07208EB0D
:10D3B0006200E28801446088121A521C12B202EB29
:10D3C000D27205EB62021044081AE1E7059F0021C2
:10D3D0003046F8F7ECFB009908440FFA80FA304623
:10D3E0000021F8F72CFCB28A0099B6F818C0524414
:10D3F0003B88084401B20091B7F80480ACEB01010E
:10D40000B9F80000D21AA1EB0801411A121A10B2A1
:10D4100009B200280ADB002912DA002806DD0446DA
:10D420003046F7F70BFE001B09D409E0002907DDA1
:10D43000484204B23046F7F761FEE04200D50024CE
:10D440003046F8F75FFEA0EB0A0200980199A2EBC4
:10D45000000000B2012904D0022908D003290ED10E
:10D4600023E0B28A398802EB0A0021442DE0318B97
:10D470000098BA88091A1019081A204404B22E49D3
:10D480003046ECF7D9FD2D4907463046ECF7D4FD80
:10D49000384306D0002230460A21F2F73DFF01282A
:10D4A00046D15FEACB7012D014E000EBD072B18AA3
:10D4B0000AEB62003A880844B988891A491C09B203
:10D4C00001EBD17104EB61011144401AD5E7002C46
:10D4D00000DA00245FEA8B7002D4002C00DD002407
:10D4E0005FEA4B7002D4002D00DA00255FEA0B7072
:10D4F00002D4002D00DD00250898B9F9001000289D
:10D5000000D02046B9F902200844A9F8000002D151
:10D510004FF0000000E0284621461044A9F8020020
:10D52000089B09B02A463046BDE8F04FF9F750BFD6
:10D5300009B0BDE8F08F0000CDD50208B5D50208CE
:10D540001CB5828E0446C18E6B46EAF71EFCBDF9FF
:10D550000000002801DA40420CE02046F8F7D2FD36
:10D56000BDF9041088420BDA2046F8F7CBFDBDF870
:10D570000410401A01B2204601230022F9F7B8FF37
:10D58000BDF90200002801DA40420CE02046F7F71E
:10D590008EFCBDF9061088420BDA2046F7F787FCAF
:10D5A000BDF80610401A02B2204601230021F9F707
:10D5B0009FFF1CBD034610B5F7F713FE084401B2E8
:10D5C0001846BDE810400022DFF79BBC034610B5AB
:10D5D000F7F70EFE084402B21846BDE810400021DD
:10D5E000DFF78FBCF8B505460C460846F1F7E2F8C0
:10D5F0004FF4803628463146F8F7B0F90228E0703B
:10D6000008D9202231462846F8F7B5FB0090BDF82E
:10D610000000A080312228463146F8F7ACFB0027F5
:10D62000C0B284F82200022814D93222284631469A
:10D63000F8F7A1FB00B22084002809DD3022314632
:10D640002846F8F798FB0090BDF80000E08301E061
:10D6500084F82270452228463146F8F78CFBC0B288
:10D6600084F8360002281AD9402228463146F8F7B5
:10D6700082FB00B2E08500280FDD432228463146B8
:10D68000F8F779FB44223146A0862846F8F773FB69
:10D690000090BDF80000A08501E084F836703146A6
:10D6A0002846F8F7E1F9FD280AD2E17811FB00F1EC
:10D6B000090AE1704843000A84F8220084F8360021
:10D6C000E07830B994F8220018B994F836000028B0
:10D6D00005D031462846F8F798FB20800120F8BD98
:10D6E00070B5FA2A1446C0B0064600D9FA246D4631
:10D6F000AA208DF8000002228DF80120E81C2246A5
:10D700008DF80240D2F717FE9DF800109DF8012019
:10D710009DF8020051404140002004E02A18401CBE
:10D72000C0B2D2785140A042F8D32819241DA2B229
:10D73000C170642369463046DAF719F840B070BD0D
:10D74000A0F84410F8F7ECBFA0F84610F8F7E8BFCF
:10D7500009B2FAF79EBA00002DE9F84F4FEA6107C7
:10D7600091464FEA610A0D460446C80700D17F1E64
:10D7700060008346F5F704FE06464B46002029E08C
:10D7800003EB44010091601E31F8021C01FB05F11E
:10D7900018D400BF00EB0A024FF0000CA24226F89A
:10D7A000101001DA33F812C0C21B012AA1EB0C01E0
:10D7B00001D51A8803E003EB420232F8022C401E26
:10D7C0001144E7D55A4631461846F5F773FE009BDB
:10D7D00008F10100A0428046D2DB4FF47F51B1FB3B
:10D7E000F5F2002014FB04F31FFA82FC0DE000BFE9
:10D7F00039F8102042B18A4202D129F810C003E062
:10D8000092FBF5F229F81020401C8342F0D800204A
:10D810003FE000BF09EB400300219B461A886A43A2
:10D8200029E0002A02DA4FF0000C01E04FEAA21CC6
:10D83000A1EB0A08B8F1000F26F811C002DCB3F81A
:10D8400000C003E008FB040839F818C001EB070822
:10D8500008F10108A045A2EB0C0202DA08FB04085B
:10D8600003E0A4F1010C0CFB0408491C03EB440386
:10D8700039F818C06244A142D3DB00215A4605E0C2
:10D8800036F81130491C138002EB4402A142F7DB49
:10D89000401CA042BEDB3046BDE8F84FF5F7BCBDEA
:10D8A0002DE9F0478AB01F460E461546D41980462A
:10D8B0009146014607A8EDF7BEF905EBD57045F393
:10D8C000000107EB6002511A891EADF820100121FA
:10D8D00001EB6000ADF81E004046EDF71BFABDF805
:10D8E0002010081AADF81C004046EDF7ECF9BDF821
:10D8F0001E1000233A460844ADF8220007A901A8EB
:10D90000F0F784FEB9F1010F4D4601D04FEA6905E9
:10D910002046F5F735FD00278246B04636E0214621
:10D920005046F5F7B1FEDDF804C023B23AB200214B
:10D9300001A800905046E04740B19AF800008101EC
:10D9400091FBF5F10120A8F800101AE061004046B3
:10D95000F5F772FE17E000BF0AEB00021AF800109C
:10D9600012F8012C914206D108EB400131F8022C4B
:10D9700028F8102004E0890191FBF5F128F8101037
:10D98000401CA042E8DB7F1C08EB4408A742C6DB32
:10D990005046F5F741FD01A8F0F7B0FB012D14D07A
:10D9A00020B2324629460746FFF7D6FE09F00100AD
:10D9B000284401B2012926DD4FF47F5090FBF1F39A
:10D9C00004FB04F200209DB217E06443002004E051
:10D9D00036F810108A093254401C8442F8DC0AB030
:10D9E000BDE8F08736F8103033B1FF2B0ED09B0125
:10D9F00093FBF1F326F81030401C8242F2D83246F5
:10DA00003846FFF7A9FE6443002007E026F81050CF
:10DA1000F2E700BF16F810103154401C8442F9DCC4
:10DA2000DDE700000F4810B5FBF7A3FB0D48082108
:10DA3000FBF726FD0B48FF21FBF7E4FB09482838DC
:10DA4000007808B1CC2100E0FF210648FBF72FFD4C
:10DA500004481A21FBF733FDBDE810400148FEF7EA
:10DA6000A5BB000088030020154810B5FBF781FB1B
:10DA700013480821FBF704FD1148FF21FBF7C2FB07
:10DA80000F482838007808B1CC2100E0FF210C486D
:10DA9000FBF70DFD0A481A21FBF711FD08480D217F
:10DAA000FBF7FDFC06480D21FBF7FDFC04480421B3
:10DAB000FBF701FDBDE810400148FEF777BB000011
:10DAC000880300200F4810B5FBF753FB0D480821D1
:10DAD000FBF7D6FC0B48FF21FBF794FB09482838DD
:10DAE000007808B1CC2100E0FF210648FBF7DFFCFD
:10DAF00004480821FBF7E3FCBDE810400148FEF7AD
:10DB000055BB000088030020154810B5FBF731FB1A
:10DB100013480821FBF7B4FC1148FF21FBF772FB07
:10DB20000F482838007808B1CC2100E0FF210C48CC
:10DB3000FBF7BDFC0A480821FBF7C1FC0848062199
:10DB4000FBF7ADFC06480621FBF7ADFC04480421B9
:10DB5000FBF7B1FCBDE810400148FEF727BB000011
:10DB600088030020F0B597B014460D46074601A87B
:10DB7000F0F720FEFF2211461046EEF7EFFD009071
:10DB80000026BDF8000001A900902A46BDF800005B
:10DB9000ADF808003846F0F7F9FD0FA8F0F732F8B5
:10DBA0000FA923462A4638460096EFF787FD17B09F
:10DBB000F0BD000030B56522054691B04FF4E0217C
:10DBC000F8F7D9F8040017D06846ECF783FA104844
:10DBD00000210B940E94CDE9005001200890CDE96E
:10DBE00009010C4807904FF6FF70ADF840006846F9
:10DBF000ECF7E4FA11B030BD05492846ECF71CFA01
:10DC000095F8540040F0010085F85400F2E7000058
:10DC1000BFFC000893A101082DE9FC47FD4DFE4C17
:10DC200095F82000C00703D0FC48EEF71CFD03E088
:10DC300004211220FAF7AAF80090BDF800006080D5
:10DC400095F82000C00704D005211220FAF79EF8AD
:10DC500003E004211220FAF781F80090BDF80000DB
:10DC6000A08095F82000C00703D0ED48EEF7FBFC3C
:10DC700001E0EEF78FFE0090BDF80000E08095F81F
:10DC80002000C00703D0E748EEF7EDFC03E00221D7
:10DC90001220FAF77BF80090BDF800002081E068C0
:10DCA000D03001F07DFAE068D83001F079FA002632
:10DCB000DD4A4620DD495023CDE90006D548283805
:10DCC000FBF738FCD3485023D74AD849143800967C
:10DCD0000196FBF72FFCCF49E0682839D030FBF7DD
:10DCE00020FCCC49E0681439D830FBF71AFCE06816
:10DCF000083001F055FA95F82000C00704D0022141
:10DD00001220FAF72BF802E01220FAF759F8014630
:10DD1000E0680830FBF75CFAE06847F6FF7A5146A6
:10DD20000830FBF7ADFBE8680721EFF7C1F80146C3
:10DD3000E0680830FBF7D3FAE8680521EFF7B8F898
:10DD40000146E0680830FBF7F0FBE0686621083028
:10DD5000FBF758FAAF49E06814390830FBF7E1FBEC
:10DD6000E068103001F01CFAE068FF211030FBF78A
:10DD700049FAE06801F014FAE068FF21FBF742FA83
:10DD80006088ADF800000099E068FBF721FAA088F0
:10DD9000ADF800000099E068FBF7A4FB607801286B
:10DDA0007ED00228E8687CD05FF00A01EFF780F8A7
:10DDB0000146E068FBF7CCFA6078012872D00228AF
:10DDC000E86870D05FF00A01EFF772F80146E0688A
:10DDD000FBF79CFAE068183001F0E2F9607801285E
:10DDE000E8687DD05FF00801EFF762F80146E0686F
:10DDF0001830FBF745FBE068FF211830FBF702FA0B
:10DE0000E088ADF80000E06800991830FBF7E0F911
:10DE10002089ADF80000E06800991830FBF7FAF9A6
:10DE2000E8680221EFF744F80146E0681830FBF794
:10DE300008FAE06801211830FBF7FBF9A088ADF87B
:10DE40000000E06800991830FBF74CFB607801286F
:10DE50007ED00228E8687CD05FF01001EFF728F848
:10DE60000146E0681830FBF73AFA6078012871D073
:10DE70000228E8686FD00A21EFF71AF80146E06837
:10DE80001830FBF765FA6078012865D00228E86849
:10DE90007ED00A21EFF70CF80146E068183003E065
:10DEA00083E085E086E088E0FBF730FA1220F9F79E
:10DEB00087FF0146E0681830FBF7DFF9E8680121C9
:10DEC000EEF7F6FF0146E0681830FBF7E5F9E06889
:10DED000A03001F065F9DFF83C81A8F1280800E0E6
:10DEE0006DE0E0684646D8F83810A030FBF7E0F95E
:10DEF000E8680321EEF7DCFF0146E068A030FBF79D
:10DF0000EAF9E8680321EEF7D3FF0146E068A030A4
:10DF1000FBF7DDF9E0687F21A030FBF7D4F9E0687A
:10DF2000A83001F03DF9708FADF80000E06800996D
:10DF3000A830FBF7BDF9E8680321EEF7B9FF014609
:10DF4000E068A830FBF7C7F9E0687F21A83004E05B
:10DF500037E039E03AE03CE03DE0FBF7B4F9E06857
:10DF6000203001F01DF96078012839D00228E868D6
:10DF700039D00821EEF79CFF0146E0682030FBF71E
:10DF80007FFAE068FF212030FBF73CF9208900E0B0
:10DF900024E0ADF80000E06800992030FBF718F9A4
:10DFA00095F82000C00720D06FE0E8680E21FDE65C
:10DFB0000C21FBE6E8680E2106E70C2104E70C21A2
:10DFC00012E7E868182149E7142147E7E8680E21BD
:10DFD00052E70C2150E7E8680E215BE70C2159E776
:10DFE000E8681021C6E70C21C4E71220F9F7E8FE23
:10DFF0000146E0682030FBF747FA0020EFF776F89B
:10E0000000EB4000A02650304FF4A079484517DBC4
:10E0100000200DE0AC450120800200201A171500F9
:10E02000302B280037322F006FA101080C5A03084B
:10E03000EFF75CF800EB4000503090FBF6F000E0AA
:10E04000012001B2E0682030FBF739FAE0687F2157
:10E050002030FBF72CFA0020EFF748F8502707EBA9
:10E060008000484507DB0020EFF740F807EB800011
:10E0700090FBF6F000E0012001B2E868EEF718FF2F
:10E080000146E0682030FBF70EFAA088ADF80000EA
:10E09000E06800992030FBF725FA607801287DD0F0
:10E0A0000228E8687BD01021EEF702FF0146E06805
:10E0B0002030FBF73AF96078012871D00228E8682F
:10E0C0006FD00A21EEF7F4FE0146E0682030FBF73E
:10E0D00047F9E8680521EEF7EBFE0146E0682030DD
:10E0E000FBF714F9E8680521EEF7E2FE0146E06867
:10E0F0002030FBF72DF9FF49FD4808600831FE4844
:10E100000860E068583001F04BF8E068F949583091
:10E11000FBF79FF8E06823215830FBF79EF8E06892
:10E12000603001F03DF8F349E06808316030FBF7FA
:10E1300090F8E0687F216030FBF78FF8E068C0302E
:10E1400001F02EF8E0680121C030FBF77EF8E068AE
:10E150000121C030FBF76DF8E068803001F020F855
:10E16000607801287ED00228E8687CD05FF010013A
:10E17000EEF79EFE0146E0688030FBF7B0F860786D
:10E18000012871D00228E8686FD01021EEF790FEC8
:10E190000146E0688030FBF7DBF803E0ECE3ECE3FA
:10E1A000ECE3ECE3607801287ED00228E8687CD0BC
:10E1B0005FF01001EEF77CFE0146E0688030FBF76F
:10E1C000A5F8E068783000F0EBFF607801286DD0AA
:10E1D0000228E8686BD00A21EEF76AFE0146E06883
:10E1E0007830FBF77CF8607801287CD00228E8685A
:10E1F0007AD00A21EEF75CFE0146E0687830FBF742
:10E2000089F8E068883000F0CBFFE8680A21EEF773
:10E210004FFE0146E0688830FBF79AF8E8680A216B
:10E22000EEF746FE0146E0688830FBF76FF8E068DD
:10E23000903000F0B5FFE8681421EEF739FE014692
:10E24000E0689030FBF75DF9E068983000F0A8FFD7
:10E25000E06802219830FBF741F9E068683000F08F
:10E260009FFF03E0FEE3FEE3FEE3FEE3E068002140
:10E270006830FBF734F8E06800216830FBF768F895
:10E28000E06800216830FBF741F8E068703000F08A
:10E2900087FF607801287CD00228E8687AD00221C4
:10E2A000EEF706FE014603E0FEE3FEE3FEE3FEE3D7
:10E2B000E0687030FBF713F8607801286BD0022813
:10E2C000E86869D05FF00201EEF7F2FD0146E06810
:10E2D0007030FBF73DF8607801287DD00228E868AF
:10E2E0007BD0022101E0E6E3E6E3EEF7E1FD014643
:10E2F000E0687030FBF70AF8E068283000F050FF63
:10E30000E0684646D8F838102830FAF761FFEEF793
:10E3100041FB0146E0682830FBF7E4F8E068FF21A4
:10E320002830FAF76FFFE068303000F039FFE0681E
:10E33000B16B3030FAF74CFFE068B16B3030FBF76F
:10E34000D1F8E06833213030FAF75CFFE06838300C
:10E3500000F026FF708FADF80000E06800993830BB
:10E36000FAF736FFEEF716FB0146E0683830FBF7A8
:10E37000B9F8E068FF213830FAF744FFE068403030
:10E3800000F00EFF708FADF80000E068009940309B
:10E3900003E0FDE3FDE3FDE3FDE3FAF719FF708F12
:10E3A000ADF80000E06800994030FBF79BF8E068AA
:10E3B00033214030FAF726FFE068483000F0F0FEE5
:10E3C0002089ADF80000E06800994830FAF700FFB6
:10E3D000E068FF21483001E0FDE3FEE3FAF712FFB9
:10E3E000A088ADF80000E06800994830FBF77AF8A3
:10E3F000E068503000F0D4FEE088ADF80000E0683E
:10E4000000995030FAF7E4FEE068FF215030FAF747
:10E41000F9FEA088ADF80000E06800995030FBF7E5
:10E4200061F8E068B03000F0BBFEE0685746514646
:10E43000B030FBF725F8E068B83000F0B1FEE068D6
:10E440000021B830FBF71CF8E068C83000F0A8FEE7
:10E45000E8680321EEF72CFD0146E068C830FBF7C1
:10E460005CF8E8680321EEF723FD0146E068C83058
:10E47000FBF74FF8E068F03000F092FEE068B16B17
:10E48000F030FAF7A5FEE068FF21F030FAF7BAFEA7
:10E49000E8680621EEF70CFD0146E068F030FAF777
:10E4A0001EFFE0683946F030FAF7EAFFE068E03036
:10E4B00000F076FEE068C821E030FAF76EFEE06812
:10E4C000E83000F06DFEE0687821E830FAF765FE8C
:10E4D000E06800F5807000F063FE2089ADF8000070
:10E4E000E068009900F58070FAF75BFE0F2105E007
:10E4F0002DFD000890020020A9890108E868EEF7C8
:10E50000D7FC0146E06800F58070FAF75DFEE06830
:10E51000012100F58070FAF753FEE06800F5847081
:10E5200000F03EFEE068B16B00F58470FAF739FE4A
:10E53000E06800F5987000F033FEE0684FF48271F7
:10E5400000F59870FAF7ACFEE06800F59C7000F0FA
:10E5500027FEE8680321EEF7ABFC0146E06800F512
:10E560009C70FAF7BCFEE8680221EEF7A1FC0146B8
:10E57000E06800F59C70FAF764FEE068B16B00F5A6
:10E580009C70FAF747FEE088ADF80000E06800995B
:10E5900000F59C70FAF71CFEE068FF2100F59C7006
:10E5A000FAF730FE60780128E8687CD05FF0080157
:10E5B000EEF77EFC00EBD0704110E06800F59C7037
:10E5C000FAF75EFFE06800F5A07000F0E9FDE06892
:10E5D000FCA100F5A070FAF711FEEEF7DBF9014699
:10E5E000E06800F5A070FAF77DFFE068696900F562
:10E5F000A070FAF782FFE06800F5A47000F0D0FD8B
:10E60000E8680421EEF754FC404201B2E06800F5EE
:10E61000A470FAF764FEEEF7BDF90146E06800F574
:10E62000A470FAF7D5FDE06800F5A87000F0B8FD19
:10E63000E068012100F5A870FAF72EFEA088ADF879
:10E640000000E068009900F5A870FAF716FEE0688F
:10E6500000F5947000F0A4FDE068002100F59470CE
:10E66000FAF7E7FDE8680A21EEF722FC0146E068C8
:10E6700000F59470FAF74AFE2089ADF80000E068D2
:10E68000009900F59470FAF7F8FDE06800F58870DD
:10E6900000F086FDE8680321EEF70AFC0146E06819
:10E6A00000F5887000E019E3FAF7F6FDE868032149
:10E6B000EEF7FEFB0146E06800F58870FAF7E0FE31
:10E6C000E8680821EEF7F4FB0146E06800F5887081
:10E6D000FAF7F9FEE8680221EEF7EAFB0146E06886
:10E6E00000F58870FAF712FEE06800F58C7000F013
:10E6F00057FDE068394600F58C70FAF7C1FEE8680E
:10E700000821EEF7D5FB0146E06800F58C70FAF7BA
:10E71000DAFEE068B16B00F58C70FAF759FDE0683D
:10E72000FF2100F58C70FAF76DFDE06800F5907040
:10E7300000F036FDE8680121EEF7BAFB0146E0681B
:10E7400000F59070FAF7A8FDA088ADF80000E06829
:10E75000009900F59070FAF790FDE8680221EEF755
:10E76000A7FB0146E06800F59070FAF7B8FD1220AB
:10E77000F9F726FB0146E06800F59070FAF7B2FE63
:10E78000E06800F5D07000F00BFDE068002100F5B6
:10E79000D070FAF7A4FDE068002100F5D070FAF718
:10E7A000B9FDE068002100F5D070FAF769FEE06875
:10E7B000012100F5D070FAF748FDE068002100F56E
:10E7C000D070FAF73AFDE06800F5EC7000F0E8FC74
:10E7D00060780128E8687CD05FF00801EEF768FBFC
:10E7E0000146E06800F5EC70FAF74AFEE0680121A6
:10E7F00000F5EC70FAF729FDE068FF2100F5EC70F8
:10E80000FAF700FDE088ADF80000E068009900F537
:10E81000EC70FAF7DDFCA088ADF80000E068009924
:10E8200000F5EC70FAF75EFEE06800F5D47000F0D9
:10E83000B7FC607801287DD00228E8687BD00A21E7
:10E84000EEF736FB0146E06800F5D470FAF76DFD8F
:10E850006078012870D00228E8686ED05FF00A0165
:10E86000EEF726FB0146E06800F5D470FAF778FD74
:10E87000607801287ED00228E8687CD05FF00A0129
:10E88000EEF716FB0146E06800F5D470FAF742FD9A
:10E89000E8680121EEF70CFB0146E06800F5D47052
:10E8A000FAF7CFFCE068192100F5D470FAF7BDFC47
:10E8B000A088ADF80000E068009900F5D470FAF780
:10E8C000A9FCE068002100F5D470FAF7B6FCE06816
:10E8D00000E005E200F5D87000F062FCE06800217D
:10E8E00000F5D870FAF7FBFCE068002100F5D8705D
:10E8F000FAF710FDE8680121EEF7DAFA0146E06860
:10E9000000F5D870FAF79DFCE068192100F5D87081
:10E91000FAF78BFCA088ADF80000E068009900F5DC
:10E92000D870FAF777FCE068082100F5D870FAF79C
:10E9300084FC03E0D6E1D8E1D9E1DBE1E06800F551
:10E94000DC7000F02DFCE068002100F5DC70FAF7C7
:10E95000C6FCE068002100F5DC70FAF7DBFCE0683B
:10E9600000F5E47000F01CFC607801287ED00228DD
:10E97000E86805E0C0E1C2E174E177E178E17BE1BC
:10E9800075D00A21EEF794FA0146E06800F5E470CC
:10E99000FAF7CBFC607801286AD00228E86868D0D2
:10E9A0005FF00201EEF784FA0146E06800F5E470DA
:10E9B000FAF7D6FC607801287AD00228E86878D087
:10E9C0000A2101E0EF808C00EEF772FA0146E06860
:10E9D00000F5E470FAF79EFCE06800F5E87000F0DE
:10E9E000DFFB6078012865D00228E8687DD002212D
:10E9F000EEF75EFA0146E06800F5E870FAF795FC7C
:10EA00006078012872D00228E86870D05FF00201B7
:10EA1000EEF74EFA0146E06800F5E870FAF7A0FC60
:10EA2000E068002100F5E870FAF741FDE068002198
:10EA300000F5E870FAF7E6FBA088ADF80000E068A2
:10EA4000009900F5E870FAF74DFDE06800F5E07018
:10EA500000F0A6FBE068002100F5E070FAF765FC25
:10EA6000002107E00AE10DE10EE111E149E14BE18E
:10EA70004CE14EE1E06800F5E070FAF74BFCE0682D
:10EA800000F5F07000F08CFBE068332100F5F070C9
:10EA9000FAF7B8FB1220F9F793F90146E06800F5A0
:10EAA000F070FAF795FB08E0F4E0F7E0F8E0FBE03F
:10EAB00031E133E134E1F9E0FCE0E06800F5F470C5
:10EAC00000F06EFBE068002100F5F470FAF79AFBA5
:10EAD000607801287ED00228E8687DD05FF00201CE
:10EAE000EEF7E6F90146E06802E01CE11DE11FE1F6
:10EAF00000F5F470FAF734FCE06800F5B07000F04F
:10EB00004FFBE8680521EEF7D3F90146E06800F510
:10EB1000B070FAF7C1FBA088ADF80000E06800997A
:10EB200000F5B070FAF7A9FBE8681421EEF7C0F918
:10EB30000146E06800F5B070FAF7C5FCE8680F21FF
:10EB4000EEF7B6F90146E06800F5B070FAF7F8FBA9
:10EB5000E06800F5B47000F023FBE068394600F58A
:10EB6000B470FAF78DFCA088ADF80000E068009959
:10EB700000F5B470FAF72CFBE068FF2100F5B470E3
:10EB8000FAF740FBE8680F21EEF792F9014603E03F
:10EB900092E095E096E099E0E06800F5B470FAF74D
:10EBA00092FCE06800F5AC7000F0FAFAE868012128
:10EBB000EEF77EF90146E06800F5AC70FAF741FB2C
:10EBC0002089ADF80000E068009900F5AC70FAF714
:10EBD00021FB03E0AEE07BE0B0E07DE0E0680321F4
:10EBE00000F5AC70FAF729FBE06800F5B87000F0AA
:10EBF000D7FAA088ADF80000E068009900F5B87079
:10EC0000FAF708FBE8680221EEF752F90146E068DE
:10EC100000F5B870FAF715FBE8680121EEF748F93E
:10EC2000404201B2E06800F5B870FAF789FBE0688D
:10EC3000042100F5B870FAF700FBE0684FF4C871E2
:10EC400000F5B870FAF7A9FAE06800F5BC7000F0BA
:10EC5000A7FA95F82000C00772D002211220F9F718
:10EC60007DF871E0E8681821FFF71EBA1421FBE770
:10EC7000E8680E21FFF726BA0C21FBE7E8681821A7
:10EC8000FFF776BA1421FBE7E8681821FFF77EBA90
:10EC90001421FBE7E8681821FFF78CBA1421FBE781
:10ECA000E8680E21FFF798BA0C21FBE7E8680E210F
:10ECB000FFF7A0BA0C21FBE7E8680821FFF7F0BADC
:10ECC0000621FBE7E8680821FFF7FEBA0621FBE70B
:10ECD000E8680821FFF706BB0621FBE70C2167E483
:10ECE0000C217BE5E8680E21AAE50C21A8E5E8687F
:10ECF0000E21B5E50C21B3E5E8680E21C0E50C2135
:10ED0000BEE5E8680E213DE60C213BE6E8680821F7
:10ED100048E6062146E6E8680E2152E60C2150E658
:10ED2000E868082164E6062162E6E86808216FE6E3
:10ED300006216DE6E8680821D2E601E00621CFE66B
:10ED400001211220F9F722F80146E06800F5BC70B5
:10ED5000FAF7C8FBE06800F5C07000F021FA6078AF
:10ED600001287DD00228E8687BD00A21EEF7A0F8C0
:10ED70000146E06800F5C070FAF7B1FA6078012842
:10ED800070D00228E8686ED05FF00A01EEF790F8C4
:10ED900000EBD0704110E06800F5C070FAF7BAFAE5
:10EDA000E06800F5C47000F0FBF9E8680121EEF7B7
:10EDB0007FF80146E06800F5C470FAF742FA20894E
:10EDC000ADF80000E068009900F5C470FAF722FA87
:10EDD000E088ADF80000E068009900F5C470FAF72B
:10EDE000F7F9E068332100F5C470FAF70BFAE06830
:10EDF00000F5C87000F0D4F9607801287DD00228B1
:10EE0000E8687BD05FF00A01EEF752F80146E0684F
:10EE100000F5C870FAF789FA607801286FD00228E7
:10EE2000E8686DD05FF00A01EEF742F80146E0684D
:10EE300000F5C870FAF790FA607801287DD00228B2
:10EE4000E8687BD05FF00201EEF732F80146E06837
:10EE500000F5C870FAF756FA607801286FD003E021
:10EE60005BE160E161E163E10228E86868D00A21C2
:10EE7000EEF71EF80146E06800F5C870FAF74AFAA6
:10EE8000E06800F5CC7000F08BF9E8680A21EEF735
:10EE90000FF80146E06800F5CC70FAF795F9E068E4
:10EEA00000F5FC7000F07CF9E8680421EEF700F84A
:10EEB0000146E06800F5FC70FAF711FAE06800F529
:10EEC000F87000F06DF9E06842F2640100F5F87046
:10EED000FAF7EAF9E06800F5007000F061F9122035
:10EEE000F8F76EFF0146E06800F50070FAF770F978
:10EEF000E0687F2100F5007003E01BE11EE11FE1E7
:10EF000021E1FAF77FF9E06800F5027000F048F9B6
:10EF1000E068002100F50270FAF7D1FA6078032862
:10EF20007ED00128E8687CD05FF00801EDF7C0FFD3
:10EF30000146E06800F5027003E006E108E109E13E
:10EF40000DE1FAF79DFAE06800F50E7000F028F97F
:10EF5000E068B16B00F50E70FAF75CF9E868022121
:10EF6000EDF7A6FF400001B2E06800F50E70FAF779
:10EF700068F9E068012100F50E70FAF75EF9E068C3
:10EF800000F50C7000F00CF9E8680221EDF790FF35
:10EF9000404201B2E06800F50C70FAF798F9E068B9
:10EFA00000F5047000F0FCF8607801287ED002289B
:10EFB000E8687CD05FF01001EDF77AFF0146E06869
:10EFC00000F50470FAF7B1F9E068002100F504706B
:10EFD000FAF7C6F9E068002100F50470FAF79AF92B
:10EFE000E068012100F50470FAF72FF9E06800F5F8
:10EFF000067000F0D5F8E8680121EDF759FF0146E9
:10F00000E06800F50670FAF71CF92089ADF80000F9
:10F01000E068009900F50670FAF7FCF8012101E0BC
:10F020009FE0A6E0E06800F50670FAF706F9607860
:10F03000012875D00228E86873D00A21EDF738FF5F
:10F040000146E06800F50670FAF749F96078012892
:10F0500068D00228E86870D05FF00A01EDF728FF59
:10F060000146E06800F50670FAF750F9E06800F52F
:10F07000087000F095F8607801286ED00228E868E2
:10F080006CD01021EDF714FF0146E06800F5087020
:10F09000FAF743FAE06800F5107000F081F8E068D4
:10F0A000FF2100F51070FAF7ADF801E063E065E0CC
:10F0B000EDF770FC0146E06800F51070FAF788F88B
:10F0C0001220F8F77DFE0146E06800F51070FAF7AF
:10F0D0008AF8E068394600F51070FAF7D1F9E86867
:10F0E0000F21EDF7E5FE0146E06800F51070FAF734
:10F0F000E6F9EDF74FFC0146E06800F51070FAF70D
:10F10000C3F9E8680521EDF7D3FE0146E068BDE8E4
:10F11000FC4700F51070FAF7CEB9E8680E2125E635
:10F120002EE030E031E00C2120E6E8680E212DE6EB
:10F130000C212BE6E8680E2166E629E00C2163E647
:10F14000E8680E2170E60C216EE6E86808217BE68F
:10F15000062179E6E8680E218AE61BE01DE00C2115
:10F1600086E6E8680821EDF7A3FE00EBD0704010BA
:10F17000DEE60C21DAE6E86818211DE714211BE71A
:10F18000E8680E215AE70C2158E7E8680E2165E788
:10F190000C2163E7E868182174E7142172E7000086
:10F1A0000349097809B1F9F7E4BFF9F7D4BE0000C3
:10F1B000800200200D4810B5F9F7DBFF0B480D2148
:10F1C000FAF702F809482838007808B17F2100E0F2
:10F1D000FF210648F9F7F0FF04480221FAF716F874
:10F1E000BDE810400148DEF791BF00008803002011
:10F1F0000F4810B5F9F7BDFF0D480821FAF740F99F
:10F200000B480321FAF71DF809482838007808B19F
:10F210007F2100E0FF210648FAF707F804480221A1
:10F22000F9F7F4FFBDE810400148FCF7BFBF00004C
:10F23000880300200D4808B5F9F79BFF0B482838D4
:10F24000007808B17F2100E0FF210848FAF70DF8A7
:10F2500006480221F9F7DAFF00200090044903462E
:10F2600002460248E9F71EFE08BD000088030020A0
:10F270008CEA03080D4810B5F9F77BFF0B48022113
:10F28000FAF70AF809482838007808B17F2100E029
:10F29000FF210648F9F7FCFF04480221F9F7B6FF01
:10F2A000BDE810400148EAF77FBC00008803002059
:10F2B0000D4810B5F9F75DFF0B480821FAF7E0F8A3
:10F2C00009482838007808B17F2100E0FF2106486E
:10F2D000F9F798FF04480221F9F798FFBDE81040BC
:10F2E0000148FCF763BF000088030020134810B5F5
:10F2F000F9F73FFF11480821FAF7C2F80F48FF213C
:10F30000F9F780FF0D482838007808B1CC2100E0DB
:10F31000FF210A48FAF7CBF808480821FAF7CFF896
:10F3200006480821FAF7C7F804480221F9F76EFFEA
:10F33000BDE810400148FCF739BF000088030020F9
:10F340000E4810B5F9F715FF0020FBF73DFA01460E
:10F350000A48FAF7D2F809482838007808B17F211E
:10F3600000E0FF210548FAF7D0F804480221F9F738
:10F370004DFFBDE81040014801F062B9880300204C
:10F380002DE9F35F0198F5F7D3FDFF4C00287DD000
:10F39000FE490198F4F7C8FF00284BD00198F5F713
:10F3A000C7FDFB490546F4F7BFFF00286FD128468B
:10F3B000F5F7BEFDF649F4F7B7FF30B1E16800227A
:10F3C00001988031F4F7CAFCF7E30198F5F775FD71
:10F3D00088B90198F5F7ACFDEE49F4F7A5FF50B1F7
:10F3E000E168002201984831F4F7B8FCE168002296
:10F3F0000198703144E20198F5F75FFD01280CD1C6
:10F400000198F5F795FDE349F4F78EFF28B1E1681F
:10F4100000220198F4F7A2FCD0E70198F5F788FDE7
:10F42000DD49F4F781FF0028C0D1E168002201988E
:10F430001831C7E7D9490198F4F776FF002854D06E
:10F44000E168002201982031F4F788FCE16800228D
:10F4500001982831F4F782FCE16800220198D0314C
:10F46000F4F77CFCE168202201985831F4F776FC2F
:10F47000E16820220198D831F4F770FCE168042299
:10F480000198A031F4F76AFC202201E0FEE39CE041
:10F49000E1680198C831F4F761FCE1680122019844
:10F4A0003831F4F75BFCE168802201986031F4F7B1
:10F4B00055FC0198F5F73CFDB949F4F735FF38B92B
:10F4C0000198F5F735FDB749F4F72EFF00287CD0F9
:10F4D000E1680022019801F5E871F4F73FFCE1686A
:10F4E0002022019801F5F07184E7AF490198F4F703
:10F4F0001BFF28B1E1680022019801F5A87179E7A6
:10F50000AA490198F4F710FF4FF4A028002808F149
:10F51000010908F1040A70D00198F5F709FDA44922
:10F52000F4F702FF20B3E1680022019801F5FC71B5
:10F53000F4F714FCE168002201988831F4F70EFC1E
:10F54000E168424601982031F4F708FCE168994AE5
:10F5500001985831F4F702FC964AE168019860324C
:10F560006031F4F7FBFBE1684A4601982831FDE37E
:10F570000198F5F7DDFC8649F4F7D6FE30B3E16873
:10F58000002201985031F4F7E9FBE1680422019868
:10F59000A031F4F7E3FBE1680422019801F50C7156
:10F5A000F4F7DCFBE168834A01985831F4F7D6FBA5
:10F5B000E1684D4601984A463031F4F7CFFBE168E7
:10F5C0002A46019801F50E7101E0F5E316E0F4F723
:10F5D000C5FBE168554601985246A031F4F7BEFBE1
:10F5E000744AE1680198183AA831F4F7B7FBE1686A
:10F5F0002A46019801F50C71FCE662E00198F5F7E6
:10F6000097FC6549F4F790FEE168002801984FF0F7
:10F61000000222D001F5C071F4F7A0FBE1680422DA
:10F620000198A031F4F79AFBE16808220198A8310B
:10F63000F4F794FBE1684246019801F5C471F4F7D0
:10F640008DFBE1685B4A01985831F4F787FB594A12
:10F65000E16860320198603125E01831F4F77EFBF3
:10F66000E16804220198A031F4F778FBE1680822F0
:10F670000198A831F4F772FBE16842460198203105
:10F68000F4F76CFB4B4AE168019860326031F4F7A3
:10F6900065FBE168474A01985831F4F75FFBE16880
:10F6A0004A4601982831F4F759FBE168524601981F
:10F6B000A031F4F753FB3F4AE168183A0198A831AA
:10F6C00098E63D490198F4F72FFE4FF4003510B34A
:10F6D000E168002201983031F4F740FBE168002234
:10F6E0000198B031F4F73AFBE16804220198A031A7
:10F6F000F4F734FBE16808220198A831F4F72EFBF7
:10F70000E1682A4601982831F4F728FBE1682A4687
:10F710000198B031B4E029490198F4F705FE4FF49F
:10F72000403678B3E168002201983031F4F716FBD7
:10F73000E16800220198B031F4F710FBE16804227F
:10F740000198A031F4F70AFBE16808220198A8317A
:10F75000F4F704FBE1682A4601982831F4F7FEFA31
:10F76000E1682A460198B031F4F7F8FAE1683246C8
:10F770000198F031F4F7F2FA114DE16801982A4648
:10F78000C8311FE025E0000080020020F81E0308B9
:10F7900058600308AC600308245A0308845803081F
:10F7A000945F0308785F030848590308A0580308CA
:10F7B000CC5F030820000500685803089C59030823
:10F7C00020000300F4F7CAFAE16832460198D0310C
:10F7D000F3E0FA490198F4F7A7FDE8B3E1680022E5
:10F7E00001981831F4F7BAFAE168002201986831FB
:10F7F000F4F7B4FAE16800220198B831F4F7AEFAF0
:10F80000E16804220198A031F4F7A8FAE16808221F
:10F810000198A831F4F7A2FAE1684FF48032019818
:10F820000831F4F79BFAE168E54A01981031F4F7E2
:10F8300095FAE1684546019842465031F4F78EFA50
:10F84000E1682A46019801F5AC71F4F787FAE1689E
:10F850002A460198803100E013E0F4F77FFAE1686E
:10F86000D84A01985831F4F779FAE168524601987C
:10F870002831F4F773FAD34AE168183A019838311D
:10F8800028E2D1490198F4F74FFDDFF840B3D04F9B
:10F89000F0B3E168002201988831F4F75FFAE1687B
:10F8A00004220198A031F4F759FAE1685A46019808
:10F8B0006031F4F753FAE1682A46019801F59C712A
:10F8C000F4F74CFAE1683A4601982831F4F746FA21
:10F8D000E1683A46019801F5A071F4F73FFABC4E91
:10F8E000E1681F36019858313246F4F737FAE1687B
:10F8F00032460198C831F4F731FAE168324601988E
:10F90000D831F4F72BFAE1682A460198D031EBE3BD
:10F91000FFE7B0490198F4F707FDE8B3E16800227A
:10F9200001984831F4F71AFAE16800220198B031E1
:10F93000F4F714FAE16800220198E831F4F70EFABE
:10F94000E168802201986031F4F708FAE168042246
:10F950000198A031F4F702FAE1683A46019828319B
:10F96000F4F7FCF9E1682A460198B031F4F7F6F9AA
:10F97000E1685A4601986031F4F7F0F9E1683246DF
:10F980000198F031F4F7EAF9E16832460198503114
:10F99000F4F7E4F9324600E016E0E168019801F579
:10F9A000A471F4F7DBF9E1688B4A01986031F4F750
:10F9B000D5F9E1683A460198D831F4F7CFF9E16812
:10F9C0002A460198D8318FE384490198F4F7ACFCBA
:10F9D0004FF4E02BD8B3E168002201981831F4F716
:10F9E000BDF9E168002201987831F4F7B7F9E168D0
:10F9F0000022019801F59471F4F7B0F9E1684FF431
:10FA0000803201980831F4F7A9F9E1686C4A01984D
:10FA10001031F4F7A3F9E1684246019801F58871C5
:10FA2000F4F79CF9E1682A46019801F58C71F4F726
:10FA300095F9E1684FF4C022019801F59071F4F74F
:10FA40008DF9E1685A46019801F588714CE3FFE7AA
:10FA500063490198F4F768FC4FF4802728B3E16804
:10FA6000002201981831F4F779F9E1680022019831
:10FA7000E031F4F773F9E168002201989031F4F76E
:10FA80006DF9E168002201989831F4F767F9E168AF
:10FA900004220198A031F4F761F9E1680822019885
:10FAA000A831F4F75BF93A461EE24E490198F4F7A3
:10FAB0003BFC40B3E168002201981831F4F74EF99D
:10FAC000E168002201987831F4F748F9E1680022F2
:10FAD0000198D031F4F742F9E16820220198D83139
:10FAE000F4F73CF9E168202201985831F4F736F92F
:10FAF000E16804220198A031F4F730F9E1680822A6
:10FB00000198A83159E738490198F4F70DFCA0B3E2
:10FB1000E168002201981831F4F720F9E168002229
:10FB20000198C031F4F71AF9E16800220198903188
:10FB3000F4F714F9E1680022019801F59871F4F7DF
:10FB40000DF9E1684FF4803201980831F4F706F9B5
:10FB5000E1681B4A01981031F4F700F9E1683A4670
:10FB600001985031F4F7FAF8E168204A01982831F9
:10FB7000F4F7F4F81D4A1F326BE1FFE71C490198C6
:10FB8000F4F7D2FBB0B3E1680022019801F580716F
:10FB9000F4F7E4F8E1682A46019801F58071F4F77A
:10FBA000DDF8E1682A46019801F58471F4F7D6F88A
:10FBB000E16832460198F03196E248E2D4590308F0
:10FBC0004000010020000500BC580308800002002E
:10FBD00001000200B859030880000300785A0308A6
:10FBE00064590308D8580308F458030801000400B6
:10FBF0004C580308FFE7F9490198F4F795FB98B1D1
:10FC0000E1680022019801F58071F4F7A7F8E16836
:10FC10002A46019801F58071F4F7A0F8E1682A46B8
:10FC2000019801F584715FE2ED490198F4F77CFBDE
:10FC300088B1E168002201981831F4F78FF8E16883
:10FC400000220198B031F4F789F8E1682A4601985A
:10FC500001F5B47148E2E3490198F4F765FBD0B3CC
:10FC6000E168002201981831F4F778F8E168002281
:10FC700001987831F4F772F8E168802201986031D8
:10FC8000F4F76CF8E1680422A03100E0A1E10198EA
:10FC9000F4F764F8E16808220198A831F4F75EF8F7
:10FCA000E1684FF4803201980831F4F757F8E168C1
:10FCB000CD4A01981031F4F751F8E168CB4A019828
:10FCC00001F5B871F4F74AF8E1684FF400220198A1
:10FCD00001F5BC7108E2FFE7C5490198F4F724FB80
:10FCE00020B1E168002201981831C4E1C1490198AE
:10FCF000F4F71AFB28B1E1680022019801F5C871F8
:10FD0000F2E1BD490198F4F70FFB0028F3D1BB499C
:10FD10000198F4F709FB50B3E16800220198F4F769
:10FD20001DF86078E168012847D070310198002201
:10FD3000F4F714F8E16804220198A031F4F70EF802
:10FD4000E16808220198A831F4F708F8E16845460F
:10FD5000019842462031F4F701F8E168A84A019879
:10FD60006031F3F7FBFFE1682A4601E016E026E088
:10FD700001985031F3F7F2FFE1682A46019801F546
:10FD80000271F3F7EBFF9E4AE1680198603A58313F
:10FD9000F3F7E4FFE1684A4601984831F3F7DEFFE4
:10FDA000E168524601983031F3F7D8FF944AE16890
:10FDB000783A0198403197E19BE17831B6E7914973
:10FDC0000198F4F7B1FA60B1E168002201981831A6
:10FDD000F3F7C4FFE1680022019801F50471FFF711
:10FDE000F1BA89490198F4F79FFA58B1E168002205
:10FDF00001984831F3F7B2FFE1680022019801F55C
:10FE0000087171E181490198F4F78EFA28B3E1682D
:10FE1000002201985031F3F7A1FFE1680022019818
:10FE200001F50671F3F79AFFE16804220198283181
:10FE3000F3F794FFE1680422019801F50871F3F7E4
:10FE40008DFFE1682022019801F50871F3F786FF24
:10FE50002022E1680198583146E16D490198F4F794
:10FE600063FA58B1E168002201981831F3F776FF80
:10FE7000E1680022019801F5D07135E165490198EA
:10FE8000F4F752FA28B1E1680022019801F5D8711F
:10FE9000A5E761490198F4F747FA28B1E168002223
:10FEA000019801F5DC719AE75C490198F4F73CFA96
:10FEB000F0B1E1680022019801F5D471F3F74EFF2B
:10FEC000E1682022019801F5F071F3F747FFE1683E
:10FED000212201983031F3F741FFE16801220198B6
:10FEE0003031F3F73BFF0422E16801982831FBE051
:10FEF0004B490198F4F718FA20B94A490198F4F7E8
:10FF000013FA28B1E1680022019801F5E471EBE0F1
:10FF100045490198F4F708FA28B1E16800220198F0
:10FF200001F5E0715BE741490198F4F7FDF928B16B
:10FF3000E1680022019801F5EC71D5E03C49019897
:10FF4000F4F7F2F928B1E1680022019801F5F471A3
:10FF5000CAE038490198F4F7E7F958B1E16800229E
:10FF600001981831F3F7FAFEE1680022019801F5D3
:10FF7000F871B9E030490198F4F7D6F928B1E16891
:10FF80000022019801F50071AEE02C490198F4F7C8
:10FF9000CBF9C8B1E168002201981831F3F7DEFE11
:10FFA000E168002201987831F3F7D8FEE168042275
:10FFB0000198A031F3F7D2FEE16808220198A83138
:10FFC000F3F7CCFE5A468FE71D490198F4F7ACF9D8
:10FFD00018B1E1680022019801E733E03C600308B2
:10FFE000B05F0308F0590308400001000200070059
:10FFF000245A0308405A03085C5A0308B05A0308FD
:020000040803EF
:1000000080000500605E0308985E03087C5E0308BC
:10001000B45E0308405F03085C5F0308EC5E0308FE
:10002000945F0308785F0308D05E0308085F030845
:10003000245F0308CC5F0308046003082060030802
:10004000746003082C490198F4F76EF958B1E1681F
:100050004FF4803201980831F3F780FEE168274AB7
:100060000198103140E026490198F4F75DF948B154
:10007000E16800220198F3F771FEE168002201981F
:10008000683131E01F490198F4F74EF920B1E16879
:1000900000220198C03127E01B490198F4F744F988
:1000A000B8B1E1680022019801F5CC71F3F756FE72
:1000B000E168002201988031F3F750FEE168324692
:1000C00001985031F3F74AFEE168324601988031D9
:1000D0000AE00E490198F4F727F9002809D0E168F1
:1000E0000022019801F5107102B0BDE8F05FF3F74E
:1000F00035BEBDE8FC9F0000906003084000010091
:1001000058600308AC600308945A0308445E03086F
:100110002DE9F84F0546F0F7BCF804462846F0F7FD
:10012000F6F80A2C05464DD1F1F70CFD10B1007917
:10013000012847D02846F4F767FE06462846F4F71C
:1001400049FE044669462846F4F758FFBDF90020E9
:1001500006EBD670BDF9021002EB600090FBF6F0E2
:1001600070430F2607B204EBD47001EB600090FBE4
:10017000F4F0604300240FFA80F81AE02146284684
:10018000F4F7C4FD8146F5F7C3FF82464846F5F70C
:10019000DBFFBA4501460BD1414509D1C5F8249092
:1001A000002299F824601C212846F0F7B5F805E0F4
:1001B000641C2846F4F7BCFDA042DFD8314628462F
:1001C000F7F76DFBBDE8F88FC143491C0840B0FA52
:1001D00080F0C0F11F00704718B1B0FA80F0C0F194
:1001E0002000401E70470000FEB50422066800256E
:1001F00004460BE0F06802EBC503C058830104D548
:10020000A36820F07F40984206D06D1C708CC0F32C
:100210000510A842EED8FEBDA388442B5BD00EDCAF
:10022000332B4BD006DC202B55D0222B53D0302B38
:1002300013D150E0342B41D0362B0ED14BE0622B42
:100240003FD006DC472B46D0552B44D0572B04D14A
:1002500034E0672B32D0682B30D059B3FF292BD034
:10026000D4E90302121A4A4300EB22200090F068FE
:10027000012701AA194650F83500F8F7C7FD50B11B
:10028000DDE90001884206D1BDF80000BDF8041088
:10029000884200D10027F068A188009A50F8350004
:1002A000F9F76AF8002FB6D0A288A1682068F6F79F
:1002B00019FFFEBDE068D9E72069D7E7FF29FBDA1F
:1002C000F8E7E0680028F7D02269002ACED080291C
:1002D000CCDB0092CBE7002901DCA0891EE0FF29DE
:1002E00001DB208A1AE0A089CAB2278A121D0D49B3
:1002F00080B2BFB240EA004047EA074708400F40DB
:10030000D2083F1A574300EB5710084040EA10400C
:10031000ADF8080080B20290BDF80800ADF800000A
:10032000A5E700001FF8E0072DE9F0410468264822
:10033000A6882568DCF7FBFC10E0A1420BD008681A
:100340002268904207D18868A268904203D18888C9
:10035000A288904236D01C48DCF7FBFC0100ECD1AF
:10036000698C04200027C1F3051129E0EA6800EB3D
:10037000C703D258930122D5A36822F07F429A4244
:100380001DD111482146DCF76DFD2046F3F756F8E4
:10039000E868314600EBC7042068F8F789FEE86892
:1003A00050F83700F8F7DAFD00280BD0D4E9001038
:1003B00020F07F422846BDE8F041F6F76ABF7F1C77
:1003C000B942D3D8BDE8F081DC83002070B5046861
:1003D000A068A28800F47F0620683146F5F7CBFCC0
:1003E000E0600020A5882346A080314620682A4688
:1003F00000F00CF8A580A1682068E8F77FFA006893
:10040000A188E268BDE87040F8F7B6BF2DE9FF5F4C
:1004100000259A460E4607462548DCF7A1FC4FF416
:10042000702804464FF004093CE054453CD0204875
:100430002146DCF792FC83462068B84231D1A0689F
:10044000B04201D046452CD1A1880298814203D008
:10045000A0F57F41FF3924D1002511E0F86809EBB0
:10046000C50141588A010AD5464503D021F07F4194
:10047000B14204D150F83500A188F8F719FE6D1C7F
:10048000788CC0F30510A842E8D800212046E9F78F
:10049000D3FD07482146DCF7E5FC2046F2F7CEFF06
:1004A00001255C46002CC0D104B02846BDE8F09F71
:1004B000DC8300202DE9F84F92468B46002104464C
:1004C0006E22F5F758FC06B2204600216D22F5F7A2
:1004D00052FC05B216B9B5F5807F63D000212046E5
:1004E0006F22F5F748FC0021ADF80000702220468D
:1004F000F5F741FCADF802006427BDF900004FF4A8
:10050000FA684FF47A79C0F34131012915D120F40A
:10051000C040404511DC04F11400EAF7F5FB014648
:10052000BDF9000020F4C040484501DDC0F57A70F7
:10053000414391FBF7F0ADF80000BDF90200C0F3B4
:100540004131012911D120F4C04040450DDC618BBF
:10055000E28A891A491C09B2484501DDC0F57A7062
:10056000414391FBF7F0ADF80200BAF1000FA18A08
:10057000BDF8002001EB0200ADF80000E08ABDF8F4
:1005800002100844ADF8020006D04FF4803090FB12
:10059000F5F071420EB205B26B462A463146584616
:1005A000F7F726FCBDE8F88FF0B5D0E906464FF422
:1005B0008077059D36B9BC4204D10802186011024B
:1005C0002960F0BDB0F928E0B0F92AC0A1EB0E0116
:1005D000A2EB0C029EB1BC421AD1D0E90464076AB6
:1005E0004C4306FB124407EBA4041C60D0E904341E
:1005F000406A4B4304FB023100EBA1001DE0066A98
:1006000001FB04611960416A806902FB001014E07B
:10061000D0E90476D0F820C04E4307FB126666434B
:100620000CEBA6241C6000F11006406A58CE4B4328
:1006300004FB0231714300EBA1202860F0BD0000F3
:100640002DE9F041124E0024124F80467069F1F7F7
:100650001BFD0546F6F79AFE002241462846F3F7B1
:100660007DFB00203946FCF7E9FDECF70DF8002290
:1006700001462846F7F7C6FA07492846F2F78AFBEB
:100680002846E6F7CBFA641C082CDFD3BDE8F081DE
:1006900060030020F0FFFF00D8B504080C4810B537
:1006A000F8F767FD0020FAF785F801460848F8F7E3
:1006B00024FF07482838007808B17F2100E0FF2197
:1006C0000348F8F722FFBDE810400148FFF7B8BF24
:1006D000880300200B4810B5F8F74BFD0A4909487C
:1006E000F8F70BFF07482838007808B17F2100E0B1
:1006F000FF210448F8F709FFBDE810400148FFF763
:100700009FBF000088030020F40A00200C4810B5A9
:10071000F8F72FFD0020FAF757F801460848F8F7D8
:10072000ECFE07482838007808B17F2100E0FF215F
:100730000348F8F7EAFEBDE810400148FFF780BF24
:10074000880300200B4810B5F8F713FD0A49094843
:10075000F8F7D3FE07482838007808B17F2100E079
:10076000FF210448F8F7D1FEBDE810400148FFF72B
:1007700067BF000088030020C00A00200C4810B5A5
:10078000F8F7F7FC0020FAF729F801460848F8F7CF
:10079000B4FE07482838007808B17F2100E0FF2127
:1007A0000348F8F7B2FEBDE810400148FFF748BF24
:1007B000880300200B4810B5F8F7DBFC0A4909480C
:1007C000F8F79BFE07482838007808B17F2100E041
:1007D000FF210448F8F799FEBDE810400148FFF7F3
:1007E0002FBF0000880300208C0A002000880988A1
:1007F000401A70472DE9F04186B00646F1F7A2F99C
:10080000050071D03046EFF782FD044690F85400A1
:10081000800769D52846F1F7D6F9022864D0284622
:10082000F1F7D1F904285FD0606A6946F4F706FB56
:1008300003A92846F1F79CF904A92846F1F7C8F95D
:10084000BDF90C1000294FDBBDF90E0000284BDB71
:10085000BDF80020891AADF80810BDF80210401A42
:10086000ADF80A003046EFF714FD0646606AF5F76A
:1008700049FCBDF908100027656A002901DA01204A
:100880000FE0814202DB47F6FF77F8E702A928462E
:10089000F1F7ACFC87B2606A02A9F1F7CDFE80F0F7
:1008A000010094F860104FF6FF788A0723D550EACC
:1008B000C1724FF4407001D1012E08D0C9071ED07B
:1008C000022E12D0032E12D0082E10D019E094F868
:1008D00060300146C4E9167843F00102204684F8EE
:1008E0006020F3F7F5FD06E040E0E76503E0014630
:1008F0002046F3F7E6F994F86000C00701D1012E15
:1009000034D139462046F9F7BFFD94F86000C0079E
:100910002CD0D4E91610814208D9EA6B824202D168
:100920002A6C8A4218D0E863A06D11E008D2EA6B05
:100930008A4202D12A6C82420ED0E963E06D07E060
:10094000E96B4046814202D1296C814204D0E863C0
:1009500028642046F5F7E4FE032E01D0082E05D1C9
:1009600094F8600020F0010084F8600006B0BDE853
:10097000F081000070B5EFF7CAFC0546F4F7D8FA2D
:10098000EBF7FAF8012104462846F4F7BFF90546CB
:1009900094F902000549228801EB800004A150F877
:1009A000043C2846BDE87040F2F72BBABC02002098
:1009B00025642025730000002DE9F041EFF7A7FC26
:1009C0000646F4F7B5FAEBF7D7F8002104463046AF
:1009D000F4F79CF90546EFF71DFA01786423427895
:1009E00030398778C07801EB410C12FB03F2CCEB75
:1009F000C11107EB870300EBC10002EB4301014487
:100A00002088A1F5A051D039081A81B22846EFF705
:100A10000DFC01213046F4F779F9024694F9020001
:100A2000BDE8F041401E81B21046EFF7FFBBF8B5BC
:100A30000446B0F92E0010F5004F58D0A18D658DF9
:100A40000BB2A94202D201F5B4710BB294F8341082
:100A5000C1F34101D1B301290DD0022947D100953D
:100A6000B4F93220B4F93010F2F73DFC05B2A28D92
:100A7000A9B2204637E0E918B4F93070B4F9322051
:100A800001EBD17141F34F06B91801EBD17141F37C
:100A90004F0188420CDA2B460A4639460096F2F797
:100AA00022FC05B22046A9B2EAF754F8B1B209E037
:100AB00000933346F2F717FC05B22046B1B2EAF7CD
:100AC00049F8A9B22046EAF709F80EE0FFE70093DB
:100AD0002B46B4F93220B4F93010F2F704FC05B219
:100AE000618DAAB22046E9F775FFA4F84050F8BD21
:100AF0002DE9F041ADF5007D1D46B1F5FB7F1446B3
:100B00000E460746DDF8188205D34FF0FF300DF58D
:100B1000007DBDE8F081FF2268464FF40071CFF7F9
:100B20001CFC11208DF8000000218DF801102178A7
:100B300032468DF80210617812488DF80310A178C2
:100B40008DF804108DF8055001788DF80610417865
:100B50008DF8071081788DF80810C1788DF809108C
:100B600001798DF80A10394640798DF80B0003A8F9
:100B7000CFF7E1FB01232A4669464046D0F750F8FB
:100B8000C5E700001D0000202DE9F04FADF50B7DFD
:100B900098460123174600228A46DDF8509201A9A3
:100BA00083464846D0F724F828B14FF0FF300DF5C2
:100BB0000B7DBDE8F08F282201A981A8CFF7BBFBF0
:100BC000BDF804124AF6552081AD814205D024219A
:100BD000ADF80402281DCFF7C7FB002639460322D3
:100BE00006EB460005EB8004201DCFF7DDFB38B196
:100BF0002079FF280AD048B1761C032EEEDB26E0D0
:100C000006EB460005EB80052D1D11E006EB4600C6
:100C100040F271233A88012105EB80005E43828017
:100C20000022BB78251D01EB06118371C4E9021275
:100C30006DB1D5E901013A46CDF80090431851460F
:100C40005846FFF755FFB8F1010F03D005E06FF0EC
:100C50000100ACE7A868401CA860FF224FF40071B7
:100C600001A8CFF77AFB282281A901A8CFF763FB5F
:100C700001234846002201A9CFF7D2FF97E72DE9CB
:100C8000F0410446EFF743FB07462046EFF741FBF0
:100C900006463846EFF7C6F804463046EAF76CFFDA
:100CA00005683846EFF7B6F801786427437830399D
:100CB0008278C07813FB07F301EB4107C7EBC11142
:100CC00002EB820200EBC10003EB42010144A1F5FB
:100CD000A051D039081B81B2304645F30742BDE828
:100CE000F041EAF74BBF00000000000000000000E8
:100CF00000000000000000000000000000000000F4
:100D000000000000000000000000000000000000E3
:100D10000000000000000000000000000000600073
:100D20006000600060006000600060004000200023
:100D30002000200000000000000060006000600053
:100D400000000000000000000000600660063003A4
:100D5000980188004400000000000000000000002E
:100D60000000000000000000000000000000000083
:100D70000000000000000000000000000000100261
:100D8000100210021002FE07FE0708020801080107
:100D900008010801FE07FE07040104010401040123
:100DA00000000000000000000000000040004000C3
:100DB000F00158034C03CC034C0058007000E000D5
:100DC000C001C00140034C035C034C034801F00028
:100DD00040004000000000000000000000000E0184
:100DE0000A01910091009100510051003A00AE03B8
:100DF000A0025004500448044804480484028403B8
:100E000000000000000000000000000000003800AA
:100E10006C006C006C006C006C002C0098071C01CE
:100E20001A01330133016301E300C308C6093C071B
:100E3000000000000000000000000C001C0010007A
:100E40001000080004000000000000000000000086
:100E50000000000000000000000000000000000092
:100E6000000000000000000000000004000200017B
:100E70008000800040004000200020002000200072
:100E80002000200020004000400080008000000181
:100E9000000200040000000000000200040008003E
:100EA00010001000200020004000400040004000E2
:100EB000400040004000200020001000100008000A
:100EC000040002000000000000000000000000001C
:100ED00000004000C0004000460C4E0FD001F00161
:100EE0005E0F460C40004000400000000000000083
:100EF00000000000000000000000000000000000F2
:100F00000000000040004000400040004000FE0F94
:100F10004000400040004000400000000000000091
:100F200000000000000000000000000000000000C1
:100F300000000000000000000000000000000000B1
:100F4000000000000000000000000C001C00100069
:100F50001000080004000000000000000000000075
:100F60000000000000000000000000000000FE077C
:100F70000000000000000000000000000000000071
:100F80000000000000000000000000000000000061
:100F90000000000000000000000000000000000051
:100FA000000000000000000000001C001C001C00ED
:100FB0000000000000000000000000040006000225
:100FC000000300010001800080004000400060003C
:100FD0002000200010001000080008000C00040091
:100FE00006000200000000000000000000000000F9
:100FF000F00098010C030C0306060606060606061A
:1010000006060606060606060C030C039801F00009
:1010100000000000000000000000000000000000D0
:1010200040007C00600060006000600060006000C4
:101030006000600060006000600060006000FC0311
:1010400000000000000000000000000000000000A0
:10105000F800840102030603060300030001800177
:10106000C000600020001000080204020602FE0317
:101070000000000000000000000000000000000070
:101080007800C6008601860180018001C0007000E2
:101090008001000100030003060306038601F80037
:1010A0000000000000000000000000000000000040
:1010B00080018001C001A001A00190018801880188
:1010C00084018201FE0F8001800180018001E00720
:1010D0000000000000000000000000000000000010
:1010E000FC0304000400040004000400F4008C016C
:1010F0000403000300030603060382018401F800D1
:1011000000000000000000000000000000000000DF
:10111000E00118030C030C0004000600E6011603AE
:101120000E0606060606060604060C021803F00064
:1011300000000000000000000000000000000000AF
:10114000F8070C0604020401000100018000800081
:1011500040004000400060006000600060006000EF
:10116000000000000000000000000000000000007F
:10117000F8010C030606060606060C021C03F00026
:10118000C8010C0306060606060606060C03F00157
:10119000000000000000000000000000000000004F
:1011A000F0000C010C0306020606060606060607FA
:1011B0008C0678060006000300030C018C01780001
:1011C000000000000000000000000000000000001F
:1011D00000000000000000000000E000E000E0006F
:1011E00000000000000000000000E000E000E0005F
:1011F00000000000000000000000000000000000EF
:10120000000000000000000000006000600000001E
:10121000000000000000000000000000600060000E
:10122000400020002000000000000000000000043A
:1012300000020001800040002000100008000400AF
:10124000080010002000400080000001000200049F
:10125000000000000000000000000000000000008E
:1012600000000000000000000000FE070000000079
:101270000000FE0700000000000000000000000069
:10128000000000000000000000000000000004005A
:10129000080010002000400080000001000200044F
:1012A000000200018000400020001000080004003F
:1012B000000000000000000000000000000000002E
:1012C000E0031806040C040C0C0C0C0C0007800145
:1012D00040004000400000000000E000E000E000AE
:1012E0000000000000000000000000000000E0001E
:1012F00018030C02CC0564056605A605B604B60401
:10130000B604B604B602E4010C040C021803F000A3
:1013100000000000000000000000000000000000CD
:10132000600060005000D0009000900088008801AC
:101330000801F801040304030402020202060F0F6D
:10134000000000000000000000000000000000009D
:10135000FE008C030C030C030C030C038C01FC003B
:101360000C030C020C060C060C060C060C03FE010A
:10137000000000000000000000000000000000006D
:10138000E00318030C060C04040406000600060023
:1013900006000600060006040C040C021803F00008
:1013A000000000000000000000000000000000003D
:1013B0007F008C010C030C030C060C060C060C06BB
:1013C0000C060C060C060C060C030C038C017F00AB
:1013D000000000000000000000000000000000000D
:1013E000FF03060306040604060086008600FE00CE
:1013F0008600860086000600060406040602FF0337
:1014000000000000000000000000000000000000DC
:10141000FF03060306040604060086008600FE009D
:1014200086008600860006000600060006001F00F3
:1014300000000000000000000000000000000000AC
:10144000F00018010C020C0204020600060006005F
:101450000600C60F060306030C030C031803F00076
:10146000000000000000000000000000000000007C
:101470000F0F060606060606060606060606FE0701
:1014800006060606060606060606060606060F0FEA
:10149000000000000000000000000000000000004C
:1014A000FC0360006000600060006000600060009D
:1014B0006000600060006000600060006000FC038D
:1014C000000000000000000000000000000000001C
:1014D000F807C000C000C000C000C000C000C000CD
:1014E000C000C000C000C000C000C000C000C000FC
:1014F000C60066003C000000000000000000000084
:10150000CF038601C60046002600160036002E00D6
:101510006E004600C60086008601060106038F079E
:1015200000000000000000000000000000000000BB
:101530001F00060006000600060006000600060062
:101540000600060006000600060406040602FF0365
:10155000000000000000000000000000000000008B
:101560000707860386038E038E034E034E034A034A
:101570005A035A033A033203320332031203870732
:10158000000000000000000000000000000000005B
:101590008E0F0C021C021C0234023402640264022C
:1015A0004402C402840284038403040304031F026C
:1015B000000000000000000000000000000000002B
:1015C000F00098010C030C02060606060606060645
:1015D00006060606060606060C020C039801F00035
:1015E00000000000000000000000000000000000FB
:1015F000FF0006030606060606060606060686031E
:10160000FE000600060006000600060006001F0099
:1016100000000000000000000000000000000000CA
:10162000F00098010C030C020606060606060606E4
:1016300006060606060676064C02CC039801F00064
:101640008007000300000000000000000000000010
:10165000FF01060306060606060606060603FE004A
:101660004600C600860086010603060306060F0E26
:10167000000000000000000000000000000000006A
:10168000F8020C030602060206000E003C00F800F9
:10169000E003800300070206020606060C03F001C1
:1016A000000000000000000000000000000000003A
:1016B000FE0762046108610860006000600060006D
:1016C0006000600060006000600060006000F80181
:1016D000000000000000000000000000000000000A
:1016E0001E070C020C020C020C020C020C020C0273
:1016F0000C020C020C020C020C020C021801F0008D
:1017000000000000000000000000000000000000D9
:101710000F070602040104010C010C018800880077
:101720009800980050005000700030002000200009
:1017300000000000000000000000000000000000A9
:10174000F70E620442044604460464026402E402A2
:10175000E4029C029C01980198018801880088009D
:101760000000000000000000000000000000000079
:101770009E070C01080118019000B00060002000D5
:1017800060006000D00090008801080104038E070B
:101790000000000000000000000000000000000049
:1017A0000F0F060404020C0208011801B800B00073
:1017B0007000600060006000600060006000F80180
:1017C0000000000000000000000000000000000019
:1017D000FC070C020603020180018000400040006B
:1017E000200020001000180008040C040402FE036E
:1017F00000000000000000000000E00320002000C6
:1018000020002000200020002000200020002000D8
:1018100020002000200020002000200020002000C8
:101820002000E003000000000000000000000400B1
:101830000400080008001000100010002000200024
:1018400040004000C0008000800000010001000254
:10185000000200020004000000007C004000400084
:101860004000400040004000400040004000400078
:101870004000400040004000400040004000400068
:1018800040007C00000000006000900008010000A3
:101890000000000000000000000000000000000048
:1018A0000000000000000000000000000000000038
:1018B0000000000000000000000000000000000028
:1018C0000000000000000000000000000000000018
:1018D0000000000000000000000000000000000008
:1018E00000000000FF0F0000000018006000000072
:1018F00000000000000000000000000000000000E8
:1019000000000000000000000000000000000000D7
:1019100000000000000000000000000000000000C7
:1019200000000000000000000000F0010C030C03A8
:101930000003E0031C030E03060306038E0B7C0E5C
:10194000000000000000000000000000000008008F
:101950000E000C000C000C000C00CC013C031C061B
:101960000C060C060C060C060C060C021C03E4010B
:101970000000000000000000000000000000000067
:1019800000000000000000000000F0008C018C014D
:10199000860106000600060006020C020C01F0009B
:1019A0000000000000000000000000000000000235
:1019B000C003000300030003000378038C030C033F
:1019C0000603060306030603060304038C077801D7
:1019D0000000000000000000000000000000000007
:1019E00000000000000000000000E00118030802F1
:1019F0000C060C06FC070C000C0018041802E00191
:101A000000000000000000000000000000000000D6
:101A1000C0036006300630003000FE0130003000A8
:101A20003000300030003000300030003000FC0169
:101A300000000000000000000000000000000000A6
:101A400000000000000000000000F007D8068C0134
:101A50008C018C019801F8000C00FC00CC030603FB
:101A600006038E03F80000000000000000000800DC
:101A70000E000C000C000C000C00EC011C030C030D
:101A80000C030C030C030C030C030C030C039E0748
:101A90000000000000000000000000000000000046
:101AA000600060000000000040007C0060006000FA
:101AB0006000600060006000600060006000FC0387
:101AC0000000000000000000000000000000000016
:101AD000C001C001000000000001F0018001800190
:101AE00080018001800180018001800180018001EE
:101AF0008001CC007C000000000000000000080015
:101B00000E000C000C000C000C008C038C008C00F0
:101B10004C006C005C008C008C010C010C039E07D7
:101B20000000000000000000000000000000400075
:101B30007C00600060006000600060006000600089
:101B40006000600060006000600060006000FC03F6
:101B50000000000000000000000000000000000085
:101B6000000000000000000000003707EE066606D7
:101B70006606660666066606660666066606FF0F63
:101B80000000000000000000000000000000000055
:101B900000000000000000000000EE011C030C0328
:101BA0000C030C030C030C030C030C030C039E0727
:101BB0000000000000000000000000000000000025
:101BC00000000000000000000000F00098010C037D
:101BD000060606060606060606060C030C03F000BB
:101BE00000000000000000000000000000000000F5
:101BF00000000000000000000000EE011C030C06C5
:101C00000C060C060C060C060C060C031C03EC015F
:101C10000C000C003E00000000000000000000006E
:101C20000000000000000000000078028C030C039C
:101C30000603060306030603060304038C03780366
:101C400000030003C00700000000000000000000C7
:101C5000000000000000000000009F035806380646
:101C60001800180018001800180018001800FF00CD
:101C70000000000000000000000000000000000064
:101C800000000000000000000000F0031C030C0234
:101C90000C023800F000C003040304038C03FC01B1
:101CA0000000000000000000000000000000000034
:101CB00000002000200030003000FE013000300025
:101CC0003000300030003000300030023002E001DF
:101CD0000000000000000000000000000000000004
:101CE000000000000000000008028E030C030C033B
:101CF0000C030C030C030C030C030C039C0778016E
:101D000000000000000000000000000000000000D3
:101D1000000000000000000000001E070C02080187
:101D2000080118019000B000B000600060002000C1
:101D300000000000000000000000000000000000A3
:101D400000000000000000000000F70E62044604DE
:101D500064026402EC029C01980198019801080059
:101D60000000000000000000000000000000000073
:101D700000000000000000000000BC071801100176
:101D8000B00060006000E0009000080108039E07BA
:101D90000000000000000000000000000000000043
:101DA000000000000000000000009E07080108017C
:101DB000080190009000B00060006000600020000A
:101DC000200024001C0000000000000000000000B3
:101DD00000000000000000000000FC018401C400BD
:101DE0004400600020003000180208020C03FC01CF
:101DF00000000000000000000000000380008000E0
:101E00008000800080008000800080004000200072
:101E10004000800080008000800080008000800002
:101E200080000003000040004000400040004000EF
:101E300040004000400040004000400040004000A2
:101E40004000400040004000400040004000400092
:101E5000400040004000000000000C001000100096
:101E600010001000100010001000100020004000B2
:101E700020001000100010001000100010001000D2
:101E800010000C00000000001C002204C2048003AB
:101E90000000000000000000000000000000000042
:101EA0000000000000000000000000000000000032
:101EB00000000000000000061016000610160100C9
:101EC00002000400060008000A000C0010002000B8
:101ED0004000800000010101010307010000080427
:101EE00002040801010100000000010203040102D4
:101EF0000304060708090000000000007D450208F1
:101F00006146020800000000A54902088200820024
:101F10004A020000000001E001E0000000FF00555F
:101F2000AAFF00112233445566778899AABBCCDDFD
:101F3000EEFF000102030405060708090A0B0C0D59
:101F40000E0F101112131415161718191A1B1C1D39
:101F50001E1F202122232425262728292A2B2C2D29
:101F60002E2F303132333435363738393A3B3C3D19
:101F70003E3F404142434445464748494A4B4C4D09
:101F80004E4F505152535455565758595A5B5C5DF9
:101F90005E5F606162636465666768696A6B6C6DE9
:101FA0006E6F707172737475767778797A7B7C7DD9
:101FB0007E7F808182838485868788898A8B8C8DC9
:101FC0008E8F909192939495969798999A9B9C9DB9
:101FD0009E9FA0A1A2A3A4A5A6A7A8A9AAABACADA9
:101FE000AEAFB0B1B2B3B4B5B6B7B8B9BABBBCBD99
:101FF000BEBFC0C1C2C3C4C5C6C7C8C9CACBCCCD89
:10200000CECFD0D1D2D3D4D5D6D7D8D9DADBDCDD78
:10201000DEDFE0E1E2E3E4E5E6E7E8E9EAEBECED68
:10202000EEEFF0F1F2F3F4F5F6F7F8F9FAFBFCFD58
:10203000FEFF808080818182828384858687898A71
:102040008C8D8F91939597999B9EA0A2A5A7AAADE1
:10205000AFB2B500FF1FFF1F01E001E00EA0D90DD8
:1020600090C80C80B70A60110B80D91F0991F088C5
:102070001F0880F088000000000D203C00000F00C9
:1020800069002FFFFFFFF7015C11A610006900C374
:1020900000008800D2009FFFFFFFF012C523E2205E
:1020A00000D203C00000F004B00000007000000087
:1020B0000E00000000E0000019EFEA300CD6E6A7A1
:1020C00002F40E00001F80E000006FEF50000016C9
:1020D000FFE500000E0AF00100E05F13F85E6EB04D
:1020E00005CFFE9100000E0000000070000008DD2A
:1020F0003000A7004B02D004C0007700D01D2000A4
:102100004B03D0A7000007DC34C4CC3000001D2DE9
:1021100022D00000A63B00B30005C03A00A3001D7A
:10212000200D00D000A60004CC40004DFC30000083
:10213000F718C00001F205D00000BB6E4000005F40
:10214000F3000007E6DB03802F301DBAA05F00011B
:10215000DF401FB448FEC003BFFC40B200000000D7
:10216000001F01F01F00F0000003F10B900F404F23
:10217000007D009B00AA00AA009B007D004F000F7D
:10218000400B9003F15E000E6008C004F001F30004
:10219000F500E600E600F501F304F008C00E605E0D
:1021A0000000930088A6C209FE404DDDB142935065
:1021B000005200000450000008A0000008A0001F0A
:1021C000FFFFF30339B3300008A0000008A00001AE
:1021D00003F61E60E12C00000003FFF9033310003A
:1021E00003F52E4000000E400004E000009A0000BD
:1021F0000E400004F000009A00000E400003F000C2
:10220000009A00000E500003F000009A00000E50EB
:102210000003F00000004CFE70004FB68F900DB030
:10222000005F32F40000E74F20000CA4F20000CA67
:102230002F40000E70DB0005F204FB68F90004CFAC
:10224000E700EFFB44CB00AB00AB00AB00AB00AB57
:1022500000AB00AB00AB07DFEA108E857EC001004B
:1022600006F1000006F000000D900000CC00001CFC
:10227000C00001DB00001DE544427FFFFFF97FFF46
:10228000FFF024445F900000BC000009E100003F23
:10229000D81000046DD0000002F4100002F4BD75E7
:1022A0007DD019DFEA1000000DA0000000AC000096
:1022B0000007E10000004F40100002F600F5001D8D
:1022C000A000F5007FFFFFFFF3133333F73000006A
:1022D00000F500000000F50009FFFFF00AB44440DB
:1022E0000C8000000E7000000FFFFC4003345CF215
:1022F000000000F7100000F78E856CF108DFFB305E
:10230000002AEFD5003FD657400CC0000002F40071
:1023100000004F5BFFA104FE845DD03F80003F3092
:10232000E80003F206F845DC0005DFE9109FFFFF37
:10233000FD9D4444E99C0004F200000BB000002F16
:10234000400000AD000001F6000008E000000E8033
:1023500000006F1000019EFE9100BE636EC00F6012
:10236000006F00CC202BC002EFFFE200DC424CD01B
:102370005F20001F55F20002F50ED535DE001AEF82
:10238000EA1003BFEA202FA44BE18E0000E99D0074
:1023900000DD4F7129FF07FFFC9E000210AC00001A
:1023A00002F607658FB00AEFD7002E53F500000044
:1023B0000000003F52E42E53F50000000000002E04
:1023C00052F60D21D001000000003100006CF20136
:1023D0008ED6000FC300000AFB40000017EE70000D
:1023E0000005C3000000001FFFFFF303333330007C
:1023F000000000000000001FFFFFF3033333300430
:102400000000000ED71000005CF92000002AF20046
:1024100003AFB106DE82001C600000000000000770
:10242000DFEA109E746EC0010006F0000009C000D3
:10243000008E200006F2000008700000000000007E
:102440000B8000000C900000006CEFDA4000003DB3
:10245000A41016D90001E509EE98CA900A80BD4380
:10246000AFC0D30F13F2000CC0693C06D00007C008
:102470003B4B06D00007C02C3C03F2000CC04A0FB7
:1024800010BD439EE3C50A8009EE91CF9001E5009F
:1024900000000000003DA41028000000007CEFD9DF
:1024A000100000000CF1000000003FD70000000009
:1024B000B96E00000002F20E50000009A007D00023
:1024C000001F3000F400007FFFFFFB0000E7333304
:1024D0004F2005F000000C900C90000006F18FFFDB
:1024E000FEC408E3334BF28E00001F58E00018F1E1
:1024F0008FFFFFF808E33337F68E000009C8E000CD
:10250000009D8E33347F78FFFFFD700007CFFB40C6
:1025100000CF966AF50AE20000301F600000004F0D
:10252000200000004F200000001F600000000AE2B1
:1025300000003001CF966AF50007DFFB408FFFFEF9
:10254000A4008E4446CF708E000007F38E0000007A
:10255000DA8E0000009D8E0000009D8E000000DAE3
:102560008E000007F38E4446BF708FFFFEA4008FDD
:10257000FFFFF68E4444418E0000008E0000008F65
:10258000FFFFC08E3333208E0000008E0000008ECF
:102590004444428FFFFFF98FFFFFF68E4444418E83
:1025A0000000008E0000008E0000008FFFFFC08E34
:1025B0003333208E0000008E0000008E00000000EB
:1025C00007CFFC5000CF966AF60AE20000201F6099
:1025D0000000004F200000004F200000B91F6000E5
:1025E00000B90AE30000B900CF966AF80007DFFCE3
:1025F000608E000008E8E000008E8E000008E8E031
:1026000000008E8FFFFFFFE8E333339E8E0000084B
:10261000E8E000008E8E000008E8E000008E8E8E5C
:102620008E8E8E8E8E8E8E8E02FFFFC00444BC0076
:102630000009C000009C000009C000009C000009C7
:10264000C02000BA0EB58F603CFE808E00004F5057
:102650008E0004F6008E003F70008E03F800008E9E
:102660002EC000008EECF600008FB07F30008E0090
:102670000AE1008E0000CC008E00001EA08E00003B
:10268000008E0000008E0000008E0000008E000012
:10269000008E0000008E0000008E0000008E44447A
:1026A000408FFFFFF28E00000008E8F7000002FEF6
:1026B0008FF10000BFE8DCA0004F9E8D2F300D870A
:1026C000E8D09C06E07E8D01E7E507E8D006FC0037
:1026D0007E8D000A2007E8D00000007E8E100008E2
:1026E000E8FC00008E8FF90008E8E6F6008E8E09FF
:1026F000F308E8E00CE18E8E001EB8E8E0003FEE43
:102700008E00006FE8E00000AE0007CFEB50000045
:10271000CF966BF9000AE200005F601F6000000ABC
:10272000D04F20000006F04F20000006F01F600090
:10273000000AD00AE200005F6000CF966BFA00004A
:1027400007DFEB50008FFFFD7008E4458FB08E006F
:10275000005F38E00001F58E00003F48E0014DD0F9
:102760008FFFFFB208E33310008E00000008E00086
:1027700000000007CFEB500000CF966BF9000AE293
:1027800000005F601F6000000AD04F20000006F0CC
:102790004F20000005F01F6000000AD00AE2000090
:1027A0005F6001DF855AFA000008DFFC500000007E
:1027B00001EC21940000001BFFC10000000012008A
:1027C0008FFFFD7008E4458FB08E00005F38E00099
:1027D00001F58E00003F38E0014DD08FFFFFC208A9
:1027E000E333DA008E0002F608E00005F3019EFDF7
:1027F000A200CE646B702F40000001F800000006BC
:10280000FD950000016AEE500000009F00200005C9
:10281000F13FA547EB004BEFE910FFFFFFFF24441A
:10282000BD44400009C00000009C00000009C00039
:1028300000009C00000009C00000009C000000098E
:10284000C00000009C00009C00000BA9C00000BA62
:102850009C00000BA9C00000BA9C00000BA9C0009E
:1028600000BA8E00000D94F40003F50CF868FD002A
:1028700009EFE9100CB000000AC05F200001F5006C
:10288000E900008E0008F0000E70001F6005F100E6
:1028900000AD00C9000003F43F3000000CBAC000D6
:1028A00000005FF500000000EE00006F10000DB0AA
:1028B0000002F21F60003FF10008D00BB0008BE671
:1028C000000D7006F000E69B002F2001F503F14F8C
:1028D000108D0000CA09B00E60D800006F0E6009AC
:1028E000B2F300001F9F1004F9D000000CFB0000A1
:1028F000EF80000007F600009F30003F50000DA061
:1029000008F2009D0000CC04F300002F9E70000030
:1029100006FC00000009FE1000004F4DB00001E869
:1029200002F7000BD0007F207F20000BD00CB000FE
:10293000009C002F50002F30009E000C900000E8FB
:1029400005F1000005F3E60000000CFD00000000AA
:102950003F4000000002F3000000002F30000000A4
:1029600002F300004FFFFFFF9144444AF3000003CD
:10297000F6000001EA000000CC0000009E100000FC
:102980006F4000003F7000001ED4444436FFFFFF3C
:10299000FC8FF68D318D008D008D008D008D008DAA
:1029A000008D008D008D008D008D318FF65D000053
:1029B00000F200000B8000006D000001F200000B2F
:1029C0008000006D000001F200000B7000006D003F
:1029D0000001F200000B7000006D000001F2BFF377
:1029E00025F302F302F302F302F302F302F302F31C
:1029F00002F302F302F325F3BFF300AD00001EC49F
:102A0000000885A000E20E105B00970B5002E0EE7C
:102A1000EEEEE00BC00009B004CFEA100B745DB01D
:102A2000000004F004CEEEF21F8214F24F1004F204
:102A30001F703DF204DFD7F2BA000000BA000000B8
:102A4000BA000000BA8EFC30BFD54BF3BE1000CAEE
:102A5000BA00007EBA00007EBE1000CABFD55BF38C
:102A6000B98EFC30007DFD6009F748F42F5000203E
:102A70005F0000005F0000002F50002009F748F4BD
:102A8000007DFD600000001F40000001F400000018
:102A90001F4008EFC4F40AF748FF42F50007F45F4F
:102AA00000002F45F00001F42F50006F40AE637E10
:102AB000F4008EFC4F40008EFC400AD538F42F20E5
:102AC000008C5FEEEEFF5F2111112F70001009F8EE
:102AD00046E4007DFE80009EE305F44108C000CF7F
:102AE000FFF029D32008D00008D00008D00008D07B
:102AF0000008D00008D000007EFC4E60AF747FF666
:102B00002F50005F65F00000F65F00000F62F600D6
:102B100006F609F747FF5007EFC4F50000003F2015
:102B2000CB646EB003AEFD8000BA000000BA0000B6
:102B300000BA000000BA8EFB20BFC56DD0BE0003F6
:102B4000F2BA0000F4BA0000F5BA0000F5BA0000CD
:102B5000F5BA0000F5BAA800BABABABABABABABA9F
:102B6000000AB0009900000000AB000AB000AB0002
:102B70000AB000AB000AB000AB000AB000AA064ED3
:102B800071DFA0BA000000BA000000BA000000BA6D
:102B9000001CC0BA01CC00BA1CD100BBCF6000BF82
:102BA000DBE100BD11DC00BA003F70BA0007F3BAE8
:102BB000BABABABABABABABABABAB99EFA15DFD4B8
:102BC0000BFB45EDE64AF2BE0006F6000E7BA000C8
:102BD0004F2000C9BA0003F1000C9BA0003F100079
:102BE000C9BA0003F1000C9BA0003F1000C9B99EB8
:102BF000FB20BFB45DD0BE0003F2BA0000F4BA00FF
:102C000000F5BA0000F5BA0000F5BA0000F5007D45
:102C1000FD60009F748F702F50007F05F00001F35E
:102C20005F00002F32F50007F009F748F70007DFD3
:102C3000D600B98EFC30BFC43AF3BE1000CABA0049
:102C4000007EBA00007EBE1000CABFD55BF3BA7E1C
:102C5000FC30BA000000BA000000BA000000008E8C
:102C6000FC3F40AF748EF42F50007F45F00001F41C
:102C70005F00002F42F50007F40AF748FF4008EF15
:102C8000C4F40000001F40000001F40000001F40D9
:102C9000B98E4BFD71BE100BB000BA000BA000BA8C
:102CA000000BA00005DFEA13F735A06F000001EE6E
:102CB0009610016AEF300000D96C646F62AEFD704F
:102CC00008D00008D000CFFFF029D32008D000089A
:102CD000D00008D00008D00005F551009FE3C800DF
:102CE00002F3C80002F3C80002F3C80002F3C900EF
:102CF00003F3AB0007F35F837EF306DFC5F30D90AC
:102D0000000AA06E0001F300F5007D0009C00E600E
:102D1000003F24F00000C8B9000006FF3000000F9B
:102D2000C000C80006F1000D56D000CF6003F01FB0
:102D3000302F9C009A00B807B2F10E4005E0D60C87
:102D400074E0000F6F007C990000AFA001FF40000D
:102D500005F4000BE0004F3007E109D02F4000D907
:102D6000D900003FD000004FE10001E7BB000BB0ED
:102D70001E707E1005F30D90000AA06F0001F30095
:102D8000F6007D0009C00D60002F34F00000C9A9D5
:102D9000000005FF2000000EC0000000E5000094C8
:102DA000AD00001BFC2000005FFFFFA13337F400E3
:102DB00001E70000CB00008E10004F40001EA3333F
:102DC00026FFFFFC006EA00F9201F4001F4001F4EB
:102DD000003F303FC0006F3001F4001F4001F4009D
:102DE0001F4000FA2005EA8B8B8B8B8B8B8B8B8B98
:102DF0008B8B8B8B8BBE5002AE0005F0005F000505
:102E0000F0004F1000DF104F5005F0005F0005F09C
:102E1000005F002AE00BE40007EC40B41E25DFC091
:102E20000100000004CC302B01C05700932B01C0DF
:102E300005CC3006A10FF60BE200000000000000F8
:102E40000000000000027BFB000000049DFFFFD09B
:102E50000003AFFFFFFFFD0000AFFFFFFFDFD0006B
:102E60000AFFFFB610ED0000AF9400000ED0000A7C
:102E7000F1000000ED0000AF1000000ED0000AF1DC
:102E8000000045FD0000AF1001EFFFD0179DF100DD
:102E90005FFFFC0EFFFF1000AFFD31FFFFE0000001
:102EA000010003BDA300000000005018888888843A
:102EB00005FABFDDDDDDFDAFE47F100000CA4EE0A6
:102EC0004F100000C80EFEEF100000CFEFE03FEE05
:102ED000EEEEF80EF68F766666EB6FF8AF10000038
:102EE000CC8FE03F100000C80EFCDF655555EECFDB
:102EF000C25FFFFFFFF92C57750577777775FFFFE6
:102F00001FFFFFFFFFFFFF2FFFFFFFFFEFFF0EFF82
:102F1000FFFFFE01100011111110EFFE0EFFFFFF69
:102F2000FEFFFF2FFFFFFFFFFFFF1FFFFFFFFF68F9
:102F300087078888888668870788888886FFFF1FB4
:102F4000FFFFFFFFFFFF2FFFFFFFFFDFFD0DFFFF75
:102F5000FFFD0000000000015000000000001DF80F
:102F60000000000001DFFD000000001DFFE22D60F9
:102F70000001DFFE20DFF7001DFFE2008FFF71DFA1
:102F8000FE200008FFFEFFE20000008FFFFE200091
:102F9000000008FFE200000000007D2000000000AB
:102FA000000000007F60000BE2EFF600BFF84FFF6B
:102FB0006BFFD104FFFFFD10005FFFE10000BFFFCA
:102FC000F6000BFFDFFF60BFFD14FFF5CFD1004F10
:102FD000F617100003600000001100000000000060
:102FE000FF000000006F21FF12F70006FF61FF16CF
:102FF000FF601FF901FF109FF16FE001FF100EF657
:10300000AF8001FF1008FACF6001FF1006FCAF800F
:1030100000AA0008FB7FD00000000DF71FF8000099
:10302000008FF107FF91002AFF70009FFFEEFFF96C
:10303000000005CFFFFD500000000244200000000A
:1030400000000000000000000AFFA0000000000CCB
:10305000FFC0000003D6DFFFFD6D300EFFFFFFFF56
:10306000FFE05FFFFFAAFFFFF51AFFF4004FFFA18B
:1030700003FFD0000DFF3004FFF0000FFF404FFFB3
:10308000FB22BFFFF42FFFFFFFFFFFF209FEFFFF50
:10309000FFEF9000505EFFE5050000000CFFC00050
:1030A000000000047740000000000003100341000E
:1030B0000000009FF50DF50000001BFDFF8DF500E1
:1030C0000002DFB12DFFF500004FF83EC2BFF50052
:1030D00007FF55FFFE39FE409FE38FFFFFF56FF6B8
:1030E000AC2AFFFFFFFF73E6005FFFFFFFFFF10069
:1030F000006FFFD77FFFF200006FFF900DFFF2001F
:10310000006FFF900DFFF200004FFF700BFFE1001A
:103110000000003300000000000BFFB000000000C2
:103120000CFFC0000000000CFFC0000000000CFFFE
:10313000C0000000000CFFC00000008FFFFFFFF880
:1031400000002EFFFFFFE2000002EFFFFE20000064
:10315000002DFFE20000799982DE289997FFFFFB9E
:1031600022BFFFFFFFFFFFFFFFFFFFFFFFFFFFFA91
:10317000B3CFACCCCCCCCCCCCA0006BBBBBBBA303A
:1031800000004FFFFFFFFFE10000EF30000006FBF3
:103190000009F800000000CF504FD0000000002FC1
:1031A000E1DF84420000344BF9FFFFFD0001FFFF27
:1031B000FBFFFFFF988BFFFFFCFFFFFFFFFFFFFF01
:1031C000FCFFFFFFFFFFFFFFFB9FFFFFFFFFFFFF76
:1031D000F60000000000003300018DFFC600EF0084
:1031E0004EFFFFFFE4DF04FFB3004CFFFF0EF900CA
:1031F00000008FFF6FC00001FFFFFF8E500001DE57
:10320000EEED00000000000000222222000000215C
:10321000FFFFFF100008F8FFFBBC10001EF4FFFCCE
:10322000100001DFC0FEEFE8448EFE10FE1AFFFF23
:10323000FFC100FD0028BB940000000002700002E6
:10324000EF0002EFFDFFFFFFFFFFFFFFFFFFFFFFAC
:10325000FFFFFFFFFFFF3447FFF00005FF00000501
:10326000C00000000000027000000002EF0000003B
:1032700002EFF0000DFFFFFF0220FFFFFFF08E1FA7
:10328000FFFFFF00E7FFFFFFF03F5FFFFFFF08903A
:103290003447FFF000000005FF0000000005C000FB
:1032A00000000000000000000000000770000000A7
:1032B00002700005FA0000002EF000814F6000024D
:1032C000EFF001DD07F0DFFFFFF0321E80F6FFFFB9
:1032D000FFF08E27E0B9FFFFFFF00E73F19BFFFFB9
:1032E000FFF03F54F09AFFFFFFF0890AC0D834473F
:1032F000FFF0007F43F300005FF002F60CB0000027
:1033000005C00000BF10000000000009E30000003D
:1033100000000002100037888888888873EFFFFF5C
:10332000FFFFFFFEFE32DFFFFFFFFFF9007FFFFD23
:10333000FFFFFD10CFFFA07FFFFFFFFFFA0007FF99
:10334000FFF35FA00000CFFF3003000000CFFC00C0
:1033500000000000CFFFCCCCCCCCCCFFAFFFFFFFF8
:10336000FFFFF900002000000001FA00000006FF46
:103370001000000DFF7000006FFFF10001EFFFFA79
:10338000000BFFFFFF605FFFFFFFE0CFFFFFFFF6D7
:10339000FEBFFFFFF9FD4FFFFFF9BF49FFFFF53FFC
:1033A000E52EFFD006FFFFFD200028BA60000430A4
:1033B0000000311FE00006F91FE0007FFA1FE0095E
:1033C000FFFA1FE0AFFFFA1FEBFFFFFA1FFFFFFF3F
:1033D000FA1FFFFFFFFA1FE6FFFFFA1FE05FFFFA89
:1033E0001FE004FFFA1FE0003EFA0FD00002D700F2
:1033F000000000000200000000000CFB20000000A4
:1034000000FFFF900000000FFFFFE6000000FFFF3D
:10341000FFFC30000FFFFFFFFF9100FFFFFFFFFFEA
:10342000E60FFFFFFFFFFFF2FFFFFFFFFFFD0FFFB4
:10343000FFFFFFF800FFFFFFFFB2000FFFFFFD409F
:103440000000FFFFF70000000FFFA1000000006A6E
:103450004000000000001444200144420DFFFF1012
:10346000DFFFF1FFFFF30FFFFF3FFFFF40FFFFF420
:10347000FFFFF40FFFFF4FFFFF40FFFFF4FFFFF4DC
:103480000FFFFF4FFFFF40FFFFF4FFFFF40FFFFFB1
:103490004FFFFF40FFFFF4FFFFF40FFFFF4FFFFF61
:1034A00030FFFFF39FFFC009FFFC00144444444475
:1034B000420DFFFFFFFFFFF1FFFFFFFFFFFF3FFF99
:1034C000FFFFFFFFF4FFFFFFFFFFFF4FFFFFFFFFC7
:1034D000FFF4FFFFFFFFFFFF4FFFFFFFFFFFF4FFC2
:1034E000FFFFFFFFFF4FFFFFFFFFFFF4FFFFFFFFA7
:1034F000FFFF4FFFFFFFFFFFF39FFFFFFFFFFC00FA
:1035000002100000420FE20003FB0FFE3004FB0F2D
:10351000FFF404FB0FFFFF54FB0FFFFFFAFB0FFF4D
:10352000FFFFFB0FFFFFFFFB0FFFFFD6FB0FFFFDB2
:1035300014FB0FFFC104FB0FFB0004FB0CA00003F6
:10354000FA0000000000000000120000000000036C
:10355000FF60000000002EFFF500000001EFFFFFFC
:103560004000001DFFFFFFF30000CFFFFFFFFE2024
:103570000AFFFFFFFFFFE00EFFFFFFFFFFF20399CF
:103580009999999950058888888888700FFFFFFF5E
:10359000FFFFF30FFFFFFFFFFFF40BFFFFFFFFFF36
:1035A000D1000000000000003F9000003FFC000040
:1035B0003FFD10003FFD10003FFD10001FFD1000FB
:1035C00000CFF4000000CFF4000000CFF4000000B2
:1035D000CFF4000000CFE0000000A40000000000D5
:1035E00000CD1000001FFD1000003FFD1000003F47
:1035F000FD1000003FFD1000003FFD000008FF909F
:103600000008FF900008FF900008FF900002FF9064
:1036100000000780000000000004500000000002CD
:10362000FF60000000003FF70000000003FF700093
:103630000000003FF7000006999AFFC99980FFFF3C
:10364000FFFFFFFF3DFFFFFFFFFFF201113FF711FB
:1036500010000003FF70000000003FF700000000B2
:1036600003FF70000000000CD300000069999999D5
:1036700099980FFFFFFFFFFFF3DFFFFFFFFFFF2022
:10368000000000000000000001566400000000037C
:10369000BFFEEFF91000007FFA1003DFE40008FF1F
:1036A000A009B41EFF504FFF200BFF26FFE1EFFFE4
:1036B00009CFFF63FFFABFFF09FFFF54FFF61EFFAC
:1036C00051DFFB09FFB003EFE204305FFC10002C78
:1036D000FF956AFF9000000049DFFD9200000000A6
:1036E00000000000000000CD2000000000000000ED
:1036F0008FF50014664000000004EFACFFEFFF916F
:103700000000001CFFA1004DFE300000009FF5AB43
:1037100031EFF40007B105FFFFE17FFE100FFE302F
:103720002DFFF54FFF900CFFE000AFF65FFF60024A
:10373000FFF40006FFEFFB00004FFD10003EFFC04E
:10374000000002DFE85401BFE300000005AEFF60A7
:1037500007FF60000000000000004EF600000000BF
:1037600000000001A10000000000000000000000B7
:10377000003ED00000000000000CFF8000000000B0
:103780000006FFFF200000000000EFFFFB0000002C
:1037900000008FFCCFF4000000002FFB00FFD000E2
:1037A00000000BFFC00FFF70000004FFFD01FFFFD2
:1037B000100000DFFFE02FFFFA00007FFFFF9BFFFC
:1037C000FFF3001FFFFFB00EFFFFC00AFFFFFE2444
:1037D000FFFFFF60FFFFFFFFFFFFFFFA06CCCCCC2F
:1037E000CCCCCCCB30000000000036000000000044
:1037F000007F80DDDB00008DEFF8FFFFB007FFFFEB
:10380000FD556FF46FF8AFE2000574FF907E200065
:10381000003FFA0000000002EFB2504A00012EFD06
:103820001DF48FB0FFFFD10BFFFFFBFFFE2000CF89
:10383000FFFB12210000029FC000000000005B009F
:10384000000007A00000000008FFB000000008FF13
:10385000FFB0000008FF95FFB00008FF9005FFB023
:1038600007FF900005FFB09F90000005FD0040009D
:10387000000003104C20000000B60BFE200000CF1B
:10388000F02EFE2000CFF4002EFE20CFF400002EFC
:10389000FECFF40000002EFFF4000000002EF40024
:1038A00000000000130000000008300000000000CD
:1038B0000000BFF308BBBBBB90000BFFFF39FFFF4D
:1038C000FFF1008FCFCFF000000AF100382F948075
:1038D00000000AF100002F900000000AF100002F04
:1038E000900000030AF130002F9000001FCBF8F881
:1038F000002FEBBBBB39FFFFE2001FFFFFFFB09FB4
:10390000FD2000000000000008D10037888700007B
:103910000000EFFFFFA0000000FFFFFFFDCCCCB6D2
:10392000FFFFFFFFFFFFFFFFFFFFFFFFFFFFFFFFA7
:10393000FFFFFFFFFFFFFFFFFFFFFFFFFFFFFFFF97
:10394000FFFFFFFFFFFFFFFFFFFFFFFFFFFFFFFF87
:10395000FFAFFFFFFFFFFFF90000000000000000C5
:103960000001DD10000000001DFFD100000001DF9C
:10397000FFFD1000001DFFFFFFD100009FFFFFFFB4
:10398000F90000011CFFC1100000000CFFC0000086
:1039900000000CFFC0000000000CFFC0000079997F
:1039A0003BFFB39997FFFFB2442BFFFFFFFFFEDD04
:1039B000EFFFFFFFFFFFFFFAB3CFACCCCCCCCCCCFA
:1039C000CA00000000000200000000000004FFC761
:1039D0000000000000AFFFF0000000001FFFFD002E
:1039E00000000006FFFFC00000000008FFF7000015
:1039F0000000000CFF300000000004FFC0000000C9
:103A00000001EFF300004A3002DFF80005DFFE1589
:103A1000EFFB0000EFFFFFFFFA00000BFFFFFFF7D7
:103A20000000007FFFFFA200000002BA8500000036
:103A3000000004860000001006FFFA0002DFD1EF4C
:103A40003CF101DFFA0EE0AF21DFFA009FEFF6DF75
:103A5000FA00008DFFFFFB00000006FFFD000000E4
:103A600048EFFFF600006FFFFBFFF6000EF3CF23D9
:103A7000FFF600EE0AF204FFF609FEFC0004FFF177
:103A800008DA100002620000000000000000006F71
:103A9000FFF987000008FFFF98F708A68FFFF95984
:103AA00090FFA8FFFFFCCC0FFA8FFFFFFFF1FFA8EC
:103AB000FFFFFFFF1FFA8FFFFFFFF1FFA8FFFFFFD0
:103AC000FF1FFA8FFFFFFFF1FFA8FFFFFFFF1FFAA5
:103AD0007FFFFFFFF0FFE3122222210FFFFFFFF91C
:103AE0000000ACCCCCCB5000004999999995000EC0
:103AF000FFFFFFFFF600FD2222224FF60FC000005D
:103B000001FFF3FC0000001FFF6FC0000002FFF682
:103B1000FFFFFFFFFFFF6FFFFFDCFFFFF6FFFFB0C0
:103B200005FFFF6FFFF6000FFFF6FFFFC006FFFF68
:103B30006FFFFFEDFFFFF69FFFFFFFFFFD10CDDDE5
:103B4000DDDDDDDD2FFFFFFFFFFFF312222222224A
:103B500022000000000000000000000000000FFF35
:103B6000FFFFFFFFF3DEEEEEEEEEEE2000000000C2
:103B700000000000000000000DEEEEEEEEEEE2FFB1
:103B8000FFFFFFFFFF30000000000000378888883B
:103B9000888873EFFFFFFFFFFFFEEFFFFFFFFFFFD0
:103BA000FE1CFFFFFFFFFFC1D28FFFFFFFF82DFFBD
:103BB00064EFFFFE45FFFFFA2BFFB2AFFFFFFFD31D
:103BC000553DFFFFFFFFFFBBFFFFFFFFFFFFFFFFB5
:103BD000FFFFAFFFFFFFFFFFF9000000000001FF44
:103BE000FFF00004FFFFD00006FFFF800008FFFF8A
:103BF00030000AFFFFAAA60CFFFFFFF80EFFFFFF31
:103C0000E10BDDDFFF6000004FFD0000007FF300EF
:103C10000000BFA0000000FF10000003F80000003B
:103C200003C000000000200000000455EFB5520062
:103C300000FFFD1FFFB0000FFFFFFFFC0000FFFFB4
:103C4000533320000FFF97FFFB5700FFF8AFFFC66D
:103C5000F80FFF8AFFFC4AA1FFF8AFFFE3220FFF36
:103C60008AFFFFFFF4FFF8AFFFFFFF4FFF8AFFFF60
:103C7000FFF43552AFFFFFFF40000AFFFFFFF400E3
:103C8000007FFFFFFE20000001100000000000AFD9
:103C900000000000018FFA30000002EFFFFF50002B
:103CA00000BFFFFFFF10001FFFFFFFF50003FFFF36
:103CB000FFFF70005FFFFFFFF90008FFFFFFFFC07D
:103CC00000DFFFFFFFFF209FFFFFFFFFFD0EFFFF55
:103CD000FFFFFFF2022222222221000008FFC00083
:103CE00000000009A20000005BBBBBBBBBBBBBA3C9
:103CF000FFFFFFFFFFFFFFFBFC0C30E11D0D11FC80
:103D0000FC0B30E01D0D10FCFFFEFFEFFEFEEFFC94
:103D1000FFF15A0870A05FFCFFF37B2992C27FFC81
:103D2000FFBFCBBBBBBFCBFCFC0B2000000D00FCDE
:103D3000FFCFCCCCCCCFCCFB9FFFFFFFFFFFFFF62C
:103D40000000000000000200000000000005DFB0DD
:103D50000000000007EFFFD000000018FFFFFF7019
:103D6000000029FFFFFFFF00003BFFFFFFFFF800FF
:103D70000AFFFFFFFFFFF1000FFFFFFFFFFFA000A3
:103D8000049AAAAFFFFF20000000000EFFFB000016
:103D90000000000EFFF400000000000EFFC0000055
:103DA0000000000EFF5000000000000DFD000000AC
:103DB00000000004B300000035555502000FFFFF5E
:103DC000F2F400FFFFFF2FF40FFFFFF2FFF3FFFFFE
:103DD000FF32221FFFFFFFFFF7FFFFFFFFFF8FFFF5
:103DE000FFFFFFF8FFFFFFFFFF8FFFFFFFFFF8FF61
:103DF000FFFFFFFF8FFFFFFFFFF8FFFFFFFFFF8FBA
:103E0000FFFFFFFFF88AAAAAAAAA300000002455E3
:103E1000310000000003AFFFFFFFC7000002BFFF3B
:103E2000FEDEFFFFF6005FFFB51000038EFFB0DF80
:103E3000D300000000008FF5180005AEFEC8100486
:103E4000600002DFFFFFFFF80000000CFF95347DEB
:103E5000FF40000002A20000007700000000000206
:103E600096000000000000000DFF50000000000060
:103E7000000EFF6000000000000005DA00000000F6
:103E80005BBBBBBBBBBBBBBA20FFFFFFFFFFFFFFA2
:103E9000FF90FC1222222222220FF7FC5FFFFFFF7D
:103EA000FFFF2CFAFC5FFFFFFFFFFF21FAFC5FFF23
:103EB000FFFFFFFF27FAFC2666666666661FFAFEAE
:103EC000BBBBBBBBBBBBBFB1AFFFFFFFFFFFFFFF78
:103ED000500000000000000000005BBBBBBBBBBB90
:103EE000BBBA20FFFFFFFFFFFFFFFF90FC12222263
:103EF0002221000FF7FC5FFFFFFFF8000CFAFC5FC8
:103F0000FFFFFFF80001FAFC5FFFFFFFF80007FA70
:103F1000FC2666666663000FFAFEBBBBBBBBBBBB81
:103F2000BFB1AFFFFFFFFFFFFFFF50000000000029
:103F3000000000005BBBBBBBBBBBBBBA20FFFFFFED
:103F4000FFFFFFFFFF90FC1222221000000FF7FC82
:103F50005FFFFFD000000CFAFC5FFFFFD000000104
:103F6000FAFC5FFFFFD0000007FAFC2666665000EF
:103F7000000FFAFEBBBBBBBBBBBBBFB1AFFFFFFFBC
:103F8000FFFFFFFF500000000000000000005BBBCF
:103F9000BBBBBBBBBBBA20FFFFFFFFFFFFFFFF9018
:103FA000FC1222000000000FF7FC5FFF3000000051
:103FB0000CFAFC5FFF3000000001FAFC5FFF3000EC
:103FC000000007FAFC2666100000000FFAFEBBBBDB
:103FD000BBBBBBBBBFB1AFFFFFFFFFFFFFFF50008D
:103FE00000000000000000005BBBBBBBBBBBBBBA5A
:103FF00020FFFFFFFFFFFFFFFF90FC00000000001D
:10400000000FF7FC0000000000000CFAFC000000AC
:1040100000000001FAFC00000000000007FAFC00AC
:1040200000000000000FFAFEBBBBBBBBBBBBBFB1B7
:10403000AFFFFFFFFFFFFFFF500000000000000088
:1040400000000000000007B20000000000000ADFCE
:10405000FA000000000000A93DF500000004400245
:10406000E00010000000AFF80B600000006C30FFB3
:10407000FFFFFFFFFFFFFFF4AFF9000C5000006DE2
:104080004005500004C00000100000000000C43EC5
:10409000E80000000000002EEFFA00000000000021
:1040A000004FFA00000000000000000000000000C7
:1040B000011000000007EFFFB30000AFFD8FFF20ED
:1040C00004FFFD09FFB00AFEFD12AFF00EF55D2CF6
:1040D0000EF30FFF33129FF50FFFF307FFF60FFFED
:1040E000E206FFF60FFE24137FF50DF57D2C0DF390
:1040F0000AFFFD11BFF003FFFE0BFFA0007FFEBF14
:10410000FE100003ACDC81000000344300000566B3
:104110007FFFF96650FFFFFFFFFFFF3566666666AB
:1041200066501CCCCCCCCCC402FFFFFFFFFF602F3D
:10413000F3FB7F6DF602FF2FB7F5DF602FF2FB7FF9
:104140005DF602FF2FB7F5DF602FF2FB7F5DF60211
:10415000FF2FB7F5DF602FF3FB7F6DF601FFFFFF49
:10416000FFFF5007BCCCCCCC900000000000000149
:1041700020000000000004FF500000000002FFFFCC
:10418000500000000439FFFE00000004FF39FFA0CA
:10419000000004FFFF39B0000004FFFFFF20000013
:1041A00004FFFFFFB0000004FFFFFFB0000004FFAA
:1041B000FFFFB0000004FFFFFFB0000000BFFFFFE3
:1041C000B00000000DFFFFB000000000FFFFB000D6
:1041D00000000009A86000000000000000178888A7
:1041E000888887400002EFFFFFFFFFFFF4003EFFDB
:1041F000FFCFFFCFFFF703EFFFF908F809FFF83E05
:10420000FFFFFE20402EFFF8DFFFFFFFE101EFFF81
:10421000F89FFFFFFF80008FFFF809FFFFF902C240
:1042200009FFF8009FFFFE4EFE4EFFF80009FFFF5A
:10423000FFFFFFFFF700008FFFFFFFFFFFC1000040
:104240000000000003EFFFFFE203FBFBCEBFA4FF73
:104250001D03A1FAFFF1D03A1FAFFFFFFFFFFAFFE6
:10426000FFFFFFFFAFFFFFFFFFFAFFFFFFFFFFAF03
:10427000FFFFFFFFFAFFFFFFFFFFAFFFFFFFFFFAA8
:10428000FFFFFFFFFFADFFFFFFFFF829AAAAAAA8C3
:10429000000000000000000300000000000004F126
:1042A000000820000001FF100BF70000002FF10CA8
:1042B000FF94444445FF1BFFFFFFFFFFFFF18FFF0B
:1042C000FFFFFFFFFD007FF70000000000006F60B0
:1042D00000000000000030000000000000000000AE
:1042E000000000000000C003000000000000C00348
:1042F000030A00000F008005050500051C00D00919
:104300000A0A00004E00B008090F00FE9200D00B10
:104310000C0A0000CE00A0090A0B00FF0501F00204
:10432000030500050D01B004040E01FD2901C004C0
:10433000040E00FD4501A0050606000557012008F2
:104340000807000273013003030500FE7B016005CE
:104350000503000383013003030300008801F00418
:10436000070EFFFFB9015009090A0000E6013005F8
:10437000040A0000FA011008080A000022020008DE
:10438000080A00004A0260090A0A00007C021008BC
:10439000080A0000A402A008090A0000D10260086F
:1043A000080A0000F9020009090A00002603A00813
:1043B000080A00004E033003030800005A033003CC
:1043C000030B00FD6B032008080800018B03200885
:1043D00008060002A303200808080001C303000820
:1043E000080A0000EB03800E0E0D00FD4604400A93
:1043F0000C0AFF008204A00A090A0100AF04200A87
:104400000A0A0000E104900B0A0A01001305600982
:10441000080A01003B05E008080A01006305D00A0C
:104420000A0A00009505600B090A0100C205500444
:10443000020A0100CC053007070AFF00EF05100A49
:104440000A0A010021065008080A01004906600D09
:104450000B0A01008006600B090A0100AD06C00BC3
:104460000C0A0000E906200A090A01001607C00B21
:104470000C0D00FD6407300A090A01009107B0081D
:10448000090A0000BE073008090A0000EB07100BFC
:10449000090A01001808F0090B0AFF004F08C00FB5
:1044A000100A00009F0870090A0A0000D1081009CC
:1044B0000B0AFF0008093009090A00003509B00499
:1044C000040E01FD5109F004070EFFFF8209B0043C
:1044D000040E00FD9E09300807060102B30900071B
:1044E000070100FFB709600805020109BC0960085F
:1044F00008080000DC099009080B0100080A000800
:1045000008080000280A9009090B00005A0A9008C0
:10451000080800007A0AF004060B00009B0AB009A4
:10452000090B00FDCD0A9009080B0100F90AE00310
:10453000020B0100040B0004050EFEFD270BA00872
:10454000080B0100530BE003020B01005E0BD00EC1
:104550000D080100920B900908080100B20BE00859
:1045600009080000D60B9009080B01FD020C900908
:10457000090B00FD340CC00505080100480C0007BC
:1045800007080000640CD005060A0000820C8009B0
:1045900008080100A20CD0070908FF00C60C900C07
:1045A0000D080000FA0CC007080800001A0DD0071B
:1045B000090BFFFD4C0D500707080000680DF004C3
:1045C000050E00FD8B0D3004020E01FD990DF00467
:1045D000050E00FDBC0D200808030003C80DE00512
:1045E00006050006D70D600404030003DD0D000E70
:1045F0000F0FFFFE4E0E000E0E0B00009B0E000E66
:104600000E0D00FFF60E000E0E0B0000430FA0096A
:104610000A0B00007A0F000E0E0F00FEE30F000ED3
:104620000E0F00FE4C10C00F100D00FFB410000E56
:104630000E0F00FE1D11C00F100B00007511000EB3
:104640000E0F00FEDE110007070C00FF0812800AA3
:104650000B0C00FF4A12C00F100E00FEBA12000E23
:104660000E0B00000713A0090A0F00FE5213400CA6
:104670000A0E01FE9813400C0D0F00FEFA13400CB9
:104680000D0D00FF4F14400C0D0D00FFA414400C45
:104690000A0E01FEEA14400C0E0DFFFF4515C0087E
:1046A000090D00FF8015C008090D00FFBB15400C67
:1046B0000D0D00FF1016400C0D0400032A16C00F4C
:1046C000100B000082168011120F00FE0917C00F98
:1046D000110FFFFE8917000E0E0D00FFE417400CAE
:1046E0000D0800011818400C0D0800014C1880112D
:1046F000120B0000AF18000E0E0B0000FC18000E8D
:104700000E0F00FE6519000E0F0FFFFED619400CAC
:104710000D0D00FF2B1A400C0D0F00FE8D1A400CE2
:104720000D0D00FFE21A400C0D0C00FF301B000EB7
:104730000E0B00007D1BC0080A0FFFFEC81B400CBB
:104740000D0F00FE2A1C400C0D0F00FE8C1CC00F2C
:10475000100B0000E41C000E100FFFFE5C1D800A11
:104760000B0F00FEAF1D8011120D00FF241E8011E3
:10477000120A00007E1E8011120A0000D81E80114D
:10478000120A0000321F8011120A00008C1F8011D3
:10479000120A0000E61F8011120C00FF5220400C8C
:1047A0000C0F00FEAC20400C0D0F00FE0E21000E81
:1047B0000F0FFFFE7F218011120B0000E221800A03
:1047C0000B0F00FE3522100E0F0A00000000721FB2
:1047D00051EF58EF5BEF5CEF5DEF61EF63EF65EF7B
:1047E00069EF6CEF71EF76EF77EF78EF8EEF93EF85
:1047F00098EF9BEF9CEF9DEFA1EFA2EFA3EFA4EF4B
:10480000B7EFB8EFBEEFC0EFC1EFC4EFC7EFC8EF2F
:10481000C9EFCBEFE3EFE5EF14F015F017F019F067
:1048200030F037F03AF043F06CF074F0ABF03BF15D
:1048300090F191F192F193F194F1D7F1E3F13DF21E
:1048400054F2AAF412F7F2F7200000005F00010012
:10485000000000000000000000000200B0000000A6
:10486000F3F76000CC470308000000003E0003009F
:10487000000001020003040502060708090A090AEC
:104880000B0C000D0E0F101112130C14140000006D
:104890001516171819161A1B1C1D1D1E1F201D1D6D
:1048A0001621222303241E2525262728292A2B000A
:1048B0002C002D2E2F303132332D343435302D2D28
:1048C0002E2E36373839333A3A3B3A3C2900000924
:1048D0003D09000000000000000000000000000092
:1048E00000000000000000000000000000000000C8
:1048F00000000000000000000000000000000000B8
:1049000000000000000000000000000000000000A7
:1049100001020003040502060708090A090A0B0C34
:104920000D0E0F10110C12131415150000001617A0
:104930001819171919191719191A191919191719ED
:104940001719031B1C1D1D1E1F20212223002400DC
:104950002526272727002726282926262A2A272A08
:10496000272A2B2C2D2E2E2F2E3000002309310923
:104970000000000000000000000000000000000037
:104980000000000000000000000000000000000027
:104990000000000000000000000000000000000017
:1049A0000000000000000000000000000001000006
:1049B00000000000000100000200000000020000F2
:1049C00000000000000000000000000000000100E6
:1049D00000000000000000000000000000010A00CC
:1049E00006FB00000000F4F3020B0504F7020B01C4
:1049F00009020700000000000000000000000D0296
:104A0000FE0000000000000000000000000400F9AB
:104A10000000000000FC04040000FE00FE0200FE96
:104A200000FEFFFC00000000FE0000FDFD0000FE97
:104A300000FC000000000000000000FEFE00FD0081
:104A4000FA00E50000FC0004070000FC0202070475
:104A5000FC040000F3000000000000000000000063
:104A6000F80000000000000000000000000000FA54
:104A7000FDF500F7FE00000000000900F9FEFF014F
:104A800000FC0000FEEF000000000000000000003D
:104A900000EEFE0900000000000000000000000021
:104AA000F700000000000000000000070002000006
:104AB000FC000000000000000000000000000000FA
:104AC00000000902010000000000000000000000DA
:104AD00000000000000000000000000000000000D6
:104AE000000000000000000000000000F8000000CE
:104AF00000000000000000000000000000000000B6
:104B000000000002040207FE000004FEF9E10206B4
:104B10000400FD00080007000700EB00FD07000788
:104B2000FE0402000001FE0000FC1200120007005B
:104B300009030407000000F80000000001FE000265
:104B4000FCFDFC0200FE000000F700000000000079
:104B50000000000000F10000000000000000000064
:104B6000000000000001F400F200000000FE00164A
:104B7000FDFD0202FE00FD020000F4000000000046
:104B8000000000000000EA00020000000000000039
:104B90000000000000F2000D0000F8000700F1EA3C
:104BA000F1FC070000F10003FB00FD000000000025
:104BB000000000000000000607E500000000000003
:104BC0000000000000000B000200000000000202D4
:104BD000FDFC00FFFFFE0000FE000000FC00FE00E8
:104BE000FBFC00FAF9F9FC00FC00FC00000000FEF0
:104BF0000000020002FE000100000002FE000000B2
:104C0000FE0202FF000000FC00FF000000000001A7
:104C10000003FE00FD00FC0000FE00070000FE0097
:104C200000000000FF01FEFE0000FE00FE0000008C
:104C3000000000000000FFFF00FEFD00000000007B
:104C4000010000FE00FEFEFE00000000000000006B
:104C500000FF00000000FEFD00FD00F9FEF9040069
:104C600000FC02040600FAFFFD00FFF502FE02F45C
:104C700002000001F400F4FEEDFE00F50004060061
:104C800003000000000000FCFD00F9000000FE0031
:104C90000000FE0000000000FFFF00FFFD0000001C
:104CA00000000000FEFE00FEFDFE0000FE00000011
:104CB0000000000000000000FEFE00FD00FE00FC01
:104CC000020000FD010202000000000000FE0000E2
:104CD000000000020000FE00FEFEFD0000000000DB
:104CE00000000200FE00000000FEFD00FC0007FEC8
:104CF00001F9000006F5F4F7FC0200FEF1FC00FCEF
:104D000000FC03FCF200FA000001FF02FE000200BA
:104D1000F9F700F5FBFBFBF9FDFA00FCFA010001D5
:104D200000FE000000020002000000000000000081
:104D3000000000FE00FF00FFFE00FCFBFBFF00F98F
:104D4000000000000000FE0000000001FF00000065
:104D50000200000000000000000B00000000000046
:104D600002000000FE000000000000000000000043
:104D7000FC00020000000000000000000000000035
:104D8000FE000000FC00000000F5F9000000FDF549
:104D90000000FE0200FA0000000000000000000019
:104DA000FC0000FC0000000000000000000000000B
:104DB0000200FC00000000030002FCFC00FEFEFDFF
:104DC000000000000000F900FE00FDFE00FBFAF903
:104DD000FE00FC00F900000000120000010000FDD0
:104DE000000200F60000000000EBFC0707FEF700E1
:104DF00002FD00F5FFFD02F0FE030003F8FDF8F9E7
:104E0000F70000F3000D0000FF000000FFFFFEFAB6
:104E1000F900EB00000000000000000001000000AD
:104E200000000000000000000000000000FE00FF85
:104E3000FEFD0000FC00FE0000000000000000007D
:104E4000000000000000FF00FC000004FF0300FB66
:104E500002FEFFFAFE00FDFEFE00FDFC0000FEFF6C
:104E6000FEFCFD0000FE0002FE00FB000000FC0056
:104E7000FC00FCFC020000000000000000FC02003E
:104E8000FD00FEFDF9FEFEFEFFFEFDFF000000003E
:104E900000FEFEFE0000000003FE00FE000000FE1B
:104EA000FDFEFEFDFE000209FF00FA00FE0400FE0A
:104EB000F7FD030000F5FC02FC0200FEFEF900FD18
:104EC000010000FC0000000202FCFC00FCFEFDFEF4
:104ED000FE00FC01FCFC07000000000000000000D8
:104EE00002000000000000000000000000000000C0
:104EF0000000000000000000FC00000000000000B6
:104F000000000000000000000000000000000000A1
:104F10000000000000000000000000000000000091
:104F200000000000FE000000000000000000000083
:104F30000000000000000000000000000000000071
:104F40000000FEFE00000000000000000000000065
:104F5000FD0000FD0000FEFE00000000FE0000005D
:104F600000FF0000000000FE00000000FD00FC004B
:104F70000000F90002FB0400FEF50000FBFE00F754
:104F8000FAFA0000F6FEF7F7F500FA00020FFD004E
:104F9000FBFEFFFEFCFAFCF8F7FBFE0000FE000142
:104FA0000000F0FE0705FBF80001F900F5FEFE0425
:104FB000EBFD010000F1FDF4FEF00000F0000D013A
:104FC00000FE00000000FFFEF7FE00F10000000000
:104FD000F900FE00FFFAF50000FFFDF9FE00FE00FB
:104FE000000000F6FEF9F9FEFCFAFEFC00FCFEF9FA
:104FF000FD00FDFCFEFC000100FEF9000400FC00C9
:10500000000000030002FC0900FEFEFD000000009D
:105010000000F900FE00FDFE00FBFAF9FE00FC02B4
:105020000900000000120000010000FD0002000065
:10503000000000000000000000000000FEFC000076
:10504000000000FF000000FEFE0000FCFE0000FC6F
:105050000004FF0000000000000100000000030445
:1050600002FE00F9FC0007F9F9FCFC090402EDFE60
:1050700004FE00FE02FEF800FE02FDFEF9FE000046
:10508000070400FA00F4FD06FDF701FDF9F9FE0939
:105090000200FD00FA000207FBF8F7FA070001F032
:1050A000FE02FCFEFB00FBF8FDFDFE0000FBFBFE2C
:1050B000000705FEF400F4FD00F8F3FFF9FCF9FA2F
:1050C000060000FD00FCFE00FEFC0004F9020000EA
:1050D000F400FEFBFCFEF9FAF9FB00F9FEFBFCF91B
:1050E000FE0000010BFC00F9FE00FEFCFBFAFAF7E3
:1050F000FDFC0400FD00F5FD0104F9F8FCF907FED4
:1051000001EBFC04FBFCF800F9F7FDFEFEFEFBF9E9
:10511000FF00000706FEF100F3FB05F7F1FCF8F7CE
:10512000F5F90400000000FD000002FD0402FC048B
:105130000000F9FF00FF000101FE00000000000078
:10514000FE0000000002070000FD00000000FEFE5F
:10515000FD0000000102000000000200FE00090046
:10516000040101FD00040000000200000000000036
:105170000000000000070006000000000000000022
:10518000000000000000F300FE040007000016030A
:10519000FCFC0202FE01F500000BF3000000000021
:1051A000000000000000F1091F00000000000000E6
:1051B0000000000000F300000000000000000000FC
:1051C00000000000000000000000000000000000DF
:1051D000FC0000FCFE0000000000000000000000D9
:1051E0000000000000000000FE00FA0000010000C6
:1051F000021DFCFE0706FA0200000202FD0000008C
:105200000000000000000000E306000000000000B5
:105210000000000000000000000000FA000000FA9A
:1052200000000000FBFF000000FB00FD00F5000097
:10523000000000000000000000F10000000001007C
:105240000000000000FE0000FC00FD00FA0000006D
:10525000FC02FD0000FAFEFB0000FA00FE00F50073
:10526000FE0000EEFCF7FEF80000F100FAFF00007F
:10527000000000000000FDFCFEFC00000000FB0040
:10528000FB03FE0400FEFBFEFCFC00FDFFFE02FA39
:10529000FF000000ECFEFD00FB00FEF5FE0000FE3E
:1052A000FE000000000200FEFCFE04000000000002
:1052B00000000000000000000000000000000000EE
:1052C00000000000000000000000000000000000DE
:1052D00000000000000003000000000000FB00FED2
:1052E000000000FC02000000FAFEFC0000FA00FED4
:1052F00000F500000000EA00FCF8F50000F100FEF7
:10530000FD0000000000000000FEFDFFFD010000A8
:1053100004FD00070BFEFEF9030B0405FA03090365
:1053200006050600000000000000000000000E0B53
:10533000FCFE00FE120A120000000200000800003D
:10534000FC000000000000000000FE000000000063
:105350000000000300000000EDFDFEF7F50000F185
:10536000000000000000000000000000000000003D
:1053700000FC000000000000000000FE0000000033
:10538000000000000300000000EDFDFEF7F5000046
:10539000F700000000000000000000000000000016
:1053A00000000000FE000000FB0200FE020402F903
:1053B0000000FE02000200000000FA00FEFEFC00F9
:1053C000FEF7000EFE00FBFE00FEFC00FEFAFCFDF8
:1053D000000000FC000000000000000000FE0000D3
:1053E0000000000000000300000000EDFDFEF7F5E6
:1053F0000000F10000000000000B000000000000B1
:1054000000000000FC00F9FDFE07FEFEF701FF01B1
:10541000FEFA000500020102FBF7FD00F7FCFAF7B7
:10542000F700FCFCFDFDFEFEFDFE00FEFF03000399
:10543000FE0007000000000000000000000000FE69
:10544000FEFE0000FA00FF00FC000000000000006B
:1054500000000000F3000000000000000000000059
:10546000FEFE00FD00000000FE0000FCFE0200FC4D
:10547000FCFE00FAFEFBFEFD00FC00000000000048
:105480000000000000F100070000FC00000000FD2B
:1054900000FE0000FF0000FE00FB000009FDF9F91E
:1054A00002020200FA020302070207FEFA0000F7F6
:1054B0000000F9FA0000FC00FDFC00FD00FD00FE0C
:1054C0000300FEF9FE080000FE00FC000003FB00E4
:1054D00002FE020000F900FEFF00FE02FE000000D6
:1054E000F7FDFB00F90000F50008FE00FC000100DC
:1054F000FE00FEF900FE0200000000FE000002FDBA
:10550000010000FDFE00FD000000000000000000A2
:105510000000000000000000F200050000FE000096
:1055200000000000FEFE0000000400050000000076
:1055300000F2F3010A0704F7020900080004000062
:105540000000000000000000000C0000000000004F
:10555000000000000000000000000000AC4903084B
:10556000704803080E4903083D3100005C20030821
:10557000DC420308484803085C5503081000022871
:10558000A40100209D040208BD03020810000300CE
:1055900000FF01006C55030800000000000000003F
:1055A00006F2ECE83699D661963ABE245E05FA0515
:1055B000B1046A4D098EE7CE47FF00FEC0FCA4FA95
:1055C000A97AF163F39C8AEA8EE3D3EC7AFE5DFF5D
:1055D0000FEA12F376F4DAFD3DFF37AA59BB9BCCF4
:1055E000FCE53EF7B87AB993FBB43DD63EEF585B85
:1055F000397C5B9D5DC65EEF3E45BE655F96FFBE36
:105600009FE7BE2D1E4EBF863FB7BFE73B269C4E91
:10561000FD865EB7BFE73325B54D5886FBB69EE7DE
:10562000CD653086B4A639CFBDEF6C9EB0AE14C741
:1056300079DFDDF70AD72EDF73E7B8F7DCFF6BFF02
:105640008EFFB3FFD8FFFCFF45FEA9FE10FF76FFDB
:10565000DCFF24FDA9FD70FE16FF9CFF88FB4CFCBF
:1056600052FD77FE5CFF6C8B4FA454BD79D65DEF85
:10567000937C3595F8B5DBCE7EEFF7BD1CE77DEF6B
:10568000BEF7DFFFC6E165D145C1E3B0CCD8CBC0E2
:10569000AAA869883589F478D368B148B659755194
:1056A0003441D230553AF331B2290F195C1CBA1B80
:1056B0003813340ADC045A04B703B3027805B4047F
:1056C00011040C034F04CD034B0368020845673CEB
:1056D000E62BE41A887DE76C4554433346C6A5ADF6
:1056E000E49CA283C6FE05FE44FDE2F380FD00FDBE
:1056F00060FC60FB60FCE0F360EB80E283F243E27D
:1057000002DAA1B9686A065AA54924396F53CC4216
:1057100029328721AE730C630842042100003C0249
:105720007804B306EE08280B610D990FD01106140A
:105730003A166C189D1ACB1CF71E212148236C25A4
:105740008E27AC29C72BDF2DF32F033210341836E8
:105750001C381C3A173C0E3EFF3FEC41D443B64583
:1057600093476A493C4B084DCD4E8D504652F953F4
:10577000A5554B57EA58825A135C9C5D1F5F9A608F
:105780000D627963DD6439668D67D9681D6A596B6E
:105790008C6CB76DD96EF36F04710C720B7301745E
:1057A000EE74D275AD767F7747780679BB79677AE4
:1057B0000A7BA27B327CB77C337DA57D0D7E6C7E1F
:1057C000C07E0B7F4B7F827FAF7FD27FEB7FFA7FE4
:1057D000FF7F00000000000000040404040404042F
:1057E0000404040000000000060606060606050084
:1057F00000000000000000000000000000000000A9
:10580000020000000000000000000400000200028E
:10581000020000000000000002020202000200007C
:10582000000200000000000002000000000101056D
:105830000505010500000000001001010000000046
:105840001002020C0C12120000000000F81E0308E7
:10585000E7A20108000000000000000031A50108D7
:105860000000000041040000F81E030865AE0108B6
:10587000B3AE010800000000D1AE010804010D0024
:1058800000060000F81E030837B101080000000000
:105890000000000000000000D127D12744020000D2
:1058A000F81E0308D1B101080DB201080000000084
:1058B00025B201080401820085030000F81E0308D8
:1058C00075C10108ADC101080000000079C30108DD
:1058D000D127D127C4020000F81E030851FC01089B
:1058E000E9FC0108000000000DFD01088200D1273D
:1058F00005040000F81E0308590202088B02020882
:105900000000000099FE0108000000008002000075
:10591000F81E0308290D02085F15020800000000A8
:1059200089150208D127D127C0030000F81E0308FB
:105930002D200208A120020800000000E520020836
:10594000D127D127C0040000F81E03082531020822
:10595000000000000000000051310208D127D127CB
:10596000C0020000F81E03080D81020800000000BC
:105970000000000085810208D1278200C5020000D6
:105980002C59030800000000000000000000000087
:10599000ED82020800000000C004000068580308FF
:1059A000A58402080000000000000000FD84020839
:1059B0000000000085070000F81E03087795020824
:1059C0009F95020800000000A995020834001E00FF
:1059D00084020000F81E030873970208C9970208A2
:1059E0000000000029980208D127D1278503000074
:1059F000F81E0308E5A00208F7A202080000000054
:105A000021A30208040182004406000021002000B6
:105A100069006A006C006B006D006E00630062003C
:105A200000000000F81E030871BA01080000000021
:105A30000000000000000000C300C300041C0000C0
:105A4000F81E0308ADBA02080000000000000000C4
:105A50000000000064202B0000000000F81E030876
:105A600089BB0208000000000000000000000000E8
:105A70006420D12700000000F81E0308C3BC010801
:105A80003DBD010800000000A1BD01086420040123
:105A9000C0080000F81E0308BDC90108000000008E
:105AA0000000000009CA010804010401010400000B
:105AB000A05803084D1D020800000000000000006F
:105AC00000000000642032200104000094B20408A9
:105AD000E0B20408F8B20408D4B50408E4B204083B
:105AE000ECB2040800B30408F0B20408C4B204081D
:105AF000D8B20408DCB2040814B304084CAF04089C
:105B0000A8B20408B0B20408E8B20408BCB20408A1
:105B1000C0B2040824B60408A4AF0408C8B204083C
:105B20003CB60408CCB204081CB304084CAF04080B
:105B3000ACB204089CB2040804B30408FCB2040824
:105B4000B8B20408F4B20408B4B20408D4B2040829
:105B5000D0B20408A0B2040898B20408A4B20408A1
:105B60004CAF040818B304080CB3040890B204083E
:105B700010B3040808B3040878AF0408250304042C
:105B800004040404040404040404040404040404D5
:105B900004040701260303040304030403040304A9
:105BA00003040304030403040701010501050104C0
:105BB00001040104010401040104010401050105BB
:105BC00001052203020106000201220394B2040827
:105BD00060B3040878B3040830B3040864B304085D
:105BE0006CB3040880B3040870B3040840B304081D
:105BF00058B304085CB3040814B304084CAF040899
:105C000088B3040820B3040868B304082CB304085C
:105C100034B3040838B304083CB3040844B304089C
:105C200048B304084CB304081CB304084CAF040880
:105C3000ACB204089CB2040884B304087CB3040822
:105C400028B3040874B3040824B3040854B3040844
:105C500050B30408A0B2040898B20408A4B204081F
:105C60004CAF040818B304080CB3040890B204083D
:105C700010B3040808B3040878AF0408250304042B
:105C800004040404040404040404040404040404D4
:105C900004040701260303040304030403040304A8
:105CA00003040304030403040701010501050104BF
:105CB00001040104010401040104010401050105BA
:105CC000010522030201060002012203C0B30408F9
:105CD000C4B30408C8B30408CCB30408D0B30408A0
:105CE000D4B30408D8B30408DCB30408E0B3040850
:105CF000BCB3040814B304084CAF040888B3040808
:105D0000B4B30408A0B30408B8B30408B0B30408DB
:105D1000ECB304089CB304088CB30408F4B304087F
:105D200094B30408E8B30408F0B304084CAF0408C3
:105D300000B40408F8B3040898B30408A8B304082E
:105D4000ACB3040808B404080CB40408FCB3040899
:105D500004B40408E4B3040890B30408A4B304082A
:105D60004CAF040818B304080CB3040890B204083C
:105D700010B3040808B3040878AF04080104010450
:105D800001040104010401040104010401040104EB
:105D900002012203010401040104010401040104BD
:105DA00001040104010401040104010401040104CB
:105DB00001040104010401040104010401040104BB
:105DC000010422030201060002012203C0B30408F9
:105DD000C4B30408C8B3040818B304084CAF0408DB
:105DE000CCB30408D0B30408D4B3040808B304083F
:105DF0004CAF0408D8B30408DCB30408E0B30408CB
:105E000014B304084CAF040810B40408BCB304086D
:105E1000A0B204080CB3040810B3040878AF040857
:105E20000100010001002203010001000100220322
:105E30000100010001000200010001000100010059
:105E400001000000F81E0308CD2E0208000000002B
:105E500000000000E92E02081A001A00800200006B
:105E6000F81E030800000000000000000000000011
:105E700000000000C3000401000000008458030873
:105E80000000000000000000000000000000000012
:105E900000000000000000002C5903080000000072
:105EA00000000000000000000000000000000000F2
:105EB00000000000F81E0308A5370208093902088F
:105EC0000000000000000000C300040140060000C4
:105ED000F81E0308113902084539020800000000C5
:105EE000000000006420D12780020000F81E030893
:105EF000E53802080000000000000000000000007B
:105F00006420D12700000000F81E0308CD390208E4
:105F10000000000000000000000000006420D12705
:105F200000000000F81E0308000000000000000050
:105F30000000000000000000D127D1270000000071
:105F4000F81E030800000000000000000000000030
:105F5000000000000000000000000000F81E030820
:105F60000000000000000000000000000000000031
:105F70000000000000000000F81E03080000000000
:105F80000000000000000000000000000000000011
:105F900000000000F81E03080000000000000000E0
:105FA00000000000000000000000000000000000F1
:105FB000F81E03081B3B0208373B020800000000E4
:105FC000513B020800000000C0030000F81E030857
:105FD00000000000000000000000000000000000C1
:105FE0000401D12780030000F81E03080000000010
:105FF0000000000000000000000000006420D12725
:1060000040020000F81E030800000000000000002D
:106010000000000000000000642064204002000036
:10602000F0590308198A020800000000000000006F
:10603000998A020882000000810700004C5803087A
:10604000918D020800000000000000000000000028
:106050000000000000000000F81E0308519C020828
:10606000919D020800000000ED9D0208642064205C
:1060700000030000F81E03083DA80208000000000D
:10608000000000000000000000000000800200008E
:10609000F81E030879A802080000000000000000B4
:1060A000000000000000000080020000F81E03084D
:1060B000CDB1020800000000000000000000000058
:1060C00064206420400200004F2013BD7F16D86773
:1060D000991C212005CCA7B003C7D506A701FBEA70
:1060E0005C3B47D0A2AA99C9D9D5F98629DB4B29AF
:1060F00007C2A312144D91780600A310DBC73461C8
:10610000AF43441999102D14D5926237C533F4204A
:10611000592A4D0793C2744E10082A076D130FDDDC
:10612000BC6DCA5CD8FD3B622FEB45B64A8950BEB8
:106130001767B5C9C812F9E0245E6B4F28B144FE59
:10614000A8572DE1CCC9159BD3E12AAB7450DCB420
:10615000C857D4670CB0468E71189AA23203E4CEA9
:10616000A13AF98096602885496BBD09882007957A
:106170004B9293208F32276A9B0796A7BC88B4C3A3
:10618000E0CC9BE24C8A040799BD817D30CBAA27E5
:106190000E7AFC44412238A27DA15783CCC9E997ED
:1061A00052FF10AD5CFC23990A842C8FA26B352022
:1061B00077A6977900187F9A2B56C73551FE01D9DB
:1061C0003D054E8F2349B9A50000000000000000E6
:1061D000000000000000000000000000000000FFC0
:1061E000FFFFF600000000000000000000000000BB
:1061F000000000000000000000000000000000009F
:10620000000000000000000000000000000000008E
:1062100001FFFFFFFF000000000000000000000081
:10622000000000000000000000000000000000006E
:10623000000000000000000000000000000000005E
:10624000000003FFFFFFFF0000000005F200000058
:10625000000000000000000000000000000000003E
:106260000000000000000000000000000002FFA08D
:106270000000000004FFFFFFFF200000005FFFFFA1
:1062800020000000000000000000000000000000EE
:10629000000000000000000000000000000008FFF7
:1062A000FFF9000000000AFFFFFFFFF0000002FFFF
:1062B000FFFFFF00000000000000000000000000E1
:1062C00000000000000000000000000000000000CE
:1062D000BFFFFFFF100000000FFFFFFFFFF00000F7
:1062E0000DFFFFFFFF200000000000000000000085
:1062F000000000000000000000000000000000009E
:106300000002FFFFFFFF600000000FFFFFFFFFF034
:1063100000001FFFFFFFFF60000000000000000002
:10632000000000000000000000000000000000006D
:1063300000000000CFFFFFFFF20000000FFFFFFF93
:10634000FFF400007FFFFFFFFFD00000000000000F
:10635000000000000000000000000000000000003D
:10636000000000000000AFFFFFFFFB0000028FFFF6
:10637000FFFFFFFF4003FFFFFFFFFFD00000000013
:10638000000000000000000000000000000000000D
:106390000000000000000000BFFFFFFFFFA334AFBC
:1063A000FFFFFFFFFFFFFA5FFFFFFFFFFFC00000DF
:1063B00000000000000000000000000000000000DD
:1063C000000000000000000000007FFFFFFFFFFF53
:1063D000FFFFFFFFFFFFFFFFFFFFFFFFFFFFFF309C
:1063E00000000000000000000000000000000000AD
:1063F0000000000000000000000000000DFFFFFF93
:10640000FFFFFFFFFFFFFFFFFFFFFFFFFFFFFFFF9C
:10641000FE000000000192000000000000000000EB
:10642000000000000000000004100000000008FF51
:10643000FFFFFFFFFFFFFFFFFFFFFFFFFFFFFFFF6C
:10644000FFFFFE000000008EFF9000000000000033
:1064500000000000000000000000AFF3000000009A
:106460000DFFFFFFFFFFFFFFFFFFFFFFFFFFFFFF2E
:10647000FFFFFFFFFF8000000FFFDFFB00000000B9
:1064800000000000000000000000000CFFFF4000C2
:1064900000008FFFFFFFFFFFFFFFFFFFFFFFFFFF7A
:1064A000FFFFFFFFFFFFFFF80000FFFFFFFFB0004F
:1064B00000000000000000000000000000CFFFFF0F
:1064C000FB10007FFFFFFFFFFFFFFFFFFFFFFFFF4E
:1064D000FFFFFFFFFFFFFFFFFFFFF62FFFFFFFFFA5
:1064E000FA0000000000000000000000000009FFAA
:1064F000FFFFFFE207FFFFFFFFFFFFFFFFFFFFFFC1
:10650000FFFFFFFFFFFFFFFFFFFFFFFFFFFFFFFF9B
:10651000FFFFFE000000000000000000000000007F
:106520000DFFFFFFFFFFFFFFFFFFFFFFFFFFFFFF6D
:10653000FFFFFFFFFFFFFFFFFFFFFFFFFFFFFFFF6B
:10654000FFFFFFFFFB000000000000000000000054
:1065500000000CFFFFFFFFFFFFFFFFFFFFFFFFFF3C
:10656000FFFFFFFFFFFFFFFFFFFFFFFFFFFFFFFF3B
:10657000FFFFFFFFFFFFFB00000000000000000026
:106580000000000006FFFFFFFFFFFFFFFFFFFFFF10
:10659000FFFFFFFFFFFFFFFFFFFFFFFFFFFFFFFF0B
:1065A000FFFFFFFFFFFFFFFFF20000000000000001
:1065B000000000000000008FFFFFFFFFFFFFFFFF54
:1065C000FFFFFFFFFFFFFFFFFFFFFFFFFFFFFFFFDB
:1065D000FFFFFFFFFFFFFFFFFFFFD00000000000F5
:1065E00000000000000000000008FFFFFFFFFFFFA9
:1065F000FFFFFFFFFFFFFFF912FFFFFFFFF6113F55
:10660000FFFFFFFFFFFFFFFFFFFFFFFF1000000086
:10661000000000000000000000000001FFFFFFFF7D
:10662000FFFFFFFFFFFFFFFFF20000FFFFFFFFB0D4
:1066300000003FFFFFFFFFFFFFFFFFFFFFF900002C
:1066400000000000000000000000000000002FFF1C
:10665000FFFFFFFFFFFFFFFFFF50000000FFFFFFF6
:10666000FF1000000004FFFFFFFFFFFFFFFFFFF030
:10667000000000000000000000000000000000001A
:106680000FFFFFFFFFFFFFFFFFFF4000000000FFC5
:10669000FFFFFF000000000005FFFFFFFFFFFFFFFF
:1066A000FFF00000000000000000000000000000FB
:1066B00000009FFFFFFFFFFFFFFFFFF4000000004F
:1066C00000FFFFFFFF0000000000006FFFFFFFFF63
:1066D000FFFFFFFB000000000000000000000000C2
:1066E00000000001FFFFFFFFFFFFFFFFF8000000B9
:1066F000000000FFFFFFFF00000000000001CFFFCF
:10670000FFFFFFFFFFFF0000047782000000000092
:1067100000000000000BFFFFFFFFFFFFFFFF400036
:106720000000000000FFFFFFFF000000000000006D
:1067300007FFFFFFFFFFFFFFA8879FFFFF1000007D
:10674000000002FE6000009FFFFFFFFFFFFFFFF55C
:1067500000000000000000FFFFFFFF00000000003D
:106760000000007FFFFFFFFFFFFFFFFFFFEEEFF0E6
:10677000000000001FFFFECCADFFFFFFFFFFFFFF8B
:10678000FF4000000000000000FFFFFFFF000000CE
:10679000000000000007FFFFFFFFFFFFFFFFFFFFFC
:1067A000FFF1000000005FFFFFFFFFFFFFFFFFFFA3
:1067B000FFFFF50000000000000000FFFFFFFF00EA
:1067C00000000000000000007FFFFFFFFFFFFFFF51
:1067D000FFFFFFF800000001FFFFFFFFFFFFFFFFCB
:1067E000FFFFFFFF500000000000000000FFFFFF60
:1067F000FF0000000000000000000FFFFFFFFFFF90
:10680000FFFFFFFFFFFF00000001FFFFFFFFFFFF93
:10681000FFFFFFFFFFF8000000000000000000FF86
:10682000FFFFFF00000000000000000002FFFFFF6C
:10683000FFFFFFFFFFFFFFFF00000007FFFFFFFF5D
:10684000FFFFFFFFFFFFFFF000000000000000005F
:1068500000FFFFFFFF000000000000000000004FED
:10686000FFFFFFFFFFFFFFFFFFFF00000007FFFF2D
:10687000FFFFFFFFFFFFFFFFFF30000000000000F1
:10688000000000FFFFFFFF0000000000000000000C
:10689000000FFFFFFFFFFFFFFFFFFFF400000000FE
:1068A0009FFFFFFFFFFFFFFFFFFFF400000000005E
:1068B0000000000002FFFFFFFF30000000000000AA
:1068C00000000002FFFFFFFFFFFFFFFFFA200000B4
:1068D000000004DFFFFFFFFFFFFFFFFFF0000000ED
:1068E0000000000000014FFFFFFFFFF40000000068
:1068F000000000000000AFFFFFFFFFFFFFFF800070
:10690000000000000007FFFFFFFFFFFFFFFF400048
:10691000000000000000002FFFFFFFFFFFFFF1005D
:1069200000000000000000001FFFFFFFFFFFFFF856
:10693000000000000000000017FFFFFFFFFFFFFF47
:10694000000000000000000018FFFFFFFFFFFFFF36
:10695000FF51000000000000000006FFFFFFFFFFE6
:10696000FF80000000000000000004FFFFFFFFFFA9
:10697000FFFB0000000000000001FFFFFFFFFFFF22
:10698000FFFFEFFF100000000000000001FFFFFF0D
:10699000FFFFFF30000000000000000004FFFFFFC9
:1069A000FFFFFFF2000000000000000EFEFFFFFFEF
:1069B000FFFFFFFFFFDFB00000000000000001FF4D
:1069C000FFFFFFFFFF90000000000000000004FF39
:1069D000FFFFFFFFFFC0000000000000009FFFDC82
:1069E000FFFFFFFFFFFFECFFF400000000000000CE
:1069F000003FFFFFFFFFFFF100000000000000006C
:106A000007FFFFFFFFFFFF3000000000000003FF53
:106A1000FD000FFEABBAEFFB00CFFF20000000002F
:106A20000000001FFFFFFFFFFFF300000000000059
:106A300000001EFFFFFFFFFFFF200000000000001E
:106A40002FFFFD0001700000073000DFFFC00000D5
:106A500000000000001FFFFFFFFFFFFF20000000FD
:106A6000000000004FFFFFFFFFFFFF1000000000CD
:106A700000003FFFFF6000000000000008FFFFF380
:106A8000000000000000000FFFFFFFFFFFFFFDDD23
:106A9000FE000001015BFFFFFFFFFFFFFF40000062
:106AA000000000018FFFFFF10000000000000FFF59
:106AB000FFFB100000000000003FFFFFFFFFFFFF93
:106AC000FFFFFFE002DFFFFFFFFFFFFFFFFFFFF918
:106AD0006888888887AFFFFFFFF60000000000008D
:106AE0001FFFFFFFFFFFFFFFFFFFFFFFFFFFFFFF96
:106AF000FFFFFFFFFFF00FFFFFFFFFFFFFFFFFFFA5
:106B0000FFFFFFFFFFFFFFFFFFFFFFF3000000009D
:106B100000000BFFFFFFFFFFFFFFFFFFFFFFFFFF77
:106B2000FFFFFFFFFFFFFFE35FFFFFFFFFFFFFFF31
:106B3000FFFFFFFFFFFFFFFFFFFFFFFFFFF2000070
:106B4000000000000BFFFFFFFFFFFFFFFFFFFFFF45
:106B5000FFFFFFFFFFFFFFFFFFFA6FFFFFFFFFFFDA
:106B6000FFFFFFFFFFFFFFFFFFFFFFFFFFFFFFF242
:106B70000000000000000BFFFFFFFFFFFFFFFFFF13
:106B8000FFFFFFFFFFFFFFFFFFFFFFFF3EFFFFFFD6
:106B9000FFFFFFFFFFFFFFFFFFFFFFFFFFFFFFFF05
:106BA000FFF20000000000000BFFFFFFFFFFFFFFF0
:106BB000FFFFFFFFFFFFFFFFFFFFFFFFFFFF3EFFA6
:106BC000FFFFFFFFFFFFFFFFFFFFFFFFFFFFFFFFD5
:106BD000FFFFFFF20000000000000BFFFFFFFFFFC0
:106BE000FFFFFFFFFFFFFFFFFFFFFFFFFFFFFFF8BC
:106BF0002FFFFFFFFFFFFFFFFFFFFFFFFFFFFFFF75
:106C0000FFFFFFFFFFF30000000000000DFFFFFF8C
:106C1000FFFFFFFFFFFFFFFFFFFFFFFFFFFFFFFF84
:106C2000FFF00FFFFFFFFFFFFFFFFFFFFFFF955587
:106C30006655659FFFFFFFF70000000000004FFF53
:106C4000FFFFFFFF978888878DFFFFFFFFFFFFFF94
:106C5000FFF6100001AFFFFFFFFFFFFFFFFFFF91F7
:106C60000000000000017FFFFFF4000000000000B2
:106C70000FFFFFFFF20000000000003FFFFFFFFFDB
:106C8000FFFFF300000000000019FFFFFFFFFFFF00
:106C9000FF200000000000004FFFFFB000000000D8
:106CA000000003FFFFFF300000000000001FFFFF97
:106CB000FFFFFFFF30000000000000005FFFFFFF4C
:106CC000FFFFFF200000000000002FFFFF2007E46F
:106CD0000000292000DFFFF3000000000000001F7B
:106CE000FFFFFFFFFFFF100000000000000007FF94
:106CF000FFFFFFFFFF2000000000000004FFFF5027
:106D00002FFFBBCBFFF300DFFF40000000000000BF
:106D1000004FFFFFFFFFFFFF10000000000000001A
:106D200004FFFFFFFFFFFF20000000000000006FD6
:106D3000FFFEFFFFFFFFFFFFDDFFF8000000000088
:106D4000000001FFFFFFFFFFFFF500000000000053
:106D5000000005FFFFFFFFFFFF2000000000000014
:106D60000008FEFFFFFFFFFFFFFFFFEF60000000D6
:106D70000000000001FFFFFFFFFFFFF20000000026
:106D80000000000003FFFFFFFFFFFFA00000000066
:106D900000000001EFFFFFFFFFFFFFFFFFFD00000E
:106DA00000000000000002FFFFFFFFFFFFF60000F1
:106DB00000000000000003FFFFFFFFFFFFF30000E3
:106DC00000000000000026FFFFFFFFFFFFFFFF7134
:106DD00000000000000000000FFFFFFFFFFFFFFFAB
:106DE000500000000000000029FFFFFFFFFFFFFE32
:106DF0001000000000000000003AFFFFFFFFFFFF4F
:106E0000F40000000000000000003FFFFFFFFFFF54
:106E1000FFFFFF81000000000019FFFFFFFFFFFFE1
:106E2000FFFF1000000000000000000036FFFFFF21
:106E3000FFFF40000000000000000000FFFFFFFF18
:106E4000FFFFFFFFFFFF0000000005FFFFFFFFFF48
:106E5000FFFFFFFF6000000000000000000000FFD7
:106E6000FFFFFFF400000000000000000004FFFF2F
:106E7000FFFFFFFFFFFFFFFF500000008FFFFFFF3E
:106E8000FFFFFFFFFFFFF100000000000000000017
:106E900001FFFFFFFFC00000000000000000000F26
:106EA000FFFFFFFFFFFFFFFFFFFFF0000001FFFFFD
:106EB000FFFFFFFFFFFFFFFFF700000000000000E3
:106EC000000001FFFFFFFF200000000000000000A5
:106ED000005FFFFFFFFFFFFFFFFFFFFFD00000018C
:106EE000FFFFFFFFFFFFFFFFFFFFFF70000000003D
:106EF0000000000001FFFFFFFF0000000000000095
:106F0000000004FFFFFFFFFFFFFFFFFFFFFF500038
:106F100000008FFFFFFFFFFFFFFFFFFFFFF70000F5
:106F200000000000000001FFFFFFFF100000000054
:106F3000000000003FFFFFFFFFFFFFFFFFFFFFFF1D
:106F4000100000002FFFFFFFFFFFFFFFFFFFFFFF0D
:106F5000000000000000000001FFFFFFFF10000024
:106F6000000000000000EFFFFFFFFFFFFFFFFFFF3B
:106F7000FFFF000000001FFFFFFFFFFFFFFFFFFFFD
:106F8000FFFF900000000000000001FFFFFFFF1066
:106F90000000000000000008FFFFFFFFFFFFFFFEF2
:106FA00053CDCDF10000000002FFFFFFECFFFFFF1B
:106FB000FFFFFFFFFC2000000000000001FFFFFFBB
:106FC000FF1000000000000001CFFFFFFFFFFFFFE8
:106FD000FFA00000000000000000002B99A9207F06
:106FE000FFFFFFFFFFFFFFD200000000000001FFD6
:106FF000FFFFFF100000000000000BFFFFFFFFFF7E
:10700000FFFFFF3000000000000000000000000053
:107010000002FFFFFFFFFFFFFFFF70000000000006
:1070200001FFFFFFFF10000000000004FFFFFFFF53
:10703000FFFFFFFFF700000000000000000000005D
:10704000000000008FFFFFFFFFFFFFFFF7000000C1
:10705000000001FFFFFFFF1000000000019FFFFF85
:10706000FFFFFFFFFFFFF000000000000000000036
:107070000000000000000CFFFFFFFFFFFFFFFFC349
:107080000000000001FFFFFFFF10000000003FFFB5
:10709000FFFFFFFFFFFFFFFF700000000000000088
:1070A00000000000000000000AFFFFFFFFFFFFFFDD
:1070B000FFFFA320000001FFFFFFFF0000000128E9
:1070C000FFFFFFFFFFFFFFFFFFFF4000000000008A
:1070D000000000000000000000002FFFFFFFFFFF86
:1070E000FFFFFFFFFFF5100000FFFFFFFF10000292
:1070F0006FFFFFFFFFFFFFFFFFFFFFFFF10000003B
:107100000000000000000000000000009FFFFFFFE3
:10711000FFFFFFFFFFFFFFFFF73312FFFFFFFF93AC
:1071200023AFFFFFFFFFFFFFFFFFFFFFFFFFFF108A
:107130000000000000000000000000000004FFFF4D
:10714000FFFFFFFFFFFFFFFFFFFFFFFFCAFFFFFF84
:10715000FFFFFFFFFFFFFFFFFFFFFFFFFFFFFFFF3F
:10716000FFB0000000000000000000000000004F21
:10717000FFFFFFFFFFFFFFFFFFFFFFFFFFFFFFFF1F
:10718000FFFFFFFFFFFFFFFFFFFFFFFFFFFFFFFF0F
:10719000FFFFFFB000000000000000000000000042
:1071A00000EFFFFFFFFFFFFFFFFFFFFFFFFFFFFFFE
:1071B000FFFFFFFFFFFFFFFFFFFFFFFFFFFFFFFFDF
:1071C000FFFFFFFFFFF400000000000000000000D0
:1071D000000000EFFFFFFFFFFFFFFFFFFFFFFFFFCC
:1071E000FFFFFFFFFFFFFFFFFFFFFFFFFFFFFFFFAF
:1071F000FFFFFFFFFFFFFFE00000000000000000B6
:107200000000000000DFFFFFFFFFFFFFFFFFFFFFA9
:10721000FFFFFFFFFFFFFFFFFFFFFFFFFFFFFFFF7E
:10722000FFFFFFFF87FFFFFFFF800000000000005F
:10723000000000000000001EFFFFFFFFFDDEFFFF5B
:10724000FFFFFFFFFFFFFFFFFFFFFFFFFFFFFFFF4E
:10725000FFFFFFFFFFF4003FFFFFFB000000000007
:1072600000000000000000000001EFFFFFFE4000F2
:107270009FFFFFFFFFFFFFFFFFFFFFFFFFFFFFFF7E
:10728000FFFFFFFFFFFFF70000016FDE800000003F
:107290000000000000000000000000000DFFFF40A3
:1072A000000003FFFFFFFFFFFFFFFFFFFFFFFFFFE8
:1072B000FFFFFFFFFFFFFFFF700000000000000066
:1072C0000000000000000000000000000000019A23
:1072D0009100000000DFFFFFFFFFFFFFFFFFFFFF48
:1072E000FFFFFFFFFFFFFFFFFFFC000000000000AB
:1072F000000000000000000000000000000000008E
:1073000000000000000000EFFFFFFFFFFFFFFFFF96
:10731000FFFFFFFFFFFFFFFFFFFFFFFA000000007E
:10732000000000000000000000000000000000005D
:10733000000000000000000000EFFFFFFFFFFFFF64
:10734000FFFFFFFFFFFFFFFFFFFFFFFFFFFA000050
:10735000000000000000000000000000000000002D
:107360000000000000000000000001FFFFFFFFFF21
:10737000FFFFFFFFFFFFFFFFFFFFFFFFFFFFFFFC20
:1073800010000000000000000000000000000000ED
:1073900000000000000000000000000005FFFFFFEB
:1073A000FFFFF635AFFFFFFFFFFFF544327FFFFF22
:1073B000FFFF70000000000000000000000000005F
:1073C00000000000000000000000000000000FFFAF
:1073D000FFFFFFFF50002FFFFFFFFFFF4000002FC8
:1073E000FFFFFFFFC00000000000000000000000E1
:1073F000000000000000000000000000000000008D
:107400000CFFFFFFFFFA00000FFFFFFFFFFC000073
:107410000008FFFFFFFF5000000000000000000018
:10742000000000000000000000000000000000005C
:10743000000002FFFFFFFFF200001FFFFFFFFFF54C
:1074400000000002FFFFFFF6000000000000000047
:10745000000000000000000000000000000000002C
:10746000000000000029FFFFFF5000001FFFFFFF8A
:10747000FFF1000000006FFFF62000000000000098
:1074800000000000000000000000000000000000FC
:10749000000000000000000013EF610000000EFF7C
:1074A000FFFFFFF1000000000111100000000000CC
:1074B00000000000000000000000000000000000CC
:1074C00000000000000000000000001100000000AB
:1074D00002FFFFFFFFF100000000000000000000BD
:1074E000000000000000000000000000000000009C
:1074F000000000000000000000000000000000008C
:10750000000000BFEEEEFF200000000000000000C1
:10751000000000000000000000000000000000006B
:10752000000000000000000000000000000000005B
:10753000000000000000001110000000000000002A
:10754000000000000000000000000000000000003B
:107550000D90810C88130000C8610308FFFF00FF35
:10756000FF00FFFF00FFFF00FFFF00FFFF00FFFF26
:1075700000FFFF00FFFF00FFFF00FFFF00FFFF0015
:10758000FFFF00FFFF00FFFF00FFFF00FFFF00FF06
:10759000FF00FFFF00FFFF00FFFF00FFFF00FFFFF6
:1075A00000FFFF00FFFF00FFFF00FFFF00FFFF00E5
:1075B000FFFF00FFFF00FFFF00FFFF00FFFF00FFD6
:1075C000FF00FFFF00FFFF00FFFF00FFFF00FFFFC6
:1075D00000FFFF00FFFF00FFFF00FFFF00FFFF00B5
:1075E000FFFF00DFFF08F694FFF373FFD26BFFF29B
:1075F0006BFFF26BFFB163FF3374FF5AC66CFFFF82
:1076000003FFFF00FFFF00FFFF00FFFF00FFFF0081
:10761000FFFF00FFFF00FFFF00FFFF00FFFF00FF75
:10762000FF00FFFF00FFFF00FFFF00FFFF00FFFF65
:1076300000FFFF00FFFF00FFFF00FFFF00FFFF0054
:10764000FFFF00FFFF00FFFF00FFFF00FFFF00FF45
:10765000FF00FFFF00FFFF00FFFF00FFFF00FFFF35
:1076600000FFFF00FFFF00FFFF00FFFF00FFFF0024
:10767000FFFF00FFFF00FFFF00FFFF00FFFF00FF15
:10768000FF00FFFF00FFFF00FFFF00FFFF00FFFF05
:1076900000FFFF00FFFF00FFFF00FFFF00FFFF00F4
:1076A000FFFF00FFFF00FFFF00FFFF00FFFF00FFE5
:1076B000FF00FFFF00FFFF00FFFF00FFFF00FFFFD5
:1076C00000FFFF00FFFF00FFFF00FFFF00FFFF00C4
:1076D000FFFF00FFFF00FFFF00FFFF00FFFF00FFB5
:1076E000FF00FFFF00FFFF00FFFF00FFFF00FFFFA5
:1076F00000FFFF00FFFF00FFFF00FFFF00FFFF0094
:10770000FFFF00FFFF00FFFF00FFFF00FFFF009EE5
:10771000F710547CFFD26BFFD26BFFD26BFFD26BA2
:10772000FFB163FFB163FF7484FFDFFF08FFFF0059
:10773000FFFF00FFFF00FFFF00FFFF00FFFF00FF54
:10774000FF00FFFF00FFFF00FFFF08FFFF00FFFF3C
:1077500000FFFF00FFFF00FFFF00FFFF00FFFF0033
:10776000FFFF00FFFF00FFFF00FFFF00FFFF00FF24
:10777000FF00FFFF00FFFF00FFFF00FFFF00FFFF14
:1077800000FFFF00FFFF00FFFF00FFFF00FFFF0003
:10779000FFFF00FFFF00FFFF00FFFF00FFFF00FFF4
:1077A000FF00FFFF00FFFF00FFFF00FFFF00FFFFE4
:1077B00000FFFF00FFFF00FFFF00FFFF00FFFF00D3
:1077C000FFFF00FFFF00FFFF00FFFF00FFFF00FFC4
:1077D000FF00FFFF00FFFF00FFFF00FFFF00FFFFB4
:1077E00000FFFF00FFFF00FFFF00FFFF00FFFF00A3
:1077F000FFFF00FFFF00FFFF00FFFF00FFFF00FF94
:10780000FF00FFFF00FFFF00FFFF00FFFF00FFFF83
:1078100000FFFF00DFFF0C9FF70FFFFF04FFFF00DB
:10782000FFFF00FFFF00FFFF00FFFF00FFFF00FF63
:10783000FF00FFFF00FFFF00FFFF001DDF38337474
:10784000FFD26BFFF26BFF1374FFF26BFFF26BFF63
:10785000B163FF1374FFDFFF07FFFF00FFFF00FFAF
:10786000FF00FFFF00FFFF00FFFF00FFFF00FFFF23
:107870000019BE53169DFFDCDE28DFFF07DFFF0B7C
:10788000FFFF00FFFF00FFFF00FFFF00FFFF00FF03
:10789000FF00FFFF00FFFF00FFFF00FFFF00FFFFF3
:1078A00000FFFF00FFFF00FFFF00FFFF00FFFF00E2
:1078B000FFFF00FFFF00FFFF00FFFF00FFFF00FFD3
:1078C000FF00FFFF00FFFF00FFFF00FFFF00FFFFC3
:1078D00000FFFF00FFFF00FFFF00FFFF00FFFF00B2
:1078E000FFFF00FFFF00FFFF00FFFF00FFFF00FFA3
:1078F000FF00FFFF00FFFF00FFFF00FFFF00FFFF93
:1079000000FFFF00FFFF00FFFF00FFFF00FFFF0081
:10791000FFFF00FFFF00FFFF00FFFF00FFFF00FF72
:10792000FF00FFFF00FFFF00FFFF00FFFF00FFFF62
:1079300000FFFF00FFFF00FFFF07DFFF0C1DDF2B35
:10794000D68CFF3474FF579DA4FFFF0BFFFF00FF91
:10795000FF00FFFF00FFFF00FFFF00FFFF00FFFF32
:1079600000FFFF00FFFF00DCD64B547CFFD26BFF13
:107970001374FF1374FF1374FFF26BFFD26BFF13CA
:1079800074FFDCDE2CFFFF00FFFF00FFFF00FFFFA6
:1079900000FFFF00FFFF00FFFF00F9BD50B163FFD4
:1079A000B163FF9063FF1274FFD58CFFFCDE28DF0C
:1079B000FF08FFFF00FFFF00FFFF00FFFF00FFFFCA
:1079C00000FFFF00FFFF00FFFF00FFFF00FFFF00C1
:1079D000FFFF00FFFF00FFFF00FFFF00FFFF00FFB2
:1079E000FF00FFFF00FFFF00FFFF00FFFF00FFFFA2
:1079F00000FFFF00FFFF00FFFF00FFFF00FFFF0091
:107A0000FFFF00FFFF00FFFF00FFFF00FFFF00FF81
:107A1000FF00FFFF00FFFF00FFFF00FFFF00FFFF71
:107A200000FFFF00FFFF00FFFF00FFFF00FFFF0060
:107A3000FFFF00FFFF00FFFF00FFFF00FFFF00FF51
:107A4000FF00FFFF00FFFF00FFFF00FFFF00FFFF41
:107A500000FFFF00FFFF00FFFF00FFFF00FFFF0030
:107A6000FFFF0C1ABE8CD68CFF9584FF547CFF332D
:107A700074FF547CFF98AD98FFFF07FFFF00FFFFE6
:107A800000FFFF00FFFF00FFFF00FFFF00FFFF0000
:107A9000FFFF04D8B5AB537CFFF26BFF1374FF13E9
:107AA00074FFF36BFFF26BFFD26BFBF273FF948CEE
:107AB000FFDFFF04FFFF00FFFF00FFFF00FFFF00ED
:107AC000FFFF005DE720737CFF705BFF705BFB9046
:107AD00063FFB163FFD16BFF1274FF7384FFDFFF9D
:107AE0000BFFFF00FFFF00FFFF00FFFF00FFFF0095
:107AF000FFFF00FFFF00FFFF00FFFF00FFFF00FF91
:107B0000FF00FFFF00FFFF00FFFF00FFFF00FFFF80
:107B100000FFFF00FFFF00FFFF00FFFF00FFFF006F
:107B2000FFFF00FFFF00FFFF00FFFF00FFFF00FF60
:107B3000FF00FFFF00FFFF00FFFF00FFFF00FFFF50
:107B400000FFFF00FFFF00FFFF00FFFF00FFFF003F
:107B5000FFFF00FFFF00FFFF00FFFF00FFFF00FF30
:107B6000FF00FFFF00FFFF00FFFF00FFFF00FFFF20
:107B700000FFFF00FFFF00FFFF00FFFF00FFFF000F
:107B8000FFFF00FFFF00FFFF00FFFF07B9ADB37568
:107B90007CFF1474FF3474FF547CFF547CFC13741A
:107BA000FF7584FF5EEF1BFFFF00FFFF00FFFF007C
:107BB000FFFF00FFFF00FFFF00FFFF00DFFF04F6F5
:107BC00094FF3374FFF26BFF1374FFF36BFFF36BDF
:107BD000FFF26BFFF26BFFF26BFF127CFFDFFF0423
:107BE000FFFF00FFFF00FFFF00FFFF00FFFF041685
:107BF0009DD7D16BFFB163FFB163FFB163FF9063AA
:107C0000FB705BFF4F5BFF9063FF5DEF23FFFF00A7
:107C1000FFFF00FFFF00FFFF00FFFF00FFFF00FF6F
:107C2000FF00FFFF00FFFF00FFFF00FFFF00FFFF5F
:107C300000FFFF00FFFF00FFFF00FFFF00FFFF004E
:107C4000FFFF00FFFF00FFFF00FFFF00FFFF00FF3F
:107C5000FF00FFFF00FFFF00FFFF00FFFF00FFFF2F
:107C600000FFFF00FFFF00FFFF00FFFF00FFFF001E
:107C7000FFFF00FFFF00FFFF00FFFF00FFFF00FF0F
:107C8000FF00FFFF00FFFF00FFFF00FFFF00FFFFFF
:107C900000FFFF00FFFF00FFFF00FFFF00FFFF00EE
:107CA000FFFF00FFFF00FFFF00FFFF00FFFF00FFDF
:107CB000FF00FFFF00BFF724D68CFF3474FF547C15
:107CC000FF547CFF547CFF547CFF3474FF547CFFD2
:107CD00098AD6BFFFF03FFFF00FFFF00FFFF00FFFA
:107CE000FF00FFFF00FFFF00FFFF039584FF3374D9
:107CF000FFF26BFF1374FF1374FFF373FFF26BFF5C
:107D0000F26BFFF26BFFF273FBDFFF04FFFF00FF7C
:107D1000FF00FFFF00FFFF009EF7103274FF705B53
:107D2000FFB163FFB163FFB163FFB163FFB163FFF5
:107D3000705BFF9063FF39BE67FFFF00FFFF00FF2E
:107D4000FF00FFFF00FFFF00FFFF00FFFF00FFFF3E
:107D500000FFFF00FFFF00FFFF00FFFF00FFFF002D
:107D6000FFFF00FFFF00FFFF00FFFF00FFFF00FF1E
:107D7000FF00FFFF00FFFF00FFFF00FFFF00FFFF0E
:107D800000FFFF00FFFF00FFFF00FFFF00FFFF00FD
:107D9000FFFF00FFFF00FFFF00FFFF00FFFF00FFEE
:107DA000FF00FFFF00FFFF00FFFF00FFFF00FFFFDE
:107DB00000FFFF00FFFF00FFFF00FFFF00FFFF00CD
:107DC000FFFF00FFFF00FFFF00FFFF00FFFF00FFBE
:107DD000FF00FFFF00FFFF00FFFF00FFFF00FFFFAE
:107DE00000FFFF0B1695C4547CFF547CFF757CFF8D
:107DF000547CFF547CFF547CFF3474FF547CFFFCA4
:107E0000DE2BFFFF00FFFF00FFFF00FFFF00FFFF73
:107E100000FFFF00DFFF08747CFF1374FF1374FF83
:107E20001374FF1374FF1374FF1274FFF26BFFD20D
:107E30006BFFF273FF5ACE40FFFF00FFFF00FFFF12
:107E400000FFFF00B8AD7CF26BFFB163FFD163FFB1
:107E5000B163FFB163FFB163FFB163FF905BFFB13B
:107E60006BFF159DD4FFFF03FFFF00FFFF00FFFF27
:107E700000FFFF00FFFF00FFFF00FFFF00FFFF000C
:107E8000FFFF00FFFF00FFFF00FFFF00FFFF00FFFD
:107E9000FF00FFFF00FFFF00FFFF00FFFF00FFFFED
:107EA00000FFFF00FFFF00FFFF00FFFF00FFFF00DC
:107EB000FFFF00FFFF00FFFF00FFFF00FFFF00FFCD
:107EC000FF00FFFF00FFFF00FFFF00FFFF00FFFFBD
:107ED00000FFFF00FFFF00FFFF00FFFF00FFFF00AC
:107EE000FFFF00FFFF00FFFF00FFFF00FFFF00FF9D
:107EF000FF00FFFF00FFFF00FFFF00FFFF00FFFF8D
:107F000000FFFF00FFFF00FFFF00FFFF00FFFF007B
:107F1000579DA3547CFF547CFF757CFF547CFF5419
:107F20007CFF547CFF547CFF1374FF169DBFDFFF62
:107F30000FFFFF00FFFF00FFFF00FFFF07DCDE2C4D
:107F400098A5833374FF1374FF1374FF1374FF1326
:107F500074FF1374FF136CFFF26BFFD26BFBD26BD9
:107F6000FF5384FF3AC647FFFF04FFFF00BBD63034
:107F70001274FFB163FFD16BFBD16BFFB163FFB133
:107F800063FFB163FFB163FF9063FBD16BFFF59CAF
:107F9000DCFFFF00FFFF00FFFF00FFFF00FFFF000F
:107FA000FFFF00FFFF00FFFF00FFFF00FFFF00FFDC
:107FB000FF00FFFF00FFFF00FFFF00FFFF00FFFFCC
:107FC00000FFFF00FFFF00FFFF00FFFF00FFFF00BB
:107FD000FFFF00FFFF00FFFF00FFFF00FFFF00FFAC
:107FE000FF00FFFF00FFFF00FFFF00FFFF00FFFF9C
:107FF00000FFFF00FFFF00FFFF00FFFF00FFFF008B
:10800000FFFF00FFFF00FFFF00FFFF00FFFF00FF7B
:10801000FF00FFFF00FFFF00FFFF00FFFF00FFFF6B
:1080200000FFFF00FFFF00FFFF00FFFF00FFFF005A
:10803000FFFF00FFFF00FFFF00FFFF00579DBB5445
:108040007CFF547CFC757CFF747CFF547CFF547C6B
:10805000FF547CFF3474FF547CFF379DA87BC63BE4
:108060005AC6341ABE4F77A5ACB584FF3374FF13DC
:1080700074FB1374FB1374FF1374FF1374FF1374F6
:10808000FFF273FFF26BFFF26BFFF26BF7D26BFF45
:10809000537CFF369DA8D8B5589484FFB163FFB1D7
:1080A00063FBD16BFFD16BFFB163FFB163FFB163C2
:1080B000FFB163FF9063FFD173FF35A5C7FFFF00DA
:1080C000FFFF00FFFF00FFFF00FFFF00FFFF00FFBB
:1080D000FF00FFFF00FFFF00FFFF00FFFF00FFFFAB
:1080E00000FFFF00FFFF00FFFF00FFFF00FFFF009A
:1080F000FFFF00FFFF00FFFF00FFFF00FFFF00FF8B
:10810000FF00FFFF00FFFF00FFFF00FFFF00FFFF7A
:1081100000FFFF00FFFF00FFFF00FFFF00FFFF0069
:10812000FFFF00FFFF00FFFF00FFFF00FFFF00FF5A
:10813000FF00FFFF00FFFF00FFFF00FFFF00FFFF4A
:1081400000FFFF00FFFF00FFFF00FFFF00FFFF0039
:10815000FFFF00FFFF00FFFF00FFFF00FFFF00FF2A
:10816000FF00FFFF00FFFF001ABE7F9584FF547CD5
:10817000FF757CFF747CFF547CFF547CFF547CFFB4
:10818000547CFB3474F73374FF347CFF547CFF332E
:1081900074FF136CFF1374F71374F71374FF1374E5
:1081A000FF1374FF1374FF1374FF1374FFF273FF54
:1081B000F273FFF26BFFF26BFFD26BFBD26BF3B18A
:1081C00063FFD16BFFB163FFD16BF7D16BFFD16B55
:1081D000FFB16BFFB163FFB163FFB163FFB163FF39
:1081E0009063FFD073FFBBD63CFFFF00FFFF00FF93
:1081F000FF00FFFF00FFFF00FFFF00FFFF00FFFF8A
:1082000000FFFF00FFFF00FFFF00FFFF00FFFF0078
:10821000FFFF00FFFF00FFFF00FFFF00FFFF00FF69
:10822000FF00FFFF00FFFF00FFFF00FFFF00FFFF59
:1082300000FFFF00FFFF00FFFF00FFFF00FFFF0048
:10824000FFFF00FFFF00FFFF00FFFF00FFFF00FF39
:10825000FF00FFFF00FFFF00FFFF00FFFF00FFFF29
:1082600000FFFF00FFFF00FFFF00FFFF00FFFF0018
:10827000FFFF00FFFF00FFFF00FFFF00FFFF00FF09
:10828000FF00FFFF00FFFF00FFFF00FFFF00FFFFF9
:1082900000FFFF00DFFF081795DB747CFF547CFFB5
:1082A000757CFF547CFF547CFF547CFF547CFF544E
:1082B0007CFF3474F71374F33374F03374F3137472
:1082C000F71374FF3374FF1374FF1374FF1374FFF9
:1082D0001374FF1374FF1374FFF26BFFF26BFFF262
:1082E0006BFFF26BFFD26BFFD26BFFD26BF7B16B00
:1082F000F3D16BFFD26BFFD16BFFD16BFFB163FF8B
:10830000B163FFB163FFB163FFB163FFB063FFB05F
:1083100073E4FFFF03FFFF00FFFF00FFFF00FFFF0D
:1083200000FFFF00FFFF00FFFF00FFFF005DE717FA
:10833000F59494FCDE2FFFFF03FFFF00FFFF00FF1B
:10834000FF00FFFF00FFFF00FFFF00FFFF00FFFF38
:1083500000FFFF00FFFF00FFFF00FFFF00FFFF0027
:10836000FFFF00FFFF00FFFF00FFFF00FFFF00FF18
:10837000FF00FFFF00FFFF00FFFF00FFFF00FFFF08
:1083800000FFFF00FFFF00FFFF00FFFF00FFFF00F7
:10839000FFFF00FFFF00FFFF00FFFF00FFFF043DA6
:1083A000E74BBFF71CFFFF00FFFF00FFFF00FFFFD1
:1083B00000FFFF00FFFF00FFFF00FFFF00FFFF00C7
:1083C000FFFF00FAB588757CFF547CFF557CFF5495
:1083D0007CFF547CFF547CFF547CFF547CFF547C16
:1083E000FF547CFF3474FF3374FF3374FF3374FF26
:1083F0003374FF1374FF1374FF1374FF1374FF13AC
:1084000074FF1374FFF26BFFF26BFFF26BFFF26B02
:10841000FFD26BFFD26BFFF26BFFD26BFFD26BFF11
:10842000D26BFFD16BFFD16BFFB163FFB163FFB1C3
:1084300063FFB163FFB163FFB063FFD073ECFFFF75
:1084400003FFFF00FFFF00FFFF00FFFF00FFFF0033
:10845000FFFF009EF70F57A587F273E7B163FFF1A7
:108460006BFF569D93FFFF04FFFF00FFFF00FFFF20
:1084700000FFFF00FFFF00FFFF00FFFF00FFFF0006
:10848000FFFF00FFFF00FFFF00FFFF00FFFF00FFF7
:10849000FF00FFFF00FFFF00FFFF00FFFF00FFFFE7
:1084A00000FFFF00FFFF00FFFF00FFFF00FFFF00D6
:1084B000FFFF00FFFF00FFFF00FFFF00FFFF00FFC7
:1084C000FF00FFFF00FFFF0799ADAF1795FF389D35
:1084D000FF1DE730FFFF00FFFF00FFFF00FFFF0071
:1084E000FFFF00FFFF00FFFF00FFFF00FFFF073758
:1084F0009DD3757CFF547CFF547CFF547CFF547CDF
:10850000FF547CFF547CFF547CFF547CFF3474FF89
:108510003374FF3374FF3374FF3374FF3374FF130A
:1085200074FF1374FF1374FF1374FF1374FF137439
:10853000FFF26BFFF26BFFF26BFFF26BFFF26BFF70
:10854000D26BFFD26BFFD26BFFD26BFFD26BFFD12E
:108550006BFFD16BFFB163FFB163FFB163FFB16329
:10856000FFB163FF9063FFD16BFF56A587FFFF004C
:10857000FFFF00FFFF00FFFF00FFFF00BFF70BD56D
:1085800094F4D16BFF4F5BFF705BDC0E53FFB06365
:10859000FFF594B0FFFF04FFFF00FFFF00FFFF00A7
:1085A000FFFF00FFFF00FFFF00FFFF00FFFF00FFD6
:1085B000FF00FFFF00FFFF00FFFF00FFFF00FFFFC6
:1085C00000FFFF00FFFF00FFFF00FFFF00FFFF00B5
:1085D000FFFF00FFFF00FFFF00FFFF00FFFF00FFA6
:1085E000FF00FFFF00FFFF00FFFF00FFFF00FFFF96
:1085F00008589DCCB68CFF757CFF757CFFB68CFF50
:108600009BCE4BFFFF03FFFF00FFFF00FFFF00FFBC
:10861000FF00FFFF00FFFF0798A588757CFF757CB2
:10862000FF757CFF547CFF547CFF547CFF547CFF1F
:10863000547CFF547CFF547CFF5474FF3474FF342B
:1086400074FF3474FF3374FF1374FF1374FF1374D7
:10865000FF1374FF1374FF1374FF1374FFF26BFFA7
:10866000F26BFFF26BFFF26BFFF26BFFF26BFFF24C
:108670006BFFF26BFFD26BFFD26BFFD16BFFD16B45
:10868000FFB163FFB163FFB163FFB163FFB163FF8C
:10869000B163F79063FF1274FF369D83FFFF03FF02
:1086A000FF00FFFF007EEF0C537CFF9063FF4F53F2
:1086B000FB705BFF705BFF705BF72F53FF9063FFF6
:1086C000948CBFDFFF07FFFF00FFFF00FFFF00FFED
:1086D000FF00FFFF00FFFF00FFFF00FFFF00FFFFA5
:1086E00000FFFF00FFFF00FFFF00FFFF00FFFF0094
:1086F000FFFF00FFFF00FFFF00FFFF00FFFF00FF85
:10870000FF00FFFF00FFFF00FFFF00FFFF00FFFF74
:1087100000FFFF00FFFF00FFFF0878A5C8D68CFF11
:108720009684FF9684F87584F8757CFFB684FFB94B
:10873000ADBBBFF718FFFF00FFFF00FFFF03F9B558
:1087400078B68CFF757CFF757CFF757CF8757CFFB7
:10875000547CFF547CFF547CFF547CFF547CFF54BA
:108760007CFF547CFF547CFF3474FF3374FF3374FC
:10877000FF1374FFF26BFFD26BFF1374FF1374FFD0
:108780001374FF1374FF1374FF1374FFF26BFFD2A3
:108790006BFFB163FFB16BFFD26BFFD26BFFD26B8C
:1087A000FFD26BFFD26BFFD26BFFD16BFFD16BFFA0
:1087B000D16BFFB163FFB163FFB163FFB163FF90A2
:1087C00063F79063FFB163FFF273FF39BE6BFCDEAA
:1087D0002CF173F79063FF4F53FF705BFB905BFFCF
:1087E000705BFF705BFF6F5BF70E53FF9063FF15CD
:1087F0009DA7FFFF00FFFF00FFFF00FFFF00FFFF3F
:1088000000FFFF00FFFF00FFFF00FFFF00FFFF0072
:10881000FFFF00FFFF00FFFF00FFFF00FFFF00FF63
:10882000FF00FFFF00FFFF00FFFF00FFFF00FFFF53
:1088300000FFFF00FFFF00FFFF00FFFF00FFFF0042
:10884000FFFF00B9AD9FD68CFF9684FFB684F8B6C3
:1088500084FF9684FF9684F8757CFFB684FF58A544
:10886000E77EEF20DFFF07D9B577B68CFF757CFF79
:10887000757CFF7584F8757CFF757CFF557CFF5413
:108880007CFF547CFF547CFF547CFF547CFF547C61
:10889000FF1374FFF26BFFB163FF705BFF4F5BFF71
:1088A0002E53FF6F5BFFF26BFF1374FF1374FF1304
:1088B00074FF1374FF1374FFF26BFFB163FF4F5B20
:1088C000FF2E53FF4F5BFF6F5BFF9063FFB163FFB2
:1088D000B163FFD26BFFD26BFFD16BFFB163FFB10E
:1088E00063FFB163FFB163FFB163FFB163FF9063E7
:1088F000F7705BFF705BFF1274FF1274FF705BFF19
:108900004F5BFF705BFB705BFF705BFF705BFF702A
:108910005BFF705BFF4F53F72F53FF537CE3FFFF69
:1089200000FFFF00FFFF00FFFF00FFFF00FFFF0051
:10893000FFFF00FFFF00FFFF00FFFF00FFFF00FF42
:10894000FF00FFFF00FFFF00FFFF00FFFF00FFFF32
:1089500000FFFF00FFFF00FFFF00FFFF00FFFF0021
:10896000FFFF00FFFF00FFFF00FFFF00FFFF0817F2
:1089700095D79684FF9684F8B684FF9684FF9684F4
:10898000FF9684FF9684FC757CFF9584FF9584FF99
:108990009584FF9584FF757CFF757CF8757CFF7569
:1089A0007CFF757CFF757CFF547CFF757CFF757CBC
:1089B000FF547CFF3374FFF26BFFB163FF9063FFE2
:1089C0006F5BFF2E53FFED4AFFED4AFFED4AFF2E8E
:1089D00053FFD26BFF1374FF1374FF1374FF1374F0
:1089E000FF1374FFF26BFF905BFF0E4BFFED4AFF2E
:1089F000ED4AFF0E4BFF2E53FF4F53FF6F5BFF708F
:108A00005BFF9163FFB163FFD16BFFB163FFB163A4
:108A1000FFB163FFB163FF9063FF9063FF9063FF5B
:108A2000705BFB4F5BFF705BFF705BFF705BFB700D
:108A30005BFF705BFF705BFF705BFF705BFF705BE9
:108A4000FF4F53FF6F5BFF938CB8FFFF00FFFF00EA
:108A5000FFFF00FFFF00FFFF00FFFF00FFFF00FF21
:108A6000FF00FFFF00FFFF00FFFF00FFFF00FFFF11
:108A700000FFFF00FFFF00FFFF00FFFF00FFFF0000
:108A8000FFFF00FFFF00FFFF00FFFF00FFFF00FFF1
:108A9000FF00FFFF00FFFF00FFFF071795C4757C75
:108AA000FF9684FC9684FF9684FF9684FF9684FF4D
:108AB0009684FF9584FC9584FF9584FF9584FF75CB
:108AC0007CFF757CFB7584FF757CFF757CFF757C76
:108AD000FF757CFF757CFF547CFF3374FFF26BFFE6
:108AE0009063FF2F53FF0D4BFF0D4BFF0E4BFF0EFF
:108AF0004BFF0E4BFF0E4BFFED4AFF2E53FFD26B89
:108B0000FF1374FF1374FF1374FF1374FF1374FFC8
:108B1000F26BFF9063FF2E53FFED4AFFED4AFF0D0E
:108B20004BFF0D4BFF0E4BFF0E4BFF0E53FF2F5312
:108B3000FF705BFFB163FFB163FFB163FFB163FF20
:108B4000B163FF9063FF9063FF9063FF9063FF70DA
:108B50005BFF705BFF905BFF705BFF705BFF705BA8
:108B6000FF705BFF705BFF705BFF6F5BFF2F53FF5E
:108B7000906BFF15A5BBFFFF00FFFF00FFFF00FF8D
:108B8000FF00FFFF00FFFF00FFFF00FFFF00FFFFF0
:108B900000FFFF00FFFF00FFFF00FFFF00FFFF00DF
:108BA000FFFF00FFFF00FFFF00FFFF00FFFF00FFD0
:108BB000FF00FFFF00FFFF00FFFF00FFFF00FFFFC0
:108BC00000FFFF00FFFF003BC66FB684FF757CFF10
:108BD0009684FC9684FF9684FF9684FF9584FF9587
:108BE00084FF9584FF9584FF9584FF757CFF7584D1
:108BF000FF7584FF757CFF757CFF757CFF757CFFBE
:108C0000547CFFF26BFF705BFF2E53FF0E53FF0E81
:108C10004BFFED4AFF0D4BFF0D4BFF0E4BFF0E536D
:108C2000FF0E53FFED4AFF2F53FFD26BFF1374FF6C
:108C30001374FF1374FF1374FF1374FFF26BFF9030
:108C400063FF2E53FFED4AFFED4AFFED4AFFED4A69
:108C5000FF0D4BFF0D4BFF0E53FF2E53FF2E53FF07
:108C60004F5BFF705BFF9063FFB163FFB163FF90E9
:108C700063FF9063FF9063FF9063FF9063FF9063D7
:108C8000FF705BFF705BFF705BFF705BFF705BFFF3
:108C9000705BFF705BFF4F5BFF4F5BFFD07BFFFCA8
:108CA000E628FFFF00FFFF00FFFF00FFFF00FFFFC0
:108CB00000FFFF00FFFF00FFFF00FFFF00FFFF00BE
:108CC000FFFF00FFFF00FFFF00FFFF00FFFF00FFAF
:108CD000FF00FFFF00FFFF00FFFF00FFFF00FFFF9F
:108CE00000FFFF00FFFF00FFFF00FFFF00FFFF008E
:108CF000FFFF00FFFF0BFAB58F757CFF757CFF96B9
:108D000084FC9684FF9684FF9584FF9584FF958468
:108D1000FF9584FF9584FF957CFF757CFF757CFF34
:108D2000757CFF9584FF757CFF1374FF9163FF4F83
:108D300053FF0E53FFED4AFFED4AFF0E4BFF0E535C
:108D4000FF0E53FF0E4BFFED4AFFED4AFF0E53FFA0
:108D50004E63FF8F6BFFD26BFB1374FB1374FF1317
:108D600074FF1374FF1374FFD26BFF2F5BFBCC4AAD
:108D7000FFED52FF6F5BFF4E5BFFED4AFFCD42FF01
:108D8000ED4AFF0E53FF2E53FF2E53FF2E53FF4F7E
:108D90005BFF4F5BFF705BFF9063FFB163FFB163ED
:108DA000FF9063FF9063FF9063FF9063FF705BFF32
:108DB000705BFF705BFF705BFF705BFF705BFF7051
:108DC0005BFF2F53FF6F6BFFD49CD3FFFF03FFFFAD
:108DD00000FFFF00FFFF00FFFF00FFFF00FFFF009D
:108DE000FFFF00FFFF00FFFF00FFFF00FFFF00FF8E
:108DF000FF00FFFF00FFFF00FFFF00FFFF00FFFF7E
:108E000000FFFF00FFFF00FFFF00FFFF00FFFF006C
:108E1000FFFF00FFFF00FFFF00FFFF00FFFF00FF5D
:108E2000FF00FFFF0BD9B58F7584FF757CFF96841B
:108E3000FF9584FF9584FF9584FF9584FF9584FFBB
:108E40009584FF7584FF9584FF9584FF9584FF5476
:108E50007CFFF26BFF6F5BFF0D4BFFED4AFF0D4B8D
:108E6000FF0E53FF0E4BFF0D4BFFED4AFFED52FF80
:108E70000E5BFF8F6BFF5284FF159D97DBDE13396E
:108E8000C62B537CFF1374FF1374FF1374FF13740A
:108E9000FF1374FFB16BFB0E5BFF4E6BFF55AD63B1
:108EA000BBD618BBD614F8BD307384FFD16BFF2E30
:108EB00053FFEE4AFF0E53FF2F53FB4F5BFF4F5BF9
:108EC000FF4F5BFF705BFF9063FFB163FF9063FF39
:108ED0009063FF9063FF9063FF705BFF705BFF70B8
:108EE0005BFF705BFF705BFF705BFF4F5BFB2E5B9C
:108EF000FFB07BFF1CE71CFFFF00FFFF00FFFF0030
:108F0000FFFF00FFFF00FFFF00FFFF00FFFF00FF6C
:108F1000FF00FFFF00FFFF00FFFF00FFFF00FFFF5C
:108F200000FFFF00FFFF00FFFF00FFFF00FFFF004B
:108F3000FFFF00FFFF00FFFF00FFFF00FFFF00FF3C
:108F4000FF00FFFF00FFFF00FFFF00FFFF00FFFF2C
:108F500000DFFF13F78CFF9584FF9584FC9584FF59
:108F60009584FF9584FF9584FF9584FF757CFF951C
:108F700084FF9584FF9584FF547CFFB163FF2E53DB
:108F8000FF0D4BFF0D4BFF0E4BFF0E53FF0E4BFB28
:108F90000E53FF0E53FF4E63FFD073FF528CFF7AC8
:108FA000D6287EF70FFFFF04FFFF00FFFF00F694B7
:108FB000FF1374FFF26BFF1374FF1374FF1374FF3E
:108FC0009163FF906BFF35A5B3FFFF03FFFF00FF29
:108FD000FF00FFFF00DFFF077ACE377384FFB06B1F
:108FE000FF4F5BFF2F53FF2F53FF4F5BFB4F5BFF89
:108FF0006F5BFF705BFF9063FF9063FF9063FF9078
:1090000063FF9063FF705BFF705BFF705BFF705BE3
:10901000FF705BFF705BFF0E53FF4F6BFF35AD9C26
:10902000FFFF00FFFF00FFFF00FFFF00FFFF00FF4B
:10903000FF00FFFF00FFFF00FFFF00FFFF00FFFF3B
:1090400000FFFF00FFFF00FFFF00FFFF00FFFF002A
:10905000FFFF00FFFF00FFFF00FFFF00FFFF00FF1B
:10906000FF00FFFF00FFFF00FFFF00FFFF00FFFF0B
:1090700000FFFF00FFFF00FFFF00FFFF00FFFF00FA
:109080003DE728F794FF957CFF9584FF9584FF9535
:1090900084FF9584FF9584FF9584FF9584FF9584D4
:1090A000FF3374FF9063FF0E53FF0D4BFF0D4BFF1B
:1090B0000E53FF0E53FF0E4BFBEE52FF2E63FFF0DD
:1090C0007BFFD8BD545DEF0F9EF70BFFFF00FFFF46
:1090D00000FFFF00FFFF00DFFF041695FF1374FF82
:1090E000F26BFF1374FF1374FF136CFFB163FFD1B6
:1090F00073FF5DEF13FFFF00FFFF00FFFF00FFFFA7
:1091000000FFFF00FFFF009EF70C7EEF0B97AD4FB7
:10911000B16BFF4F53FF4F53FF6F5BFB705BFF70F3
:109120005BFF705BFF7063FF9063FF9063FF906372
:10913000FF705BFF705BFF705BFF705BFF705BFF3E
:10914000705BFF2E53FFF17BFF9EF70FFFFF00FFC9
:10915000FF00FFFF00FFFF00FFFF00FFFF00FFFF1A
:1091600000FFFF00FFFF00FFFF00FFFF00FFFF0009
:10917000FFFF00FFFF00FFFF00FFFF00FFFF00FFFA
:10918000FF00FFFF00FFFF00FFFF00FFFF00FFFFEA
:1091900000FFFF00FFFF00FFFF00FFFF00FFFF00D9
:1091A000FFFF00FFFF00FFFF00FFFF00FFFF0CF6C7
:1091B00094FF757CFF757CFF9584FF9584FF757C1B
:1091C000FF9584FF9584FF9584FF3374FF905BFFC8
:1091D0000E4BFFED4AFF0E53FF0E53FF0E4BFBED00
:1091E0004AFF2E5BFFB073FFB7B540BEF707FFFF26
:1091F00000FFFF00FFFF00FFFF00FFFF00FFFF0079
:10920000FFFF00DFFF04F694FF1374FFF26BFFF320
:109210006BFFF36BFFF26BFFB16BFFD173FFDFFFEF
:1092200003FFFF00FFFF00FFFF00FFFF00FFFF0045
:10923000FFFF00FFFF00FFFF00FFFF007EEF08774A
:10924000AD5FF16BFF2F53FF4F5BFF705BFB705BFC
:10925000FF7063FF9063FF9063FF9063FF705BFF9D
:10926000705BFF705BFF705BFF705BFF6F5BFF2FDE
:1092700053FF1274FF9EF70FFFFF00FFFF00FFFF79
:1092800000FFFF00FFFF00FFFF00FFFF00FFFF00E8
:10929000FFFF00FFFF00FFFF00FFFF00FFFF00FFD9
:1092A000FF00FFFF00FFFF00FFFF00FFFF00FFFFC9
:1092B00000FFFF00FFFF00FFFF00FFFF00FFFF00B8
:1092C000FFFF00FFFF00FFFF00FFFF00FFFF00FFA9
:1092D000FF00FFFF00FFFF03D9AD9FB584FF757C42
:1092E000FF9584FF9584FF757CFF757CFF9584FF57
:1092F0009584FF1374FF705BFF0E4BFF0D4BFF0E49
:1093000053FF0E53FF0E4BF70D53FF6F63FF318C6E
:10931000FF18C644FFFF00FFFF00FFFF00FFFF0034
:10932000FFFF00FFFF00FFFF00FFFF00FFFF00DF68
:10933000FF041695FF1374FFF26BFF136CFF136CA1
:10934000FFF26BFFD16BFFF173FFBFF704FFFF006C
:10935000FFFF00FFFF00FFFF00FFFF00FFFF00FF18
:10936000FF00FFFF00FFFF00FFFF00FFFF00D8B579
:10937000603274FF705BFF705BFF9063F79063FF78
:109380009063FF9063FF9063FF705BFF705BFF7003
:109390005BFF705BFF705BFF705BFF4F53FFB06361
:1093A000FF159DB3FFFF00FFFF00FFFF00FFFF0061
:1093B000FFFF00FFFF00FFFF00FFFF00FFFF00FFB8
:1093C000FF00FFFF00FFFF00FFFF00FFFF00FFFFA8
:1093D00000FFFF00FFFF00FFFF00FFFF00FFFF0097
:1093E000FFFF00FFFF00FFFF00FFFF00FFFF00FF88
:1093F000FF00FFFF00FFFF00FFFF00FFFF00FFFF78
:1094000000BFF718B68CFF757CFF757CFC757CFF80
:10941000757CFF757CFF9584FF9584FF3374FF7026
:109420005BFF0D4BFF0D4BFF0E53FF2E53FF0E4BFB
:10943000F40E53FF8F6BFF35AD88BEF70FFFFF00B3
:10944000FFFF00FFFF00FFFF00FFFF00FFFF00FF27
:10945000FF00FFFF00FFFF00FFFF00DFFF04169586
:10946000FF1374FFF26BFF136CFF136CFFF26BFFC3
:10947000D16BFFF17BFFBFF704FFFF00FFFF00FF91
:10948000FF00FFFF00FFFF00FFFF00FFFF00FFFFE7
:1094900000FFFF00FFFF00FFFF00FFFF005DEF1F69
:1094A0009484C09063FF9063FF9063F7B163FFB152
:1094B00063FF9063FF705BFF705BFF705BFF705B2F
:1094C000FF705BFF705BFF6F5BFB2F53FF9063FFD1
:1094D0009EF70BFFFF00FFFF00FFFF00FFFF039B56
:1094E000CE44F5947C738470327C87DCDE20FFFFF1
:1094F00000FFFF00FFFF00FFFF00FFFF00FFFF0076
:10950000FFFF00FFFF00FFFF00FFFF00FFFF00FF66
:10951000FF00FFFF0BFFFF0BFFFF00FFFF00FFFF40
:1095200000FFFF00FFFF00FFFF00FFFF04379DB0BB
:10953000757CFF757CFF757CFF757CFF757CFF95E6
:1095400084FF9584FF3474FF905BFF0E4BFF0D4B3F
:10955000FF0E53FF2E53FF0E53F4ED52FFF07BFF2F
:10956000F8C54FFFFF00FFFF00FFFF00FFFF00FFF8
:10957000FF00FFFF00FFFF00FFFF00FFFF00FFFFF6
:1095800000FFFF00FFFF00DFFF041695FF1374FFCD
:10959000F26BFF1374FFF273FFF26BFFD16BFFF1FD
:1095A0007BFFBFFF04FFFF00FFFF00FFFF00FFFF87
:1095B00000FFFF00FFFF00FFFF00FFFF00FFFF00B5
:1095C000FFFF00FFFF00FFFF00FFFF00FFFF00366F
:1095D0009D70F26BFF705BFFB163F7D163FFD163E6
:1095E000FFB163FF705BFF705BFF705BFF705BFF41
:1095F000705BFF705BFF2F53FF4F53FB9384AC777F
:10960000AD8097AD80369D78B48C9B1174FF7063EC
:10961000FF2E53FF0E4BFF1274FF9EF713FFFF0048
:10962000FFFF00FFFF00FFFF00FFFF00FFFF00FF45
:10963000FF00FFFF00FFFF00FFFF005EEF23F69437
:10964000F31795E89BCE64FFFF0BFFFF00FFFF03BE
:10965000FFFF00FFFF04B9AD94757CFF757CFF959B
:1096600084FC757CFF757CFF757CFF9584FF5474CA
:10967000FFB063FF0E53FFED4AFF0E53FF2E53FF63
:10968000ED4AF40D5BFFF083FFF8C554FFFF00FFC8
:10969000FF00FFFF00FFFF00FFFF00FFFF00FFFFD5
:1096A00000FFFF00FFFF00FFFF00FFFF00FFFF00C4
:1096B000FFFF00DFFF041695FF1374FFF26BFF132B
:1096C0006CFFF26BFFF26BFFB16BFFF17BFFBFFF33
:1096D00004FFFF00FFFF00FFFF00FFFF00FFFF0090
:1096E000FFFF00FFFF00FFFF00FFFF00FFFF00FF85
:1096F000FF00FFFF00FFFF00FFFF00FFFF0077A557
:1097000077F273FF9163FFB163F7D26BFFD16BFF09
:109710009163FF705BFF705BFF705BFF705BFF70BE
:109720005BFF4F5BFB4F5BFF6F5BFFB063FFB063A3
:10973000FF6F5BFF0E53FF0E4BF72F53E74F5BE8B6
:109740002E53E74F5BFF9384FFDFFF07FFFF00FF10
:10975000FF00FFFF00FFFF00FFFF00FFFF00FFFF14
:1097600000FFFF00DFFF10B68CFF547CFF757CFF0D
:109770009584FF9584E39584CC1795CFD9B5AC78C3
:10978000A5D4D68CFF757CFF757CF8757CFF757C45
:10979000FF757CFF757CFF547CFFD163FF0E53FF88
:1097A000ED4AFF0E53FF2E53FF0E53F4ED52FFF11F
:1097B00083FF19CE4FFFFF00FFFF00FFFF00FFFFF9
:1097C00000FFFF00FFFF00FFFF00FFFF00FFFF00A3
:1097D000FFFF00FFFF00FFFF00FFFF00FFFF00DFB4
:1097E000FF041695FF1374FFF26BFFF26BFFF26B31
:1097F000FFF26BFFB16BFFF17BFFBFFF04FFFF00C8
:10980000FFFF00FFFF00FFFF00FFFF00FFFF00FF63
:10981000FF00FFFF00FFFF00FFFF00FFFF00FFFF53
:1098200000FFFF00FFFF00FFFF00FFFF0057A577CD
:109830001274FFD16BFFD26BF7D26BFFD26BFF902C
:1098400063FF705BFF705BFF705BFF6F5BFF4F5BE5
:10985000FF4F5BFF4F53FF2E53FF0E53FF0E53FF7F
:109860000E53FF2E53FF2F53FF2F53FF2F53FFEDA8
:109870004AFFD06BFF3DE718FFFF00FFFF00FFFF2F
:1098800000FFFF00FFFF00FFFF00FFFF00FFFF00E2
:10989000BCD6509584FF3474FF547CF8547CFF543C
:1098A0007CFF547CFF7584FFB584FF9584FF757C35
:1098B000FF757CF8757CFF757CFF757CFF7584FFF8
:1098C000757CFFF26BFF2F53FF0D4BFF0E53FF2EE6
:1098D00053FF0E4BF80D53FFF07BFF39CE50FFFFC7
:1098E00000FFFF00FFFF00FFFF00FFFF00FFFF0082
:1098F000FFFF00FFFF00FFFF00FFFF00FFFF00FF73
:10990000FF00FFFF00FFFF00FFFF00DFFF04F694F2
:10991000FF1374FFF26BFFF26BFFF26BFFF26BFF52
:10992000B16BFFF17BFFBFFF04FFFF00FFFF00FFF4
:10993000FF00FFFF00FFFF00FFFF00FFFF00FFFF32
:1099400000FFFF00FFFF00FFFF00FFFF00FFFF0021
:10995000FFFF00FFFF00FFFF00FFFF0057A574F2AD
:1099600073FFD16BFFF26BFFF26BFFD16BFF906364
:10997000FF705BFF6F5BFF4F5BFF4F5BFF4F5BFF5A
:109980004F5BFF4F5BFF4F5BFF4F5BFF4F5BFF2F5B
:1099900053FF2F53FF2F53FF2F53FFEE4AFF4F5319
:1099A000FF97AD88FFFF04FFFF00FFFF00FFFF00F0
:1099B000FFFF00FFFF00FFFF00BFF710B58CFF5453
:1099C0007CFF547CFF757CFF757CFF757CFF757C8C
:1099D000FF547CFF547CFF547CFF747CFF757CFF3C
:1099E000757CFF757CFF757CFF757CFF3474FF70A0
:1099F0005BFFED4AFF0E53FF2E53FF0E4BFC0D5342
:109A0000FF8F73FFF8C557FFFF00FFFF00FFFF0048
:109A1000FFFF00FFFF00FFFF00FFFF00FFFF00FF51
:109A2000FF00FFFF00FFFF00FFFF00FFFF00FFFF41
:109A300000FFFF00FFFF00DFFF041695FF1374FF18
:109A4000F26BFFF26BFFF26BFFF26BFFB16BFFF19A
:109A50007BFFBFFF04FFFF00FFFF00FFFF00FFFFD2
:109A600000FFFF00FFFF00FFFF00FFFF00FFFF0000
:109A7000FFFF00FFFF00FFFF00FFFF00FFFF00FFF1
:109A8000FF00FFFF00FFFF00FFFF03B58CF3B26391
:109A9000FFF26BFF1374FFF273FFD16BFF705BFF7C
:109AA0004F5BFF4F5BFF4F5BFF4F5BFF4F5BFF4F1A
:109AB0005BFF4F5BFF4F5BFF2F5BFF2F53FF2F536E
:109AC000FF2F53FF2F53FF0E53FF2E53FFF16BFF5A
:109AD0009EF70BFFFF00FFFF00FFFF00FFFF00FFEF
:109AE000FF00FFFF007EEF1F3474FF3474FF547CCF
:109AF000FF747CFF757CFF757CFF757CFF557CFFD8
:109B0000747CFF757CFF757CFF757CFF757CFF5452
:109B10007CFF757CFF547CFFB163FF2E53FF0D4B20
:109B2000FF2E53FF2E53FFED4AFF4E6BFF35AD87DF
:109B3000FFFF00FFFF00FFFF00FFFF00FFFF00FF30
:109B4000FF00FFFF00FFFF00FFFF00FFFF00FFFF20
:109B500000FFFF00FFFF00FFFF00FFFF00FFFF000F
:109B6000FFFF00DFFF04F694FF1374FFF26BFFF2B8
:109B70006BFFF26BFFF26BFFB16BFFF173FFBFF78F
:109B800004FFFF00FFFF00FFFF00FFFF00FFFF00DB
:109B9000FFFF00FFFF00FFFF00FFFF00FFFF00FFD0
:109BA000FF00FFFF00FFFF00FFFF00FFFF00FFFFC0
:109BB00000FFFF00FFFF00FCDE2F9484FFF26BFF2D
:109BC000F26BFB1374FFF26BFF9163FF705BFF4F4F
:109BD0005BFF4F5BFF4F5BFF4F5BFF4F5BFF4F5BDD
:109BE000FF4F5BFF2F5BFF2F53FF2E53FF2E53FFC3
:109BF0002E53FF2E53FF0E53FF4F5BFF7EEF0BFFE5
:109C0000FF00FFFF00FFFF00FFFF00FFFF00FFFF5F
:109C1000045AC67B3474FF3474FF547CFF547CFFB9
:109C2000547CFF547CFF547CFF547CFF547CFF75B4
:109C30007CFF747CFF547CFF547CFF547CFF757C5C
:109C4000FF1374FF2F53FF0D4BFF0E53FF2E53FFD7
:109C50000E4BFF2E63FF7294FFDFFF0FFFFF00FF2D
:109C6000FF00FFFF00FFFF00FFFF00FFFF00FFFFFF
:109C700000FFFF00FFFF00FFFF00FFFF00FFFF00EE
:109C8000FFFF00FFFF00FFFF00FFFF00FFFF00DFFF
:109C9000FF041695FF1374FFD26BFFF26BFFF26B9C
:109CA000FFF26BFFB16BFFF173FFBFFF04FFFF001B
:109CB000FFFF00FFFF00FFFF00FFFF00FFFF00FFAF
:109CC000FF00FFFF00FFFF00FFFF00FFFF00FFFF9F
:109CD00000FFFF00FFFF00FFFF00FFFF00FFFF008E
:109CE000FFFF00FFFF005AC6441374FFF26BFF131F
:109CF00074FF1374FFF26BFF705BFF4F5BFF4F5BF2
:109D0000FF4F5BFF4F5BFF4F5BFF4F5BFF2F53FF2F
:109D10002F53FF2F53FF2F53FF2E53FF2E53FF0EB2
:109D20004BFF2E53FF5284FFBEF70BFFFF00FFFFD8
:109D300000FFFF00FFFF00FFFF00FFFF033AC678B0
:109D40003474FF3474FF547CFF547CFF547CFF5404
:109D50007CFF547CFF547CFF547CFF547CFF547C7C
:109D6000FF547CFF547CFF747CFF5474FFB163FF8D
:109D70000E53FF0D4BFF2E53FF0E4BFC0E53FF11E6
:109D800084FFFCE637FFFF00FFFF00FFFF00FFFF3F
:109D900000FFFF00FFFF00FFFF00FFFF00FFFF00CD
:109DA000FFFF00FFFF00FFFF00FFFF00FFFF00FFBE
:109DB000FF00FFFF00FFFF00FFFF00FFFF031695FE
:109DC000FF1374FFD26BFFF26BFFF26BFFD26BFFDE
:109DD000B16BFFF173FFDFFF03FFFF00FFFF00FF29
:109DE000FF00FFFF00FFFF00FFFF00FFFF00FFFF7E
:109DF00000FFFF00FFFF00FFFF00FFFF00FFFF006D
:109E0000FFFF00FFFF00FFFF00FFFF00FFFF00FF5D
:109E1000FF00FFFF031695FB3374FF1374FF3374C9
:109E2000FF1374FFB163FF4F5BFF4F5BFF4F5BFF9F
:109E30004F5BFF4F5BFF4F5BFF2F53FF2F53FF2FF6
:109E400053FF2F53FF2F53FF0E53FF2E5BFF117C49
:109E5000FF5ACE4FFFFF00FFFF00FFFF00FFFF0094
:109E6000FFFF00FFFF00FFFF00FFFF0898A59354CE
:109E70007CFF1374FF3474FF547CFC547CFF547CCF
:109E8000FF547CFF547CFF547CFF547CFF547CFFC8
:109E9000547CFF747CFFF26BFF4F5BFF0E53FF0E91
:109EA00053FF2E53FF0E53FF4E6BFF18C64BFFFFA1
:109EB00000FFFF00FFFF00FFFF00FFFF00FFFF00AC
:109EC000FFFF00FFFF00FFFF00FFFF00FFFF00FF9D
:109ED000FF00FFFF00FFFF00FFFF00FFFF00FFFF8D
:109EE00000FFFF00FFFF003DE7209484FFF26BFFBF
:109EF000D26BFFF26BFFF26BFFD26BFFB163FFF22D
:109F000073FF5AC637FFFF00FFFF00FFFF00FFFF90
:109F100000FFFF00FFFF00FFFF00FFFF00FFFF004B
:109F2000FFFF00FFFF00FFFF00FFFF00FFFF00FF3C
:109F3000FF00FFFF00FFFF00FFFF00FFFF00FFFF2C
:109F400000FCDE2C7484FFF36BFF3474FF3474FF69
:109F5000F26BFF705BFF4F5BFF4F5BFF4F5BFF4F91
:109F60005BFF2F53FF2F53FF2F53FF2F53FF2E5312
:109F7000FBEE52FF4F63FF9394ACFCDE28FFFF0023
:109F8000FFFF00FFFF00FFFF00FFFF00FFFF00FFDC
:109F9000FF00FFFF00FFFF00FFFF04BCD640379D1E
:109FA000D8747CFF1374FF3474FF547CFC547CFF22
:109FB000547CFF547CFF547CFF547CFF547CFF5442
:109FC0007CFFB163FF0D4BFF0E53FF2E53FF0E4B73
:109FD000FC2E5BFF1184FFDFFF08FFFF00FFFF0087
:109FE000FFFF00FFFF00FFFF00FFFF00FFFF00FF7C
:109FF000FF00FFFF00FFFF00FFFF00FFFF00FFFF6C
:10A0000000FFFF00FFFF00FFFF00FFFF009EEF10BB
:10A010005AC644D594FF1374FFD26BFFF26BFFF264
:10A020006BFFF26BFFD26BFFB16BFBD26BFF7384E4
:10A03000FF3AC647FFFF07FFFF00FFFF00FFFF00DB
:10A04000FFFF00FFFF00FFFF00FFFF00FFFF00FF1B
:10A05000FF00FFFF00FFFF00FFFF00FFFF00FFFF0B
:10A0600000FFFF00FFFF00FFFF00FFFF00FFFF03F7
:10A0700078A5A71374FF3474FF547CFF3374FFB1C9
:10A0800063FF4F5BFF4F5BFF4F5BFF4F5BFF2F5348
:10A09000FF2F53FF4F53FF0E53FBED52FF8F73FF04
:10A0A000F4A483FFFF03FFFF00FFFF00FFFF00FF9B
:10A0B000FF00FFFF00FFFF00FFFF00FFFF00FFFFAB
:10A0C00000FFFF00FFFF00FFFF00FFFF0BD9B57F80
:10A0D0009584FF547CFF547CF8547CFF547CFF54DF
:10A0E0007CFF547CFF547CFF547CFF1374FF705B37
:10A0F000FF0E53FF0E53FF2E53FF0E53FF6F6BFFE8
:10A1000039CE44FFFF00FFFF00FFFF00FFFF00FF0D
:10A11000FF00FFFF00FFFF00FFFF00FFFF00FFFF4A
:10A1200000FFFF00FFFF00FFFF00FFFF00FFFF0039
:10A13000FFFF00FFFF009BCE2B9484FF537CFFF2B8
:10A140006BFFF26BFBF26BFFF26BFFF26BFFD26BFC
:10A15000FFD26BFFD26BFFD26BF7D26BFF1374FF92
:10A160009484FFDCDE1CFFFF00FFFF00FFFF00FF09
:10A17000FF00FFFF00FFFF00FFFF00FFFF00FFFFEA
:10A1800000FFFF00FFFF00FFFF00FFFF00FFFF00D9
:10A19000FFFF00FFFF00FFFF00FFFF005DE71BB5B3
:10A1A0008CFF3474FF547CFF757CFFF26BFF4F5BB8
:10A1B000FF4F5BFF4F5BFF4F5BFF2F5BFF2F53FF9B
:10A1C0004F53FFED52F42D6BFF14A584FFFF00FFEA
:10A1D000FF00FFFF00FFFF00FFFF00FFFF00FFFF8A
:10A1E00000FFFF00FFFF00FFFF00FFFF00FFFF0079
:10A1F000FFFF00FFFF00FFFF00FFFF039EF717B9FF
:10A20000AD789584FF3374F83474FF547CFF547C2C
:10A21000FF547CFF547CFFD16BFF4F53FF0E53FF65
:10A220002E53FF2E53FF0E5BFF1184FFBFFF0FFF66
:10A23000FF00FFFF00FFFF00FFFF00FFFF00FFFF29
:10A2400000FFFF00FFFF00FFFF00FFFF00FFFF0018
:10A25000FFFF00FFFF00FFFF00FFFF005DEF18772B
:10A26000A58C3374FFD263FFD26BF3F26BFFF26BFA
:10A27000FFF26BFFF26BFFD26BFFD26BFFD26BFF73
:10A28000D26BFFD26BFFD16BFB9163F79163FFF24F
:10A2900073FF97AD5B5DEF14FFFF00FFFF00FFFF53
:10A2A00000FFFF00FFFF00FFFF00FFFF00FFFF00B8
:10A2B000FFFF00FFFF00FFFF00FFFF00FFFF00FFA9
:10A2C000FF00FFFF00FFFF00FFFF00F9B56C3474D3
:10A2D000FF547CFF7584FF1374FF9063FF4F5BFF97
:10A2E0004F5BFF4F5BFF2F5BFF2F53FF4F53F70E6B
:10A2F00053FF528C8BFFFF03FFFF00FFFF00FFFFA8
:10A3000000FFFF00FFFF00FFFF00FFFF00FFFF0057
:10A31000FFFF00FFFF00FFFF00FFFF00FFFF00FF48
:10A32000FF00FFFF00FFFF00FFFF009BCE4495846E
:10A33000FF3374F33474FF347CFF3474FF547CFFB8
:10A340003374FF905BFF0E53FF2E53FF2E53FF0E0F
:10A3500053FF4E63FF35ADB8FFFF08FFFF00FFFF5F
:10A3600000FFFF00FFFF00FFFF00FFFF00FFFF00F7
:10A37000FFFF00FFFF00FFFF00FFFF00FFFF00FFE8
:10A38000FF00FFFF005DE71CB58CFFD163FF916309
:10A39000F7D26BF7F26BFFF273FFF26BFFF26BFF1A
:10A3A000F26BFFF26BFFD26BFFD26BFFD26BFFD170
:10A3B0006BFFD16BFFD26BFFB163EF705BFBB163DF
:10A3C000FFB48CFF5DEF18FFFF00FFFF00FFFF00F1
:10A3D000FFFF00FFFF00FFFF00FFFF00FFFF00FF88
:10A3E000FF00FFFF00FFFF00FFFF00FFFF00FFFF78
:10A3F00000FFFF00FFFF001DDF18547CFF557CFFAE
:10A400009584FF547CFFD26BFF4F5BFF2F53FF4FB0
:10A410005BFF2F53FF2F53FF4F53F04F5BFFD8BD10
:10A4200037FFFF00FFFF00FFFF00FFFF00FFFF00FF
:10A43000FFFF00FFFF00FFFF00FFFF00FFFF00FF27
:10A44000FF00FFFF00FFFF00FFFF00FFFF00FFFF17
:10A4500000FFFF00FFFF003ABE4C547CFF3474F352
:10A460003474FF3474FF3474FF547CFF1374FF4F53
:10A470005BFF0D4BFF2E53FF2E53FF0E53FFD07B80
:10A48000FF1CE728FFFF00FFFF00FFFF00FFFF00AA
:10A49000FFFF00FFFF00FFFF00FFFF00FFFF00FFC7
:10A4A000FF00FFFF00FFFF00FFFF00FFFF00FFFFB7
:10A4B00008D68CE89163FF705BE3B16BFF1274FF09
:10A4C000F273FFD26BFFD26BFBB163FFB163FFB1DD
:10A4D00063FFB163FF9163FFB163FFD16BFFD16392
:10A4E000F7B163FF9063FF6F5BFF4F5BDF9063FF2C
:10A4F000F594B7FFFF03FFFF00FFFF00FFFF00FF22
:10A50000FF00FFFF00FFFF00FFFF00FFFF00FFFF56
:10A5100000FFFF00FFFF00FFFF00FFFF00FFFF0045
:10A52000FFFF005DE713B68CFF757CFF9584FF95F8
:10A5300084FF1374FF4F5BFF2E53FF4F5BFF2F53BE
:10A54000FF2F53FF2F53F70E53FFD49490FFFF04B8
:10A55000FFFF00FFFF00FFFF00FFFF00FFFF00FF06
:10A56000FF00FFFF00FFFF00FFFF00FFFF00FFFFF6
:10A5700000FFFF00FFFF00FFFF00FFFF00FFFF00E5
:10A58000FFFF00F9B54C1374FF3474F33374FF34D8
:10A5900074FF3474FF3374FFF26BFF4F5BFF0E5395
:10A5A000FF2E53FF2E53FF0E5BFFD49CC7FFFF0B04
:10A5B000FFFF00FFFF00FFFF00FFFF00FFFF00FFA6
:10A5C000FF00FFFF00FFFF00FFFF00FFFF00FFFF96
:10A5D00000FFFF00FFFF00FFFF0498AD94F26BFF48
:10A5E0002F53F46F5BFFB48CD8169DCC747CFFD2D4
:10A5F0006BFF9163FF9063FF9063FF9063FFB16314
:10A60000FFD16BFFB16BFF9163FF9163FFD173FFCC
:10A61000F173EBD16BCF6F5BFB4F53F7D16BFF3A0D
:10A62000C64BFFFF00FFFF00FFFF00FFFF00FFFF23
:10A6300000FFFF00FFFF00FFFF00FFFF00FFFF0024
:10A64000FFFF00FFFF00FFFF00FFFF00FFFF00FF15
:10A65000FF007BCE3C9584FF757CFFB684FF54746D
:10A66000FF4F5BFF2E53FF4F53FF4F53FF2F53FFFF
:10A670004F53FFED4AFB117CFF3DEF1FFFFF00FF33
:10A68000FF00FFFF00FFFF00FFFF00FFFF00FFFFD5
:10A6900000FFFF00FFFF00FFFF00FFFF00FFFF00C4
:10A6A000FFFF00FFFF00FFFF00FFFF00FFFF039819
:10A6B000A578F36BFF3374F73374FF3374FF33748F
:10A6C000FF1374FFB163FF4F53FF0E53FF2E53FF71
:10A6D0002E53FF4E63FF9AD633FFFF00FFFF00FFAC
:10A6E000FF00FFFF00FFFF00FFFF00FFFF00FFFF75
:10A6F00000FFFF00FFFF00FFFF00FFFF00FFFF0064
:10A70000FFFF009BCE3F337CFFB263FF6F5BFF1107
:10A7100074D4DFFF04FFFF009EF70F7384FF327CC9
:10A72000FF9384E8F494AFD494B4159DB4369DAFF0
:10A73000B58CE71274FF327CFF159DB3DFFF03FF7A
:10A74000FF007384CB9063FF705BFF3274FF1CDFEC
:10A7500023FFFF00FFFF00FFFF00FFFF00FFFF00E0
:10A76000FFFF00FFFF00FFFF00FFFF00FFFF00FFF4
:10A77000FF00FFFF00FFFF00FFFF00FFFF003DE7BE
:10A7800018B68CFF757CFFB68CFF757CFF9063FF5D
:10A790002F53FF2F53FF2F53FF2F53FF4F53FF0E06
:10A7A0004BF7B06BFF5ACE3CFFFF00FFFF00FFFFEF
:10A7B00000FFFF00FFFF00FFFF00FFFF00FFFF00A3
:10A7C000FFFF00FFFF00FFFF00FFFF00FFFF00FF94
:10A7D000FF00FFFF00FFFF00DFFF18F694ECD26BD5
:10A7E000FF3374FC3374FF3374FF3374FF1374FF4F
:10A7F0009063FF2E53FF2E53FF2E53FF2E53FFAFB8
:10A8000073FF1CE720FFFF00FFFF00FFFF00FFFFBB
:10A8100000FFFF00FFFF00FFFF00FFFF00FFFF0042
:10A82000FFFF00FFFF00FFFF00FFFF001DE7239475
:10A8300084FFF26BFFD26BF89163FF9384DCFFFF20
:10A8400003FFFF00FFFF009EF71419BE78DFFF0C27
:10A85000FFFF00FFFF00FFFF00FFFF00DFFF0BF91E
:10A86000BD77BBD63BFFFF00FFFF00FFFF03D58C8A
:10A87000DF9063FF705BF39063FFF594CBFFFF0401
:10A88000FFFF00FFFF00FFFF00FFFF00FFFF00FFD3
:10A89000FF00FFFF00FFFF00FFFF00FFFF00FFFFC3
:10A8A00000FFFF00FFFF00FFFF005EE718F78CFFCF
:10A8B000757CFFD78CFF9584FFD26BFF4F5BFF2E1B
:10A8C00053FF2E53FF2F53FF2F53FF0E53FF4F5BAA
:10A8D000FF5284FFBBD627FFFF00FFFF03FFFF03EC
:10A8E000DFFF03FFFF03FFFF00FFFF00FFFF00FF8D
:10A8F000FF00FFFF00FFFF00FFFF00FFFF00FFFF63
:10A9000000FFFF03DCD64FB58CFFF36BFF3374FF02
:10A910003374FF3374FF3474FFF26BFF705BFF2EF0
:10A9200053FF2E53FF2E53FF2E53FFF17BFF5DEF9E
:10A930001BFFFF00FFFF00FFFF00FFFF00FFFF0006
:10A94000FFFF00FFFF00FFFF00FFFF00FFFF00FF12
:10A95000FF00FFFF00FFFF005AC63F1374FFF26BBA
:10A96000F4F26BFFB263FF537CFF5AC660FFFF0037
:10A97000FFFF00FFFF00FFFF00FFFF00FFFF00FFE2
:10A98000FF00FFFF00FFFF00FFFF00FFFF00FFFFD2
:10A9900000FFFF00FFFF00B8B5883374FF905BFF36
:10A9A0009063FF705BF7D16BFF7ACE30FFFF00FF43
:10A9B000FF00FFFF00FFFF00FFFF00FFFF00FFFFA2
:10A9C00000FFFF00FFFF00FFFF00FFFF00FFFF0091
:10A9D000FFFF00FFFF00BFF70C1795FF757CFFD648
:10A9E0008CFF9684FF1374FF705BFF2E53FF2E5372
:10A9F000FF2F53FF2F53FF2E53FF2E53F74F53FFBD
:10AA00004E53FF4F53D44F5BDC6F5BDF6F5BFF3206
:10AA10007CE77EEF0CFFFF00FFFF00FFFF00FFFF62
:10AA200008DFFF10DFFF0B9EF71BFCDE50B8ADB454
:10AA30009584FF3374FF1374FF3374FF3374FF3353
:10AA400074FF3374FFF26BFF905BFF4F5BFF705B33
:10AA5000FF4F5BFF4F5BFF1284FF9BD643FFFF035B
:10AA6000FFFF03FFFF04FFFF04FFFF04FFFF04FFDE
:10AA7000FF04FFFF04FFFF04FFFF04FFFF03FFFFCE
:10AA800004DFFF1377A580D26BFFF26BFFF26BFF41
:10AA9000F26BFBB163FF1274FF7EF717FFFF00FF3D
:10AAA000FF00FFFF00FFFF00FFFF00FFFF00FFFFB1
:10AAB00000FFFF00FFFF00FFFF00FFFF00FFFF00A0
:10AAC000DFFF0B537CFF9163FF9063FBB163FF904B
:10AAD00063FB505BFFD594B0BEF710FFFF03FFFF91
:10AAE00004DFFF04DFFF04DFFF04DFFF04DFFF04F8
:10AAF000DFFF04DFFF04DFFF04DFFF04DFFF04FFED
:10AB0000FF03BCD6339584FF3474FF757CFF547CFF
:10AB1000FFF26BFF705BFF2E53FF2E53FF2E53FF90
:10AB20002E53FF2E53FF2E53FF0E4BF8ED4AFFED31
:10AB30004AFFED4AFF0D4BFFED4AFF4E53FFF16B0D
:10AB4000E3FFFF00FFFF005EEF20579DDFF694FF5D
:10AB5000D58CFF7484FF537CFF3374FF1374FF1391
:10AB600074FC1374FF1374FF1374FF1374FF3374B6
:10AB7000FF1374FFD26BFFD16BFFD26BFFD26BFF61
:10AB8000D16BFF1274FFB58CFFD9B5987BCE643AB8
:10AB9000BE803ABE8019BE8819BE8B19BE8819BE08
:10ABA0008819BE8719BE883AC67898ADAFB58CFFB4
:10ABB0003374FFF26BFCF26BFFF26BFFF26BFF7012
:10ABC0005BFF9063FF39BE6CFFFF00FFFF00FFFFDC
:10ABD00000FFFF00FFFF00FFFF00FFFF00FFFF007F
:10ABE000FFFF00FFFF00FFFF00FFFF009EF71412B2
:10ABF00074FF705BFF9063FFB163FF9063FF705B56
:10AC0000FBD16BFF7384FFD594FFF594FFD58CFFC8
:10AC1000D58CFFD48CFFD48CFFD48CFFD48CFFD484
:10AC20008CFFD48CFFB48CFFB48CFFD48CFF537C8E
:10AC3000FFB163FF9163FFB163FFB163FF705BFF1F
:10AC40004F5BFF2E53FF2E53FF2E53FF2E53FF2E2D
:10AC500053FF2E53FF2E53FF2E53FF2E53FF0E5341
:10AC6000FF0E53FFED4AFBCD42FF0D4BFFBFF70830
:10AC7000DFFF0F1374FFF26BFF1374FF1374FF13E6
:10AC800074FFF36BFFF36BFF1374FC1374FF137407
:10AC9000FF1374FF1374FF1374FF1374FF1374FF17
:10ACA0001374FF3374FF3374FF3374FF3374FF1373
:10ACB00074FCF36BFFF36BFF1374FF136CFFF26B09
:10ACC000FFF26BFFF26BFFF26BFFF26BFFF26BFFB9
:10ACD000F26BFFF26BFFF26BFFF26BFFF26BFFF2B6
:10ACE0006BFCF26BFFF26BFFF26BFF705BFF90632C
:10ACF000FF1CE737FFFF00FFFF00FFFF00FFFF0023
:10AD0000FFFF00FFFF00FFFF00FFFF00FFFF00FF4E
:10AD1000FF00FFFF00FFFF00FFFF009584B7B16356
:10AD2000FF9063FF9063FF9063FF9063FB705BFF96
:10AD3000705BFF705BFF705BFF705BFF705BFF6FB2
:10AD40005BFF4F5BFF4F5BFF4F5BFF4F5BFF4F5B5B
:10AD5000FF4F5BFF4F5BFF4F5BFF2F53FF2F53FBFB
:10AD60002F53FF2E53FF2E53FF2E53FF2F53FF2F32
:10AD700053FF2F53FF2E53FF2E53FF2E53FF2E53FF
:10AD8000FF2E53FF2E53FF2E53FF0E53FF0E53FF84
:10AD90000E53FFCD42FF2E53ECFCDE3BFCDE501386
:10ADA00074FFB263FFF26BFCF26BFF1374FF13745A
:10ADB000FF1374FF1374FF1374FF1374FF1374FFF6
:10ADC0001374FF1374FF1374FF1374FF1374FF13D2
:10ADD00074FF1374FF1374FF1374FF1374FFF26B8B
:10ADE000FFF26BFFF26BFFF26BFFF26BFFF26BFF98
:10ADF000F26BFFF26BFFF26BFFD26BFFD26BFFD2F5
:10AE00006BFFD26BFFD26BFFF26BFFF26BFFF26B4B
:10AE1000FFF26BFFD26BFF705BFFB06BFF5DEF2C3F
:10AE2000FFFF00FFFF00FFFF00FFFF00FFFF00FF2D
:10AE3000FF00FFFF00FFFF00FFFF00FFFF00FFFF1D
:10AE400000FFFF00FFFF001795B3F26BFF705BFF81
:10AE50009063FF9063FF9063FF705BFF705BFF4F39
:10AE60005BFF4F5BFF4F5BFF4F5BFF4F5BFF4F5B3A
:10AE7000FF4F5BFF4F53FF2F53FF2F53FF2F53FF06
:10AE80002F53FF2E53FF2E53FF2F53FF2F53FF2F10
:10AE900053FF2E53FF2F53FF2F53FF2F53FF2F53DB
:10AEA000FF2E53FF2E53FF2E53FF2E53FF2E53FF23
:10AEB0000E53FF0E53FF0E53FF0E53FF0E53FFCDE5
:10AEC00042FF2E53FB97ADAFDCDE603374F3D26BE1
:10AED000FF1374FF1374FF1374FF1374FF1374FFD5
:10AEE0001374FF1374FF1374FF1374FF1374FF13B1
:10AEF00074FF1374FF1374FF1374FF1374FF137440
:10AF0000FF1374FF1374FF1374FF1374FF1374FFA4
:10AF10001374FF1374FF1374FF1374FF1374FF1380
:10AF200074FF1374FFF26BFFF26BFFF26BFFF26BB7
:10AF3000FFF26BFFF26BFFF26BFFD26BFFD26BFF86
:10AF4000D26BFF705BFFD073FF7DEF28FFFF00FF28
:10AF5000FF00FFFF00FFFF00FFFF00FFFF00FFFFFC
:10AF600000FFFF00FFFF00FFFF00FFFF00FFFF00EB
:10AF7000FFFF00589DB71374FF705BFF9063FF9055
:10AF800063FF9063FF9063FF705BFF705BFF705B1C
:10AF9000FF705BFF705BFF705BFF705BFF705BFFC0
:10AFA000705BFF6F5BFF6F5BFF4F5BFF4F5BFF4FA4
:10AFB0005BFF4F5BFF4F5BFF4F5BFF2F53FF2F5339
:10AFC000FF2F53FF2F53FF2F53FF2E53FF2E53FFFF
:10AFD0002E53FF2E53FF2E53FF0E53FF0E53FF0E23
:10AFE00053FF0E53FF0E53FF0E53FFCD4AFB0E537C
:10AFF000FF5284FF5DEF3B3374ECD26BFFF26BFFCB
:10B000001374FF136CFF1374FF1374FF1374FF1397
:10B0100074FF1374FF1374FF1374FF1374FF13741E
:10B02000FF1374FF1374FF1374FF1374FF1374FF83
:10B030001374FF1374FF1374FF1374FF1374FF135F
:10B0400074FF1374FFF26BFFF26BFFF26BFFF26B96
:10B05000FFF26BFFF26BFFF26BFFF26BFFF26BFF25
:10B06000D26BFFD26BFFD26BFFD26BFFD26BFF7044
:10B0700063FFD173FF9EF720FFFF00FFFF00FFFF7C
:10B0800000FFFF00FFFF00FFFF00FFFF00FFFF00CA
:10B09000FFFF00FFFF00FFFF00FFFF00FFFF003783
:10B0A0009DB8F26BFF705BFF9063FF9063FF90634E
:10B0B000FF705BFF705BFF705BFF705BFF705BFF9F
:10B0C000705BFF705BFF705BFF705BFF705BFF6F1F
:10B0D0005BFF4F5BFF4F5BFF4F5BFF4F5BFF4F5BC8
:10B0E000FF4F5BFF2F53FF2F53FF2F53FF2F53FFB4
:10B0F0002F53FF2F53FF2E53FF2E53FF2E53FF2EA0
:10B1000053FF0E53FF0E53FF0E53FF0E53FF0E530C
:10B11000FF0E53FF0E4BFFCD42FBED4AFF3184FF84
:10B120005DE73C1374ECD263FFF26BFFF26BFFF24E
:10B130006BFF1374FF1374FF1374FF1374FF137406
:10B14000FF1374FF1374FF1374FF1274FF1374FF63
:10B150001374FF1374FF1374FF1374FF1374FF133E
:10B1600074FF136CFFF26BFFD26BFFD26BFFD26BDD
:10B17000FFD26BFFD26BFFD26BFFD26BFFD26BFFA4
:10B18000D263FFB263FFB263FFD26BFFD26BFFD219
:10B190006BFFD26BFFD26BFFD26BFF9063FFF1733B
:10B1A000FF9EF724FFFF00FFFF00FFFF00FFFF00EF
:10B1B000FFFF00FFFF00FFFF00FFFF00FFFF00FF9A
:10B1C000FF00FFFF00FFFF00FFFF00D68CB3D26B34
:10B1D000FF705BFF9063FF9063FF9063FF9063FFDE
:10B1E000905BFF705BFF505BFF4F5BFF4F53FF4F68
:10B1F00053FF4F53FF2F53FF2F53FF2F53FF2F5357
:10B20000FF2F53FF0E53FF0E53FF2E53FF2F53FFFD
:10B210002F53FF2E53FF2E53FF2F53FF2F53FF2E7D
:10B2200053FF2E53FF2E53FF2E53FF2E53FF2E534B
:10B23000FF2E53FF0E53FF0D4BFFED4AFFED4AFF6C
:10B24000ED4AFFCD4AFF4E5BFFB7B58F7EEF2CF284
:10B250006BFFB163FFD26BFCF26BFFF26BFFF26B23
:10B26000FFF26BFFF36BFFF26BFFF26BFFF36BFF11
:10B270001374FF1374FF1274FF1374FF1374FF131E
:10B2800074FF1374FF1374FF1374FFF26BFCF26B03
:10B29000FFF26BFFF273FFF273FF126CFFF26BFFB2
:10B2A000F26BFFF26BFFF26BFFF26BFFF26BFFF2E0
:10B2B0006BFFF26BFFD26BFFD26BFFD26BFCD26BDA
:10B2C000FFD26BFFD26BFF9163FFF273FF3DE73854
:10B2D000FFFF00FFFF00FFFF00FFFF00FFFF00FF79
:10B2E000FF00FFFF00FFFF00FFFF00FFFF00FFFF69
:10B2F00000FFFF00DFFF0C547CDC9163FF705BFFFD
:10B300009063FF705BFF705BFF905BFF705BFB7097
:10B310005BFF705BFF705BFF705BFF705BFF705BE0
:10B32000FF705BFF705BFF6F5BFF6F5BFF4F5BFF4F
:10B330004F5BFF4F5BFF4F5BFF2F53FB2F53FF2EE6
:10B3400053FF2E53FF2F53FF2E53FF2E53FF2E5329
:10B35000FF2E53FF2E53FF2E53FF2E53FF2E53FF6E
:10B360000E4BFB0E4BFF0E53FF0E53FF2E53FF8F62
:10B3700063FF3284FFDFFF0BFFFF0B547CF7D26BC0
:10B38000FFB163FFD26BFFF26BFFD26BFFD26BFF9B
:10B39000F26BFCF26BFFF26BFFF26BFFF26BFFF2F2
:10B3A00073FF1374FFF26BFF9063FF905BFF905B82
:10B3B000FF905BFF705BFF4F63FFB073FF7384FF11
:10B3C000D8B593BBD6579BCE5B9BCE5B9BCE639B86
:10B3D000CE639BD65B9BCE5C7BCE64BBD653D9B58C
:10B3E00090B48CFF1274FFB163FCD26BFFD26BFF81
:10B3F000D16BFF915BFF1274FF5ACE73FFFF00FF0A
:10B40000FF00FFFF00FFFF00FFFF00FFFF00FFFF47
:10B4100000FFFF00FFFF00FFFF00FFFF00FFFF0036
:10B42000DCD64CF273FF4F5BFF9063FB9063FF70C1
:10B430005BFF705BFF4F5BFB4F63FFB073FF3284BA
:10B44000FFB48CFF97AD9FF8B578B8B584D8B583B5
:10B45000D8B583D8B583D8B583D8B57FB7B58BF5C4
:10B460009CDF327CFF705BFF705BFF705BFF705B8B
:10B47000FF4F5BFF2F53FF2E53FF2E53FF2E53FF23
:10B480002E53FF2E53FF0E53FFCC4AF8ED52FF8F81
:10B490006BFF728CFFF8BD603DE7177EEF0CBFFFBE
:10B4A00008FFFF00FFFF00BFF717D8B5A0D58CFF3E
:10B4B0009484FF9484F87484FF537CFFF273FFF24A
:10B4C0006BF8F26BFFF26BFFF26BFFF26BFF137422
:10B4D000FFD16BFF4F53FF0E4BFF0E53FF0D4BFF82
:10B4E000CD4AFF6F6BFF76B5949EF71CFFFF04FFFC
:10B4F000FF03FFFF03FFFF03FFFF03FFFF03FFFF48
:10B5000003FFFF03FFFF03FFFF03FFFF04DFFF1045
:10B5100097AD70B163FFB163FCD26BFFD16BFC914F
:10B5200063FF127CFFFCDE4BFFFF00FFFF00FFFF0D
:10B5300000FFFF00FFFF00FFFF00FFFF00FFFF0015
:10B54000FFFF00FFFF00FFFF00FFFF00DFFF0C33E6
:10B550007CF89063FF705BFB9063FF705BFF705B38
:10B56000F76F63FFF083FF7AD62BFFFF03DFFF0740
:10B57000FFFF03FFFF03FFFF03FFFF03FFFF03FFC7
:10B58000FF03FFFF03FFFF03FFFF03FFFF035ACE8D
:10B5900037F273FF9163FFD16BFFB163FF7063FFFD
:10B5A0004F53FF2E53FF2E53FF2E53FF2E53FF2ECC
:10B5B00053FFED4AFFAC52FFD07BFF7AD633FFFF3B
:10B5C00003FFFF00FFFF00FFFF00FFFF00FFFF0082
:10B5D000FFFF00FFFF00FFFF04FFFF0CDFFF0BFF7B
:10B5E000FF07BFFF18F9BD907484FFF273FFD26BA1
:10B5F000F8F26BFFF26BFFF26BFFF26BFFD16BFFA8
:10B600004F5BFF0E4BFF0D4BFFED4AFFED4AFF7303
:10B610008CFFBEFF23FFFF00FFFF00FFFF00FFFFC7
:10B6200000FFFF00FFFF00FFFF00FFFF00FFFF0024
:10B63000FFFF00FFFF00FFFF00FFFF007BCE43F294
:10B6400073FFB163F7D16BFFB163FFD16BFFF49C64
:10B65000B3FFFF04FFFF00FFFF00FFFF03FFFF003A
:10B66000FFFF00FFFF00FFFF00FFFF00FFFF00FFE5
:10B67000FF00FFFF00FFFF00FFFF00FCDE3B127436
:10B68000FF4F5BFF705BFF705BF87063FFF17BFF48
:10B690007AD630FFFF00FFFF00FFFF00FFFF00FF33
:10B6A000FF00FFFF00FFFF00FFFF00FFFF00FFFFA5
:10B6B00000FFFF00FFFF00FFFF005DE714337CFF8A
:10B6C0009163FFF26BFFD16BFF905BFF4F53FF2E37
:10B6D00053FF2E53FF2E53FF0E53FF2E53FFED4A01
:10B6E000FF6E6BFF18C63FFFFF00FFFF00FFFF006C
:10B6F000FFFF00FFFF00FFFF00FFFF00FFFF00FF55
:10B70000FF00FFFF00FFFF00FFFF00FFFF00FFFF44
:10B7100000FFFF00BBD650747CFFB163FCF26BFFEF
:10B72000D26BFFF26BFFF26BFFD26BFF705BFF0E11
:10B7300053FF0D4BFFED4AFFED4AFF528CFF7EF7A2
:10B7400020FFFF00FFFF00FFFF00FFFF00FFFF00E3
:10B75000FFFF00FFFF00FFFF00FFFF00FFFF00FFF4
:10B76000FF00FFFF00FFFF003DE72FB48CFFB16338
:10B77000FFB163F8705BFF1274FF7EF728FFFF00D4
:10B78000FFFF0339C678F594ECDCD640FFFF00FFDD
:10B79000FF03FFFF03FFFF009FF720D9B59F7EEF58
:10B7A00023FFFF00FFFF00FFFF03B48CD8705BFF97
:10B7B0004F53FB4F5BFFD173FF5ACE33FFFF00FFA8
:10B7C000FF00FFFF00FFFF00FFFF00FFFF00FFFF84
:10B7D00000FFFF00FFFF00FFFF00FFFF00FFFF0073
:10B7E000FFFF00FFFF001DE7183374FFB163FFF296
:10B7F0006BFFD16BFF6F5BFF2E53FF2E53FF2E535A
:10B80000FF2E53FF2E53FF0E4BFFED52FB1184FF13
:10B810001CE71FFFFF00FFFF00FFFF00FFFF00FF0F
:10B82000FF00FFFF00FFFF00FFFF00FFFF00FFFF23
:10B8300000FFFF00FFFF00FFFF00FFFF00FFFF0012
:10B84000FFFF0057A57C9163FFF26BF7D26BFFD22D
:10B850006BFFF26BFFD26BFF9063FF2E53FFED4A3D
:10B86000FFED4AFFED4AFFD073FF1CE72BFFFF00FF
:10B87000FFFF00FFFF00FFFF00FFFF00FFFF00FFD3
:10B88000FF00FFFF00FFFF00FFFF00FFFF00FFFFC3
:10B8900000FFFF00FFFF00DCD6471274FF705BFF64
:10B8A000705BFF1174FFBBD658FFFF073DE72F33D6
:10B8B0007CFFD26BFF537CFF369DBC369DBF379D0E
:10B8C000C0579DBCB584FC1374FF337CFF1CE73765
:10B8D000FFFF03FFFF07F694D8D26BFF2F53FFD172
:10B8E0006BFF39C647FFFF00FFFF00FFFF00FFFFB0
:10B8F00000FFFF00FFFF00FFFF00FFFF00FFFF0052
:10B90000FFFF00FFFF00FFFF00FFFF00FFFF00FF42
:10B91000FF005AC6471374FFD26BFFF26BFFD1636F
:10B92000FF4F53FF2E53FF2E53FF2E53FF2E53FF77
:10B930002E53FFED4AFFED52FF9394FF9EF713FF46
:10B94000FF00FFFF00FFFF00FFFF00FFFF00FFFF02
:10B9500000FFFF00FFFF00FFFF00FFFF00FFFF00F1
:10B96000FFFF00FFFF00FFFF00FFFF00FFFF00F9E8
:10B97000B548B16BFFF26BF3D26BFFD26BFFD26BAA
:10B98000FFD26BFFB163FF2E53FFED4AFFED4AFF7D
:10B99000ED4AFF8F63FF1CE724FFFF00FFFF00FF5E
:10B9A000FF00FFFF00FFFF00FFFF00FFFF00FFFFA2
:10B9B00000FFFF00FFFF00FFFF00FFFF00FFFF0091
:10B9C000FFFF00FFFF0319BE68B163FF505BFFD1AB
:10B9D0006BFF7484FFD58CE83374FC705BFF705B85
:10B9E000F8B163FFD26BFFF26BFFF26BFFF26BFFFC
:10B9F000B163FF4F5BFF4F5BFF1274FFF594DBF504
:10BA00008CD8747CF8B163FF705BFF97AD80FFFF4B
:10BA100008FFFF00FFFF00FFFF00FFFF00FFFF0028
:10BA2000FFFF00FFFF00FFFF00FFFF00FFFF00FF21
:10BA3000FF00FFFF00FFFF00FFFF005EEF14D58C4B
:10BA4000FFF26BFFF26BFFF26BFFB163FF2F53FF4F
:10BA50002E53FF2E53FF2E53FF2E53FF2E53FFED79
:10BA60004AFB4E63FFF8BD54FFFF00FFFF00FFFFDE
:10BA700000FFFF00FFFF00FFFF00FFFF00FFFF00D0
:10BA8000FFFF00FFFF00FFFF00FFFF00FFFF00FFC1
:10BA9000FF00FFFF00FFFF00FFFF0019BE541274FC
:10BAA000FFD26BF3D26BFFD26BFFD26BFFD26BFF77
:10BAB000D16BFF4F53FFED4AFF0D4BFFED4AFF2EB9
:10BAC00053FFDBD62FFFFF00FFFF00FFFF00FFFF4C
:10BAD00000FFFF00FFFF00FFFF00FFFF00FFFF0070
:10BAE000FFFF00FFFF00FFFF00FFFF00FFFF00FF61
:10BAF000FF00FFFF0377A58CB163FF9163E8D16B73
:10BB0000FFD16BFFB163FF9063FC9063FC9063FF18
:10BB1000705BFF905BFF905BFF705BFF705BFF7083
:10BB20005BFC705BFC705BFFB163FFD16BFF9163EB
:10BB3000EFB163FFB7AD6CFFFF03FFFF00FFFF0036
:10BB4000FFFF00FFFF00FFFF00FFFF00FFFF00FF00
:10BB5000FF00FFFF00FFFF00FFFF00FFFF00FFFFF0
:10BB600000FFFF00FFFF001DDF133374FFF26BFFC8
:10BB70001374FFF26BFF9163FF2E53FF2E53FF2EC2
:10BB800053FF2E53FF0E53FF0E53FFCD4AF8B06BF9
:10BB9000FFFCDE23FFFF00FFFF00FFFF00FFFF00B1
:10BBA000FFFF00FFFF00FFFF00FFFF00FFFF00FFA0
:10BBB000FF00FFFF00FFFF00FFFF00FFFF00FFFF90
:10BBC00000FFFF00FFFF003DE73FB48CFFB163FFC4
:10BBD000D16BFFD26BFFD26BFFD26BFFD16BFF6FCC
:10BBE0005BFF0E4BFF0D4BFFED4AFFCD4AFF359D2E
:10BBF000A0FFFF08FFFF00FFFF00FFFF00FFFF00A7
:10BC0000FFFF00FFFF00FFFF00FFFF00FFFF00FF3F
:10BC1000FF00FFFF00FFFF00FFFF00FFFF00FFFF2F
:10BC200000FFFF171695EFD16BFF705BFC9063F37D
:10BC30009063FFB063FF9063FF9063FF9063FF909A
:10BC400063FF9063FF9063FF9063FF9063FF9063D7
:10BC5000FF705BFF505BF44F53F8B063FF159DD846
:10BC6000FFFF0BFFFF00FFFF00FFFF00FFFF00FFD4
:10BC7000FF00FFFF00FFFF00FFFF00FFFF00FFFFCF
:10BC800000FFFF00FFFF00FFFF00FFFF00FFFF00BE
:10BC9000FFFF009BCE2BF26BFFF26BFF1374FFD202
:10BCA0006BFF705BFF2E53FF2E53FF2E53FF0E537F
:10BCB000FF0E53FF0E53FFED4AFB6F5BFF96AD6B1C
:10BCC000FFFF00FFFF00FFFF00FFFF00FFFF00FF7F
:10BCD000FF00FFFF00FFFF00FFFF00FFFF00FFFF6F
:10BCE00000FFFF00FFFF00FFFF00FFFF00FFFF005E
:10BCF000FFFF007EEF309484FFB163FFD16BFCD275
:10BD00006BFFD16BFFD26BFFD16BFF9063FF2E53A4
:10BD1000FF0D4BFFED4AFFCD42FFF173FFFCDE3C10
:10BD2000FFFF00FFFF00FFFF00FFFF00FFFF00FF1E
:10BD3000FF00FFFF00FFFF00FFFF00FFFF00FFFF0E
:10BD400000FFFF00FFFF00FFFF00FFFF00FFFF00FD
:10BD5000BFF720D8B56C1274FF9063FF2F53FC70AF
:10BD60005BF89063FF9063FF9063FF9063FF9063C5
:10BD7000FF9063FF9063FF9063FF905BFF705BF841
:10BD80004F5BFF9063FF97AD77BEF71BFFFF00FF90
:10BD9000FF00FFFF00FFFF00FFFF00FFFF00FFFFAE
:10BDA00000FFFF00FFFF00FFFF00FFFF00FFFF009D
:10BDB000FFFF00FFFF00FFFF00FFFF00DFFF07F6B0
:10BDC00094FFF26BFF1374FF1374FFB163FF4F53C3
:10BDD000FF2E53FF2E53FF2E53FF0E53FF0E53FF24
:10BDE0000E53FF0E4BFF0E4BFBD06BFF76A5539E01
:10BDF000F708FFFF03FFFF00FFFF00FFFF00FFFF4B
:10BE000000FFFF00FFFF00FFFF00FFFF00FFFF003C
:10BE1000FFFF00FFFF00FFFF00FFFF077EEF283658
:10BE20009D90F26BFFD16BF8D16BFFD16BFFD16BA3
:10BE3000FFD16BFFD26BFFB163FF4F5BFF0D4BFF79
:10BE4000ED4AFFED4AFF0E53FFD494ECFFFF10FFC5
:10BE5000FF00FFFF00FFFF00FFFF00FFFF00FFFFED
:10BE600000FFFF00FFFF00FFFF00FFFF00FFFF00DC
:10BE7000FFFF00FFFF00FFFF00FFFF00FFFF00FFCD
:10BE8000FF001DE730169DA4327CFFF273FF906324
:10BE9000FC9063FC9063FF9063FF9063FF9063FFEF
:10BEA0009063FF705BFF705BF86F5BFFD173FF39CE
:10BEB000C648FFFF00FFFF00FFFF00FFFF00FFFF7E
:10BEC00000FFFF00FFFF00FFFF00FFFF00FFFF007C
:10BED000FFFF00FFFF00FFFF00FFFF00FFFF00FF6D
:10BEE000FF00FFFF00FFFF009BCE37547CFF137461
:10BEF000FF1374FF1374FF9063FF0E53FF0E53FF85
:10BF00002E53FF2E53FF0E53FF0E53FF0E53FF0E03
:10BF100053FF0E4BFB0D4BFFED4AFF8F63FF76A5E2
:10BF2000847DEF18FFFF00FFFF00FFFF00FFFF0011
:10BF3000FFFF00FFFF00FFFF00FFFF00FFFF00FF0C
:10BF4000FF00DFFF1377A590537CFFD16BFFB16338
:10BF5000FCD16BFFD16BFFD16BFFD16BFFD16BFFBE
:10BF6000D16BFFD16BFF705BFF0E4BFF0D4BFF0ED4
:10BF70004BFFCD4AFFF16BFFBFF713FFFF00FFFF41
:10BF800000FFFF00FFFF00FFFF00FFFF00FFFF00BB
:10BF9000FFFF00FFFF00FFFF00FFFF00FFFF00FFAC
:10BFA000FF00FFFF00FFFF00FFFF00FFFF00FFFF9C
:10BFB00000FFFF083DE734F9B564D16BFF705BFF0C
:10BFC000905BFF9063FF9063FF9063FF705BFF4F98
:10BFD0005BF84F63FFF17BFF5ACE4BFFFF00FFFF83
:10BFE00000FFFF00FFFF00FFFF00FFFF00FFFF005B
:10BFF000FFFF00FFFF00FFFF00FFFF00FFFF00FF4C
:10C00000FF00FFFF00FFFF00FFFF00FFFF00FFFF3B
:10C0100000DFFF07F694FF136CFF3374FF3374FFE8
:10C02000F26BFF705BFF0E53FF0E53FF2E53FF0E9C
:10C0300053FF0E53FF0E53FF0E53FF0E53FF0E53CD
:10C04000FFED4AFBCD42FFED4AFF4E53FFF16BFF80
:10C050009EF70BFFFF00FFFF00FFFF00FFFF00FF49
:10C06000FF00FFFF00FFFF00FFFF035AC657948445
:10C07000FFD26BFF705BFFB163FFD16BFFD16BFF32
:10C08000D16BFFD16BFFD16BFFB163FFD16BFFD1E0
:10C090006BFF9063FF2F53FF0E53FF0E53FFED4ACC
:10C0A000FF6F5BFFF8B564FFFF03FFFF00FFFF00BA
:10C0B000FFFF00FFFF00FFFF00FFFF00FFFF00FF8B
:10C0C000FF00FFFF00FFFF00FFFF00FFFF00FFFF7B
:10C0D00000FFFF00FFFF00FFFF00FFFF00FFFF006A
:10C0E000FFFF00FFFF0B537CFF9063FF705BFF902F
:10C0F00063FF9063FF905BFF4F5BFC2E5BFF8F73D2
:10C10000FF7AD640FFFF00FFFF00FFFF00FFFF00A8
:10C11000FFFF00FFFF00FFFF00FFFF00FFFF00FF2A
:10C12000FF00FFFF00FFFF00FFFF00FFFF00FFFF1A
:10C1300000FFFF00FFFF00FFFF00FFFF001ABE4CE3
:10C14000547CFF1374FF5474FF3374FFB163FF2FEB
:10C1500053FF0E53FF0E53FF0E53FF0E53FF0E53AC
:10C16000FF0E53FF0E53FF0E53FF0E53FF0E4BFFF8
:10C170000E4BFF0D4BFFAC42FFCD42FF97AD5BFF77
:10C18000FF00FFFF00FFFF00FFFF00FFFF00FFFFBA
:10C1900000FFFF0477A587D16BFF705BFFB163FFE2
:10C1A000B163FFB163FFB163FFB163FFB163FFB17F
:10C1B00063FFB163FFB163FFB163FFB163FFB163BD
:10C1C000FF705BFF2E53FF0E53FF0E53FC2E53FFE9
:10C1D000F173FFBFF714FFFF00FFFF00FFFF00FF39
:10C1E000FF00FFFF00FFFF00FFFF00FFFF00FFFF5A
:10C1F00000FFFF00FFFF00FFFF00FFFF00FFFF0049
:10C20000FFFF00FFFF00FFFF00FFFF00FFFF00DF59
:10C21000FF10B48CFF9063FF705BFF9063FF705B57
:10C22000FF705BFF2F5BFF4F63FFF4A4C4FFFF04AD
:10C23000FFFF00FFFF00FFFF00FFFF00FFFF00FF09
:10C24000FF00FFFF00FFFF00FFFF00FFFF00FFFFF9
:10C2500000FFFF00FFFF00FFFF00FFFF00FFFF00E8
:10C26000FFFF00FFFF00DFFF079584FF3474FF34FA
:10C2700074FB547CFF1374FF705BFF0E53FF0E536F
:10C28000FF0E53FF0E53FF0E53FF0E53FF0E53FFCF
:10C290000E53FF0E53FF0E4BFF0E4BFF0E4BFF0EC8
:10C2A0004BFFCD4AFBED4AFF938CFFDFFF08FFFFFA
:10C2B00000FFFF00FFFF00FFFF00FFFF007EEF1BFE
:10C2C000D16BFF9063FF9163FCB163FFB163FFB17A
:10C2D00063FFB163FFB163FFB163FFB163FFB1639C
:10C2E000FFB163FFB163FFB163FFB163FF9063FF11
:10C2F0004F5BFF2E53FF2E53FF0E53FF2E53FF763F
:10C30000A57BFFFF03FFFF00FFFF00FFFF00FFFF14
:10C3100000FFFF00FFFF00FFFF00FFFF00FFFF0027
:10C32000FFFF00FFFF00FFFF00FFFF00FFFF00FF18
:10C33000FF00FFFF00FFFF00FFFF00DFFF139484FB
:10C34000FF9063FF705BFF705BFF705BFF705BFFD4
:10C350002F5BFF906BFF5DEF27FFFF00FFFF00FFEC
:10C36000FF00FFFF00FFFF00FFFF00FFFF00FFFFD8
:10C3700000FFFF00FFFF00FFFF00FFFF00FFFF00C7
:10C38000FFFF00FFFF00FFFF00FFFF00FFFF00FFB8
:10C39000FF0019BE58547CFF3474FF547CFF347482
:10C3A000FFD163FF2F53FF0E4BFF0E53FF0E53FFC2
:10C3B0000E53FF0E53FF0E53FF0E53FF0E53FF0E8F
:10C3C00053FF0E4BFF0E4BFF0E4BFF0E4BFFED4A84
:10C3D000FF0E4BFF159DD0FFFF04FFFF00FFFF0086
:10C3E000FFFF00FFFF00FFFF009EF7173274FFB151
:10C3F00063FFB163FFB163FFB163FFB163FFB1637B
:10C40000FFB163FFB163FFB163FFB163FFB163FFCE
:10C41000B163FFB163FFB163FFB163FF905BFF4F97
:10C4200053FF2E53FF2E53FC2E53FFB063FF97ADE7
:10C430007CFFFF03FFFF00FFFF00FFFF00FFFF0087
:10C44000FFFF00FFFF00FFFF00FFFF00FFFF00FFF7
:10C45000FF00FFFF00FFFF00FFFF00FFFF00FFFFE7
:10C4600000FFFF00FFFF00DFFF139484FF9063FFD6
:10C47000505BFF705BFF705BFF705BFF4F5BFFB05B
:10C480006BFFDFFF0CFFFF00FFFF00FFFF00FFFF60
:10C4900000FFFF00FFFF00FFFF00FFFF00FFFF00A6
:10C4A000FFFF00FFFF00FFFF00FFFF00FFFF00FF97
:10C4B000FF00FFFF00FFFF00FFFF009BCE4B9584B6
:10C4C000FF547CFF547CFB747CFF1374FF4F5BFFB5
:10C4D0000E53FF0E53FF0E53FF0E53FF0E53FF0E6E
:10C4E00053FF0E53FF0E4BFF0D4BFF0D4BFF0D4B3C
:10C4F000FF0E4BFF0E4BFF0E4BFFED4AFF2E5BFF77
:10C5000039C658FFFF00FFFF00FFFF00FFFF00FFDD
:10C51000FF00FFFF00FFFF0719BE84D16BFF705BB8
:10C52000FFB163FFB163FFB163FFB163FFB163FFAD
:10C53000B163FFB163FFB163FFB163FFB163FFB1EB
:10C5400063FFB163FFB163FFB163FF6F5BFF2E5306
:10C55000FF4F53FF2F53F80E4BFFF173FF19BE78B7
:10C56000FFFF00FFFF00FFFF00FFFF00FFFF00FFD6
:10C57000FF00FFFF00FFFF00FFFF00FFFF00FFFFC6
:10C5800000FFFF00FFFF00FFFF00FFFF00FFFF00B5
:10C59000FFFF00DFFF139484FF9063FF4F5BFF708A
:10C5A0005BFF705BFF705BFF4F5BFFB06BFFBFF724
:10C5B00010FFFF00FFFF00FFFF00FFFF00FFFF0075
:10C5C000FFFF00FFFF00FFFF00FFFF00FFFF00FF76
:10C5D000FF00FFFF00FFFF00FFFF00FFFF00FFFF66
:10C5E00000FFFF001DDF34F68CFF3474FF757CFB09
:10C5F0007584FF347CFFB163FF2E53FF0E53FF0E93
:10C6000053FF0E53FF0E53FF0E53FF0E53FF0E4BFF
:10C61000FFED4AFBCD42FFCD42FFCD42FFED4AFF89
:10C620000E4BFFED4AFBED4AFFB073FF5DEF14FFC9
:10C63000FF00FFFF00FFFF00FFFF00FFFF00FFFF05
:10C6400000FFFF005EEF271274FF705BFFB163FF16
:10C65000B163FFB163FFB163FF9063FF9063FF902D
:10C6600063FF9063FFB163FFB163FFB163FFB16329
:10C67000FFB163FFB163FF7063FF4F5BFF2F53FF99
:10C680004F5BFF2F53F84F5BFF1174FFFFFF08FF55
:10C69000FF00FFFF00FFFF00FFFF00FFFF00FFFFA5
:10C6A00000FFFF00FFFF00FFFF00FFFF00FFFF0094
:10C6B000FFFF00FFFF00FFFF00FFFF00FFFF00DFA5
:10C6C000FF139484FF9063FF4F5BFF705BFF705B11
:10C6D000FF705BFF4F5BFFB06BFFBFFF10FFFF0002
:10C6E000FFFF00FFFF00FFFF00FFFF00FFFF00FF55
:10C6F000FF00FFFF00FFFF00FFFF00FFFF00FFFF45
:10C7000000FFFF00FFFF00FFFF00FFFF00FFFF072C
:10C71000F68CEC757CFF757CFF9584FF757CFFF2D1
:10C720006BFF4F53FF0E53FF0E53FF0E53FF0E537D
:10C73000FF0E53FF0E53FFED4AF8ED4AFF2E5BFF4D
:10C740009063FFB063FF6F5BFF0E53FFED4AFFCDB9
:10C7500042FF4F5BFF9394FFDFFF07FFFF00FFFFE8
:10C7600000FFFF00FFFF00FFFF00FFFF00FFFF00D3
:10C77000BFFF149484FF9063FF705BFC705BFF70DD
:10C780005BFF705BFC705BFF9063FF9063FF9063E7
:10C79000FF9063F89063FFB163FFB163FFB163FF84
:10C7A0009063FF9063FF705BFF4F5BFF4F5BFF4F3A
:10C7B0005BFF4F53FF4F5BFFF59493FFFF0BFFFFB2
:10C7C00000FFFF00FFFF00FFFF00FFFF00FFFF0073
:10C7D000FFFF00FFFF00FFFF00FFFF00FFFF00FF64
:10C7E000FF00FFFF00FFFF00FFFF00DFFF13948447
:10C7F000FF9063FF4F5BFF705BFF705BFF705BFF41
:10C800004F5BFFB06BFFBFFF10FFFF00FFFF00FF9C
:10C81000FF00FFFF00FFFF00FFFF00FFFF00FFFF23
:10C8200000FFFF00FFFF00FFFF00FFFF00FFFF0012
:10C83000FFFF00FFFF00FFFF0778A58C757CFF75E9
:10C840007CFF9584FF7584FF3374FF705BFF0E538C
:10C85000FF0E53FF0E53FF0E53FF0E53FF0E53FFF9
:10C860000E4BFFCD4AFFED5AFF1184E859CE54FC20
:10C87000DE34D494CBD06BD74E5BCB4E5BDC117CDB
:10C88000F85DEF18FFFF00FFFF00FFFF00FFFF0054
:10C89000FFFF00FFFF00FFFF00FFFF00FFFF005D45
:10C8A000EF241274FF705BFF9063FFB163FFD16BE5
:10C8B000FFF173FF3284E8938CC7F173FF9063FF3D
:10C8C0009063FC9063FC9063FF9063FF9063FF9024
:10C8D00063FF9063FF705BFF4F5BFF4F5BFF6F5B1E
:10C8E000F84F5BFF9063FFD594C8DFFF20FFFF0088
:10C8F000FFFF00FFFF00FFFF00FFFF00FFFF00FF43
:10C90000FF00FFFF00FFFF00FFFF00FFFF00FFFF32
:10C9100000FFFF00FFFF00DFFF139484FF905BFF29
:10C920004F5BFF705BFF705BFF705BFF4F5BFFB0A7
:10C930006BFFBFFF10FFFF00FFFF00FFFF00FFFFC7
:10C9400000FFFF00FFFF00FFFF00FFFF00FFFF00F1
:10C95000FFFF00FFFF00FFFF00FFFF00FFFF00BF22
:10C96000F717589DCF9584FF9584FF9584F795849C
:10C97000FF3474FF905BFF0E53FF0E53FF0E53FF07
:10C980000E53FF0E53FF0E53FF0E4BFFED4AF82ED2
:10C990005BFF7294ABFFFF03FFFF00FFFF00FFFF91
:10C9A00000FFFF00FFFF00FFFF00FFFF03FFFF008E
:10C9B000FFFF00FFFF00FFFF00FFFF00FFFF00FF82
:10C9C000FF00FFFF00FFFF00FFFF00FFFF003DE74C
:10C9D00028D58CBC169D9B369D9856A5A3B8B593BB
:10C9E0009EF724FFFF0B19C6747384F79063F870E9
:10C9F0005BFF9063FF9063FF9063FF9063FF906322
:10CA0000FF9063FF705BFF6F5BFF705BFF705BF815
:10CA10004F5BFF9063FFB48CD47EEF2BFFFF00FFD2
:10CA2000FF00FFFF00FFFF00FFFF00FFFF00FFFF11
:10CA300000FFFF00FFFF00FFFF00FFFF00FFFF0000
:10CA4000FFFF00DFFF139484FF905BFF4F5BFF70DD
:10CA50005BFF705BFF4F5BFF4F5BFFB06BFFBFFF88
:10CA600013FFFF00FFFF00FFFF00FFFF00FFFF00BD
:10CA7000FFFF00FFFF00FFFF00FFFF00FFFF00FFC1
:10CA8000FF00FFFF00FFFF00DFFF0F589DB09684FF
:10CA9000FF9584FF9684F7B684FF547CFFB163FF53
:10CAA0002E53FF0D4BFF0E53FF0E53FF0E53FF0E81
:10CAB00053FF0E4BFF0D4BFBED52FFF07BFFDBDE18
:10CAC00037FFFF00FFFF00FFFF00FFFF00FFFF0039
:10CAD000FFFF00FFFF00FFFF00FFFF00FFFF00FF61
:10CAE000FF00FFFF00FFFF00FFFF00FFFF00FFFF51
:10CAF00000FFFF00FFFF00FFFF00FFFF00FFFF0040
:10CB0000FFFF00FFFF00FFFF00FFFF00FFFF00FF30
:10CB1000FF00FFFF007EEF2CF273FF705BFF705B86
:10CB2000FC9063FF9063FF9063FF9063FF9063FF4F
:10CB30009063FF705BFF705BFF705BFF705BFC706E
:10CB40005BFF705BFF327CFFF9BD7FFFFF03FFFFE0
:10CB500000FFFF00FFFF00FFFF00FFFF00FFFF00DF
:10CB6000FFFF00FFFF00FFFF00FFFF00FFFF00DFF0
:10CB7000FF139384FF705BFF4F5BFF705BFF6F5B86
:10CB8000FF4F5BFF4F5BFFB06BFFBFFF13FFFF006B
:10CB9000FFFF00FFFF00FFFF00FFFF00FFFF00FFA0
:10CBA000FF00FFFF00FFFF00FFFF00FFFF00FFFF90
:10CBB00003DCD648F78CFF757CFF9684FFB684FBB8
:10CBC000B684FF757CFFB16BFF2E53FF0E53FF0E33
:10CBD00053FF0E53FF0E53FF0E53FF0E53FF0E4B2A
:10CBE000FFED4AFF4E6BFF96B574FFFF00FFFF009D
:10CBF000FFFF00FFFF00FFFF00FFFF00FFFF00FF40
:10CC0000FF00FFFF00FFFF00FFFF00FFFF00FFFF2F
:10CC100000FFFF00FFFF00FFFF00FFFF00FFFF001E
:10CC2000FFFF00FFFF00FFFF00FFFF00FFFF00FF0F
:10CC3000FF00FFFF00FFFF00FFFF00FFFF00FFFFFF
:10CC400000FFFF0377A587D16BFF705BFF705BFF71
:10CC50009063FF9063FF9063FF9063FF9063FF908A
:10CC600063FF705BFF705BFF9063FF9063FC905B02
:10CC7000FF9063FF1274FF97AD7BFFFF08FFFF007B
:10CC8000FFFF00FFFF00FFFF00FFFF00FFFF00FFAF
:10CC9000FF00FFFF00FFFF00FFFF00DFFF13938493
:10CCA000FF705BFF4F53FF4F5BFF4F5BFF4F5BFF1F
:10CCB0002F5BFFB06BFFBFFF13FFFF00FFFF00FF05
:10CCC000FF00FFFF00FFFF00FFFF00FFFF00FFFF6F
:10CCD00000FFFF00FFFF00DFFF13D9AD93D68CFFED
:10CCE0009684FF9684FFB684FBB684FF757CFFD1E3
:10CCF00063FF2E53FF0E53FF0E53FF0E53FF0E53D1
:10CD0000FF0E53FF0E53FF0E4BFFED4AFBED52FF9C
:10CD1000F083FFDFFF08FFFF00FFFF00FFFF00FFC2
:10CD2000FF00FFFF00FFFF00FFFF00FFFF00FFFF0E
:10CD300000FFFF00FFFF00FFFF00FFFF00FFFF00FD
:10CD4000FFFF00FFFF00FFFF00FFFF00FFFF00FFEE
:10CD5000FF00FFFF00FFFF00FFFF00FFFF00FFFFDE
:10CD600000FFFF00FFFF00FFFF00FFFF00FFFF00CD
:10CD7000FFFF08F594C8705BFF705BFF9063FF9046
:10CD800063FF9063FF9063FF9063FF705BFF705BD6
:10CD9000FF705BFF9063FF9063FFB163FF9063F8E8
:10CDA000705BFFF26BFF169DCC1CDF38FFFF0BFFA3
:10CDB000FF00FFFF00FFFF00FFFF00FFFF00FFFF7E
:10CDC00000FFFF00FFFF00DFFF137384FF705BFFB6
:10CDD0004F53FF4F5BFF4F5BFF4F5BFF2F5BFFB07E
:10CDE0006BFFBFF713FFFF00FFFF00FFFF00FFFF18
:10CDF00000FFFF00FFFF00FFFF00FFFF00FFFF0439
:10CE0000DCD63F379DF79684FF757CFF9684FFB68E
:10CE10008CFFD78CFF757CFFB163FF2E53FF0D4B4A
:10CE2000FF0E53FF0E53FF0E53FF0E53FF0E53FF23
:10CE30000E53FF0E4BFFCD4AFF2E5BFFD7BD73FF96
:10CE4000FF00FFFF00FFFF00FFFF00FFFF00FFFFED
:10CE500000FFFF00FFFF00FFFF00FFFF00FFFF00DC
:10CE6000FFFF00FFFF00FFFF00FFFF00FFFF00FFCD
:10CE7000FF00FFFF00FFFF00FFFF00FFFF00FFFFBD
:10CE800000FFFF00FFFF00FFFF00FFFF00FFFF00AC
:10CE9000FFFF00FFFF00FFFF00FFFF00FFFF04B7E1
:10CEA000ADA8705BFF705BFF705BFF705BFF705B3A
:10CEB000FF705BFF705BFF705BFF705BFF705BFF81
:10CEC000905BFF9063FFB163FFB163FFB163FCB19F
:10CED00063FF9163FFD26BFF579DAC3DE7307EEF60
:10CEE00023FFFF03FFFF00FFFF00FFFF00FFFF0026
:10CEF000FFFF00DFFF139384FF705BFF4F53FF4F73
:10CF00005BFF4F5BFF4F5BFF2E5BFF906BFFDFFF15
:10CF10000FFFFF00FFFF00FFFF00FFFF00FFFF000C
:10CF2000FFFF047EEF1F7EEF23D9AD87757CFF7571
:10CF30007CFF9584FFB684FBB684FF9684FF547C07
:10CF4000FFB163FF0E53FF0D4BFF0E53FF0E53FF58
:10CF50000E53FF0E53FF0E53FF0E53FF0E53FF0EE3
:10CF60004BFFCD42FF4F5BFF59C64FFFFF00FFFF56
:10CF700000FFFF00FFFF00FFFF00FFFF00FFFF00BB
:10CF8000FFFF00FFFF00FFFF00FFFF00FFFF00FFAC
:10CF9000FF00FFFF00FFFF00FFFF00FFFF00FFFF9C
:10CFA00000FFFF00FFFF00FFFF00FFFF00FFFF008B
:10CFB000FFFF00FFFF00FFFF00FFFF00FFFF00FF7C
:10CFC000FF00FFFF00FFFF00BFFF207384FF4F5BE8
:10CFD000FF705BFF705BFF705BFF705BFF705BFF60
:10CFE000705BFF705BFF705BFF705BFF705BFF90BF
:10CFF00063FF9063FFB163FFD16BFFD16BFFB16340
:10D00000FFB16BFFD26BFF1274FF7484FF7ACE57AF
:10D01000DFFF1BFFFF08FFFF00FFFF00FFFF00DF38
:10D02000FF0F7384FF705BFF4F53FF4F5BFF4F5B3E
:10D03000FF4F53FF2E53FF906BFF9EF71FFFFF0024
:10D04000FFFF00FFFF00FFFF0F7EEF283AC668B624
:10D050008CFF757CFF757CFF757CFF957CFF96844B
:10D06000FFB684FF9584FF3374FF705BFF0E4BFFA8
:10D070000E4BFF0E53FF0E53FF0E53FF0E53FF0ECA
:10D0800053FF0E53FF0E53FF0E4BFF0E4BFFED4AA7
:10D09000FF0E4BFFF16BFF3DE71CFFFF00FFFF00A2
:10D0A000FFFF00FFFF00FFFF00FFFF00FFFF00FF8B
:10D0B000FF00FFFF00FFFF00FFFF00FFFF00FFFF7B
:10D0C00000FFFF00FFFF00FFFF00FFFF00FFFF006A
:10D0D000FFFF00FFFF00FFFF00FFFF00FFFF00FF5B
:10D0E000FF00FFFF00FFFF00FFFF00FFFF00FFFF4B
:10D0F00000FFFF0356A59F9063FF4F5BFF705BFF30
:10D10000705BFF705BFF705BFF705BFF705BFF70BD
:10D110005BFF705BFF705BFF705BFF705BFF905BA2
:10D12000FF9063FFB16BFFD26BFFD26BFFD26BFF3F
:10D13000D26BFFB163FFD26BFF747CFFF694FFD913
:10D14000B5749BCE3B1DE733FFFF13BEF727327C40
:10D15000FF4F5BFF4F5BFF4F5BFF4F5BFF2F53FFAB
:10D160000E53FF906BFFD8B5973DE73B1DE72CBBF7
:10D17000D63878A5A3D68CFF757CFF3474FF347441
:10D18000FF757CFF9584FF9684FF9584FF547CFF98
:10D19000D16BFF6F5BFF0E53FF0D4BFF0E53FF0E66
:10D1A00053FF0E53FF0E53FF0E53FF0E53FF0E534C
:10D1B000FF0E4BFF0E4BFF0E4BFF0E4BFFED4AF8E1
:10D1C0000E4BFF527CFF5DEF1FFFFF00FFFF00FFD4
:10D1D000FF00FFFF00FFFF00FFFF00FFFF00FFFF5A
:10D1E00000FFFF00FFFF00FFFF00FFFF00FFFF0049
:10D1F000FFFF00FFFF00FFFF00FFFF00FFFF00FF3A
:10D20000FF00FFFF00FFFF00FFFF00FFFF00FFFF29
:10D2100000FFFF00FFFF00FFFF00FFFF005AC64CAA
:10D220009063FF2F53FF705BFC705BFF705BFF70C0
:10D230005BFF705BFF705BFF705BFF705BFF705BA1
:10D24000FF705BFF705BFF705BFF705BFF705BFFED
:10D250009063FFB163FFD16BFFF26BFFF273FF13BB
:10D2600074FF1374FFF26BFFD26BFFD26BFF13746A
:10D27000FF9584FF98ADC777A5ACB163FC4F5BFF0A
:10D280004F5BFF4F5BFF4F5BFF2F53FF2F53FC9014
:10D2900063FC537CFFD58CFF9584FF1374FFF36B05
:10D2A000FF1374FF3474FF547CFF7584FF9584FF73
:10D2B0007584FF547CFFF26BFF9063FF2E53FF0DCC
:10D2C0004BFF0E53FF0E53FF0E53FF0E53FF0E5333
:10D2D000FF0E53FF0E53FF0E53FF0E4BFF0E4BFF7F
:10D2E0000E4BFF0E4BFF0E4BFF0D4BFFCD42F84E8A
:10D2F00053FFB38CB3FFFF00FFFF00FFFF00FFFFF2
:10D3000000FFFF00FFFF00FFFF00FFFF00FFFF0027
:10D31000FFFF00FFFF00FFFF00FFFF00FFFF00FF18
:10D32000FF00FFFF00FFFF00FFFF00FFFF00FFFF08
:10D3300000FFFF00FFFF00FFFF00FFFF00FFFF00F7
:10D34000FFFF00FFFF00BBD64C3274FF705BFF6F26
:10D350005BF8705BFF705BFF705BFF705BFF705B87
:10D36000FF705BFF705BFF705BFF705BFF705BFFCC
:10D37000705BFF705BFF6F5BFF6F5BFF6F5BFF704E
:10D380005BFF9063FFB163FFD26BFF126CFF1374FE
:10D39000FF3374FF3374FF3374FF3374FF3374FF50
:10D3A0003474FF136CFF705BFF4F53FC4F5BFF4FF8
:10D3B0005BFF4F5BFF2F53FF4F5BFF9163FFF26BF0
:10D3C000FF1374FF1374FF3374FF3474FF547CFF36
:10D3D000547CFF547CFF547CFF3474FFF26BFFB12C
:10D3E00063FF4F53FF0E4BFF0E53FF0E53FF0E53C1
:10D3F000FF0E53FF0E53FF0E53FF0E53FF0E4BFF56
:10D400000E4BFF0E4BFF0E4BFF0E4BFF0E4BFF0E56
:10D410004BFF0E4BFF0E4BFF0D4BFFAC42FFD06B93
:10D42000BBFFFF0BFFFF00FFFF00FFFF00FFFF0040
:10D43000FFFF00FFFF00FFFF00FFFF00FFFF00FFF7
:10D44000FF00FFFF00FFFF00FFFF00FFFF00FFFFE7
:10D4500000FFFF00FFFF00FFFF00FFFF00FFFF00D6
:10D46000FFFF00FFFF00FFFF00FFFF00FFFF00FFC7
:10D47000FF04B48CE8705BFF4F5BF8705BFF705B80
:10D48000FF705BFF705BFF705BFF705BFF705BFFAB
:10D49000705BFF705BFF705BFF705BFF705BFF6F2B
:10D4A0005BFF6F5BFF6F5BFF6F5BFF6F5BFF6F5B34
:10D4B000FF6F5BFF9063FFD16BFFF26BFF1374FF95
:10D4C0003374FF3374FF3474FF3474FF547CFF13E0
:10D4D00074FF905BFF2F53FF4F5BFF4F5BFF2F539A
:10D4E000FF2E53FF4F5BFF9163FFF26BFF1374FF3F
:10D4F0001374FF3374FF3474FF3474FF3474FF13F8
:10D5000074FFD26BFF705BFF2E53FF2E53FF2E5321
:10D51000FF0E53FF0E53FF0E53FF0E53FF0E53FF2C
:10D520000E53FF0E53FF0E4BFFED4AFBED4AFFED8E
:10D530004AFFED4AFF0E4BFF0E4BFF0E4BFF0E4B0B
:10D54000FF0E4BFF0D4BFF8C3AFF9063FF1CDF403B
:10D55000FFFF00FFFF00FFFF00FFFF00FFFF00FFD6
:10D56000FF00FFFF00FFFF00FFFF00FFFF00FFFFC6
:10D5700000FFFF00FFFF00FFFF00FFFF00FFFF00B5
:10D58000FFFF00FFFF00FFFF00FFFF00FFFF00FFA6
:10D59000FF00FFFF00FFFF00FFFF00FFFF0C327CDA
:10D5A000EF2F53FF4F53FC705BFF705BFF705BFF0F
:10D5B000705BFF6F5BFF6F5BFF6F5BFF4F5BFF4F4E
:10D5C00053FF4F53FF4F5BFF4F5BFF6F5BFF4F5BA3
:10D5D000FF4F5BFF4F5BFF4F5BFF4F5BFF4F5BFFFF
:10D5E0004F5BFF705BFF905BFF9063FFD16BFFF2BF
:10D5F0006BFF1374FF547CFF757CFF547CFF9063BA
:10D60000FF2F53FF2F53FF2F53FF2F53FF2E53FF97
:10D610004F5BFF9163FF1374FF3374FF1374FFF2CA
:10D620006BFFF26BFFB163FF9063FF6F5BFF4F5BBC
:10D63000FF2E53FF0E4BFF0E53FF0E53FF0E53FFF3
:10D640000E53FF0E53FF0E53FF0E53FF0E4BFF0EF4
:10D650004BFFED4AFBED52FF2E5BFF0E53FFED42F9
:10D66000FFED4AF80E4BFF0E4BFF0E4BFF0E4BFF2C
:10D67000ED4AF8ED4AFFF173E3DFFF0CFFFF00FF17
:10D68000FF00FFFF00FFFF00FFFF00FFFF00FFFFA5
:10D6900000FFFF00FFFF00FFFF00FFFF00FFFF0094
:10D6A000FFFF00FFFF00FFFF00FFFF00FFFF00FF85
:10D6B000FF00FFFF00FFFF00FFFF00FFFF00FFFF75
:10D6C00000FFFF00FFFF00FFFF07D48CD3705BFF5C
:10D6D0002F53FF4F5BF86F5BFF6F5BFF6F5BFF4F7D
:10D6E0005BFF4F5BFC2F53FC2E5BFF6F63FF906370
:10D6F000FF4F53FF2F53FF4F5BF86F5BFF4F5BFFF5
:10D700004F5BFF4F5BFF4F5BFF4F5BFF4F5BFF4F7D
:10D710005BFF4F5BFF4F5BFF6F5BFF9063FFB1638E
:10D72000FFD16BFFF26BFFD26BFF705BFF2F53FFDC
:10D730002F53FF2F53FF2F53FF2E53FF2F53FF70F5
:10D740005BFFB163FFB163FF9063FF905BFF705BB2
:10D75000FF4F53FF0E53FF0E53FF0E53FF2E53FF89
:10D760002E53FF2E53FF0E53FF0E53FF0E53FF0E8B
:10D7700053FF0E53FF0E53FFED4AF8ED4AFF2E63A1
:10D78000FFD07BFF97B58B18BE731174FF0E4BFF54
:10D79000CD42FF0E4BFB0E4BFFED4AF8CD42FFB0E2
:10D7A0006BFF56AD8BFFFF00FFFF00FFFF00FFFF89
:10D7B00000FFFF00FFFF00FFFF00FFFF00FFFF0073
:10D7C000FFFF00FFFF00FFFF00FFFF00FFFF00FF64
:10D7D000FF00FFFF00FFFF00FFFF00FFFF00FFFF54
:10D7E00000FFFF00FFFF00FFFF00FFFF00FFFF0043
:10D7F000FFFF00FFFF00BFF71B327CEB705BFF2FCA
:10D8000053FF4F5BFC6F5BFF4F5BFF2F53FC2F53AE
:10D81000FF6F63FFB07BFF7294DCB48CD31274E3B0
:10D82000B063FF4F5BFF2F53FC4F5BFC4F5BFF4F21
:10D830005BFF4F5BFF4F5BFF4F5BFF4F5BFF4F5B40
:10D84000FF4F5BFF4F53FF4F53FF2F53FF2F53FFEC
:10D850002F53FF2F53FF2F53FF2F53FF2F53FF2F14
:10D8600053FF2F53FF2F53FF2F53FF2F53FF2E53E1
:10D87000FF2E53FF2E53FF2E53FF2E53FF2E53FF29
:10D880002E53FF2E53FF2E53FF2E53FF0E53FF0E2A
:10D8900053FF0E53FF0E53FF0E53FF0E53FF0E4B5D
:10D8A000FFED4AF7ED52FF4E63FF528CFC9AD64FC4
:10D8B000FFFF03FFFF00FCDE38327CFF2E53FFED3D
:10D8C0004AFFCD42FF0D4BFFB06BFFF49CBCFFFF46
:10D8D0000BFFFF00FFFF00FFFF00FFFF00FFFF0047
:10D8E000FFFF00FFFF00FFFF00FFFF00FFFF00FF43
:10D8F000FF00FFFF00FFFF00FFFF00FFFF00FFFF33
:10D9000000FFFF00FFFF00FFFF00FFFF00FFFF0021
:10D91000FFFF00FFFF00FFFF00FFFF00FFFF00FF12
:10D92000FF00FFFF00DFFF10327CE79063FF0E5324
:10D93000FF2F53F82F53FF6F5BFFD073FF528CE81C
:10D94000DBDE43FFFF08FFFF03FFFF0C97AD93F102
:10D9500073FF2E53FF2F53FF4F5BFF4F5BFF4F5B58
:10D96000FF4F5BFF4F5BFF4F5BFF4F5BFF4F5BFF6B
:10D970002F53FF2F53FF2F53FF2F53FF2E53FF2EF5
:10D9800053FF2F53FF2F53FF2F53FF2F53FF2E53C0
:10D99000FF2E53FF2E53FF2E53FF2E53FF2E53FF08
:10D9A0002E53FF2E53FF2E53FF2E53FF2E53FF2EC9
:10D9B00053FF2E53FF0E53FF0E53FF0E53FF0E5314
:10D9C000FF0E53FF0E53FF0E4BFFED4AF8CC52FFF4
:10D9D0006F73FF76B573FFFF07FFFF00FFFF00FFC8
:10D9E000FF00FFFF00FFFF1097AD672E53F72E5388
:10D9F000D8B06BE7B7B58BFFFF0BFFFF00FFFF0051
:10DA0000FFFF00FFFF00FFFF00FFFF00FFFF00FF21
:10DA1000FF00FFFF00FFFF00FFFF00FFFF00FFFF11
:10DA200000FFFF00FFFF00FFFF00FFFF00FFFF0000
:10DA3000FFFF00FFFF00FFFF00FFFF00FFFF00FFF1
:10DA4000FF00FFFF00FFFF00FFFF00FFFF00FFFFE1
:10DA500000FFFF00DFFF0FD494D0B063FF4F5BFFE8
:10DA6000D16BFF7384F7DBDE4FFFFF0BFFFF00FF7F
:10DA7000FF00FFFF00FFFF00FFFF005DEF37537C5B
:10DA8000FF4F5BFF2E53FF4F5BFF4F5BFF4F5BFF73
:10DA90002F53FF2F53FF2F53FF2F53FF2F53FF2FD2
:10DAA00053FF2F53FF2F53FF2F53FF2F53FF2F539E
:10DAB000FF2F53FF2F53FF2E53FF2E53FF2E53FFE5
:10DAC0002E53FF2E53FF2E53FF2E53FF2E53FF2EA8
:10DAD00053FF2E53FF2E53FF2E53FF2E53FF0E5393
:10DAE000FF0E53FF0E53FF0E53FF0E53FF0E53FF57
:10DAF0000E53FF0E4BFFCC4AFF4E6BFF96B57BFFDC
:10DB0000FF03FFFF00FFFF00FFFF00FFFF00FFFF1D
:10DB100000FFFF00FFFF00FFFF0CDFFF0FFFFF070D
:10DB2000FFFF00FFFF00FFFF00FFFF00FFFF00FF00
:10DB3000FF00FFFF00FFFF00FFFF00FFFF00FFFFF0
:10DB400000FFFF00FFFF00FFFF00FFFF00FFFF00DF
:10DB5000FFFF00FFFF00FFFF00FFFF00FFFF00FFD0
:10DB6000FF00FFFF00FFFF00FFFF00FFFF00FFFFC0
:10DB700000FFFF00FFFF00FFFF00FFFF00FFFF00AF
:10DB8000FFFF00DFFF1377A59BF594A0B7B590BF0B
:10DB9000F71FFFFF00FFFF00FFFF00FFFF00FFFF79
:10DBA00000FFFF00FFFF00FFFF0756A5DC9063FFAB
:10DBB0000E4BFF2F53FF4F5BFF4F5BFF2F53FF2F8A
:10DBC00053FF2F53FF2F53FF2F53FF2F53FF2F537D
:10DBD000FF2F53FF2F53FF2F53FF2F53FF2F53FFC1
:10DBE0002F53FF2E53FF2E53FF2E53FF2E53FF2E86
:10DBF00053FF2E53FF2E53FF2E53FF2E53FF2E5352
:10DC0000FF2E53FF2E53FF0E53FF0E53FF0E53FFF5
:10DC10000E53FF0E53FF0E53FF0E53FF0E53FF0D17
:10DC20004BFFED52FF117CC7FFFF0BFFFF00FFFF13
:10DC300000FFFF00FFFF00FFFF00FFFF00FFFF00EE
:10DC4000FFFF00FFFF00FFFF00FFFF00FFFF00FFDF
:10DC5000FF00FFFF00FFFF00FFFF00FFFF00FFFFCF
:10DC600000FFFF00FFFF00FFFF00FFFF00FFFF00BE
:10DC7000FFFF00FFFF00FFFF00FFFF00FFFF00FFAF
:10DC8000FF00FFFF00FFFF00FFFF00FFFF00FFFF9F
:10DC900000FFFF00FFFF00FFFF00FFFF00FFFF008E
:10DCA000FFFF00FFFF00FFFF00FFFF00FFFF00FF7F
:10DCB000FF00FFFF00FFFF00FFFF00FFFF00FFFF6F
:10DCC00000FFFF00FFFF00FFFF00FFFF00FFFF005E
:10DCD000FFFF00FFFF08F594E79063FF0E4BFF2F57
:10DCE00053FF2F53FF2F53FF2F53FF2F53FF2F535C
:10DCF000FF2F53FF2F53FF2F53FF2E53FF2E53FFA2
:10DD00002E53FF2E53FF2E53FF2E53FF2E53FF2E65
:10DD100053FF2E53FF2E53FF2E53FF2E53FF2E5330
:10DD2000FF2E53FF2E53FF0E53FF0E53FF0E4BFFDC
:10DD30000E4BFFED4AFC0E53FF0E53FF0E53FF0E2A
:10DD400053FF0E53FF0E53FF0E4BFFED4AFF0E53D2
:10DD5000FF7284A7FFFF00FFFF00FFFF00FFFF002F
:10DD6000FFFF00FFFF00FFFF00FFFF00FFFF00FFBE
:10DD7000FF00FFFF00FFFF00FFFF00FFFF00FFFFAE
:10DD800000FFFF00FFFF00FFFF00FFFF00FFFF009D
:10DD9000FFFF00FFFF00FFFF00FFFF00FFFF00FF8E
:10DDA000FF00FFFF00FFFF00FFFF00FFFF00FFFF7E
:10DDB00000FFFF00FFFF00FFFF00FFFF00FFFF006D
:10DDC000FFFF00FFFF00FFFF00FFFF00FFFF00FF5E
:10DDD000FF00FFFF00FFFF00FFFF00FFFF00FFFF4E
:10DDE00000FFFF00FFFF00FFFF00FFFF00FFFF003D
:10DDF000FFFF00FFFF00FFFF00FFFF00FFFF00DF4E
:10DE0000FF0CF173EF4F5BFF0E53FF2F53FF2F53A8
:10DE1000FF2F53FF2F53FF2F53FF2F53FF2F53FF7E
:10DE20002E53FF2E53F82E53F82E53F82E53FC2E5C
:10DE300053FF2E53FF2E53FF2E53FF2E53FF2E530F
:10DE4000FF2E53FF2E53FF2E53FF2E53FF2E53FF53
:10DE50000E53FF0E4BF80D4BF8ED4AF7ED4AFFED70
:10DE60004AFFED4AFC0E53FF0E53FF0E53FF0E4BBD
:10DE7000FF0E4BFF0E4BFFED4AFF0D4BFF327CA711
:10DE8000FFFF00FFFF00FFFF00FFFF00FFFF00FF9D
:10DE9000FF00FFFF00FFFF00FFFF00FFFF00FFFF8D
:10DEA00000FFFF00FFFF00FFFF00FFFF00FFFF007C
:10DEB000FFFF00FFFF00FFFF00FFFF00FFFF00FF6D
:10DEC000FF00FFFF00FFFF00FFFF00FFFF00FFFF5D
:10DED00000FFFF00FFFF00FFFF00FFFF00FFFF004C
:10DEE000FFFF00FFFF00FFFF00FFFF00FFFF00FF3D
:10DEF000FF00FFFF00FFFF00FFFF00FFFF00FFFF2D
:10DF000000FFFF00FFFF00FFFF00FFFF00FFFF001B
:10DF1000FFFF00FFFF00FFFF00FFFF00FFFF00FF0C
:10DF2000FF00FFFF00FFFF00FFFF00DFFF104F5B60
:10DF3000F02E53FF2F53FF4F53FF2F53FF2F53FF4D
:10DF40002F53FF4F53FF2E53FFEE52F8ED52FF4F6A
:10DF500063FFB06BFF9063FF2E53FF2E53FC2E53D5
:10DF6000FC2E53FF2E53FF2E53FF2E53FF2E53FF35
:10DF70002E53FF2E53FF0E53FFED4AF8ED4AFF2EAE
:10DF80005BFF8F6BFFD073FF5284FF7284FF6F6360
:10DF9000FFCD42FC0E4BFC0E53FF0E4BFF0E4BFF12
:10DFA0000E4BFFED4AFFCD42FFF16BCFDFFF17FFB6
:10DFB000FF00FFFF00FFFF00FFFF00FFFF00FFFF6C
:10DFC00000FFFF00FFFF00FFFF00FFFF00FFFF005B
:10DFD000FFFF00FFFF00FFFF00FFFF00FFFF00FF4C
:10DFE000FF00FFFF00FFFF00FFFF00FFFF00FFFF3C
:10DFF00000FFFF00FFFF00FFFF00FFFF00FFFF002B
:10E00000FFFF00FFFF00FFFF00FFFF00FFFF00FF1B
:10E01000FF00FFFF00FFFF00FFFF00FFFF00FFFF0B
:10E0200000FFFF00FFFF00FFFF00FFFF00FFFF00FA
:10E03000FFFF00FFFF00FFFF00FFFF00FFFF00FFEB
:10E04000FF00FFFF00FFFF00FFFF00FFFF00FFFFDB
:10E0500000FFFF00FFFF009BCE534F53FF0E53FF07
:10E060004F53FF4F53FF2F53FF2E53FF2F53FF2FBD
:10E0700053FF0E53FCED5AFFB07BFFB7B567BBD61D
:10E080003B5AC650F594AF6F5BFF2E53FF2E53FFE4
:10E090002E53FF2E53FF2E53FF2E53FF2E53FF0EF2
:10E0A00053FFCD4AF82E5BFFD073FFD8BD589AD6E8
:10E0B000407AD64F1CE73F9EF72F159D7F0D4BFFF3
:10E0C000ED4AFF0E4BFF0E4BFF0E4BFF0E4BFF0DAD
:10E0D0004BFFCD42FF9063FF19BE7BFFFF00FFFFA8
:10E0E00000FFFF00FFFF00FFFF00FFFF00FFFF003A
:10E0F000FFFF00FFFF00FFFF00FFFF00FFFF00FF2B
:10E10000FF00FFFF00FFFF00FFFF00FFFF00FFFF1A
:10E1100000FFFF00FFFF00FFFF00FFFF00FFFF0009
:10E12000FFFF00FFFF00FFFF00FFFF00FFFF00FFFA
:10E13000FF00FFFF00FFFF00FFFF00FFFF00FFFFEA
:10E1400000FFFF00FFFF00FFFF00FFFF00FFFF00D9
:10E15000FFFF00FFFF00FFFF00FFFF00FFFF00FFCA
:10E16000FF00FFFF00FFFF00FFFF00FFFF00FFFFBA
:10E1700000FFFF00FFFF00FFFF00FFFF00FFFF00A9
:10E18000FFFF08D48CFF2E53FFEE4AF82F53FF2FCA
:10E1900053FF2E53FF2E53FF2E53FF2E53FC0E53CF
:10E1A000FF8F73FF59CE58FFFF00FFFF00FFFF00F6
:10E1B000BEF724D06BFF2E53FF0E53FF2E53FF2EBE
:10E1C00053FF0E53FF0E53FF0E53FFED4AFFCD5288
:10E1D000FFD07BFFDBDE47FFFF00FFFF00FFFF00FC
:10E1E000FFFF00FFFF007EEF281174FFED4AFFEDF7
:10E1F0004AFF0E4BFF0E4BFF0E4BFFED4AFFCD4289
:10E20000FB4F5BFFB394C3FFFF03FFFF00FFFF0063
:10E21000FFFF00FFFF00FFFF00FFFF00FFFF00FF09
:10E22000FF00FFFF00FFFF00FFFF00FFFF00FFFFF9
:10E2300000FFFF00FFFF00FFFF00FFFF00FFFF00E8
:10E24000FFFF00FFFF00FFFF00FFFF00FFFF00FFD9
:10E25000FF00FFFF00FFFF00FFFF00FFFF00FFFFC9
:10E2600000FFFF00FFFF00FFFF00FFFF00FFFF00B8
:10E27000FFFF00FFFF00FFFF00FFFF00FFFF00FFA9
:10E28000FF00FFFF00FFFF00FFFF00FFFF00FFFF99
:10E2900000FFFF00FFFF00FFFF00FFFF00FFFF0088
:10E2A000FFFF00FFFF00FFFF00FFFF00FFFF04561E
:10E2B000A5C02E53FFCD4AFF2E53FF2E53FF2E53E2
:10E2C000FF2E53FF2E53FF0E4BFF6F63FF56ADA083
:10E2D000FFFF04FFFF00FFFF00FFFF00FFFF0C1127
:10E2E00074F84E53FF0E4BFF0E53FF0E53FF0E53A9
:10E2F000FF0E53FF0E53FFED4AFF2E63FFF4A4CF32
:10E30000FFFF04FFFF00FFFF00FFFF00FFFF00FF14
:10E31000FF00FFFF0897AD830E53FFCD42FF0E4B6A
:10E32000FF0D4BFFED4AFFCD42FFCD42FFB06BFF2B
:10E330009BD654FFFF00FFFF00FFFF00FFFF00FF21
:10E34000FF00FFFF00FFFF00FFFF00FFFF00FFFFD8
:10E3500000FFFF00FFFF00FFFF00FFFF00FFFF00C7
:10E36000FFFF00FFFF00FFFF00FFFF00FFFF00FFB8
:10E37000FF00FFFF00FFFF00FFFF00FFFF00FFFFA8
:10E3800000FFFF00FFFF00FFFF00FFFF00FFFF0097
:10E39000FFFF00FFFF00FFFF00FFFF00FFFF00FF88
:10E3A000FF00FFFF00FFFF00FFFF00FFFF00FFFF78
:10E3B00000FFFF00FFFF00FFFF00FFFF00FFFF0067
:10E3C000FFFF00FFFF00FFFF00FFFF00FFFF00FF58
:10E3D000FF00FFFF00FFFF00FFFF009EF728327CD9
:10E3E000FF6F5BFFEE4AFFED4AFF0E4BFF0E4BFC4B
:10E3F000EE4AFF2E5BFF3184FF9EF728FFFF00FFF0
:10E40000FF00FFFF00FFFF00FFFF109384FF4F5B43
:10E41000FFED4AFF0E53FF0E53FF0E53FF0E53FF47
:10E420000E4BFFED4AFF6F63FFDBDE53FFFF03FF81
:10E43000FF00FFFF00FFFF00FFFF00FFFF00FFFFE7
:10E44000005DEF2F1174FFCD42FFAC42FFCD42FFC4
:10E450000D53FF4E5BFFF173FF59C668FFFF07FFC7
:10E46000FF00FFFF00FFFF00FFFF00FFFF00FFFFB7
:10E4700000FFFF00FFFF00FFFF00FFFF00FFFF00A6
:10E48000FFFF00FFFF00FFFF00FFFF00FFFF00FF97
:10E49000FF00FFFF00FFFF00FFFF00FFFF00FFFF87
:10E4A00000FFFF00FFFF00FFFF00FFFF00FFFF0076
:10E4B000FFFF00FFFF00FFFF00FFFF00FFFF00FF67
:10E4C000FF00FFFF00FFFF00FFFF00FFFF00FFFF57
:10E4D00000FFFF00FFFF00FFFF00FFFF00FFFF0046
:10E4E000FFFF00FFFF00FFFF00FFFF00FFFF00FF37
:10E4F000FF00FFFF00FFFF00FFFF00FFFF00FFFF27
:10E5000000FFFF00FFFF00FFFF009EF723D8B59438
:10E51000527CFFD06BFF6F5BFF2E53FF6F5BFF5290
:10E5200084FF9AD650FFFF00FFFF00FFFF00FFFFB0
:10E5300000FFFF00FFFF13F594FF6F5BFFCD4AFC68
:10E540000E53FF0E53FF0E53FF0E53FF0E4BFF0EE5
:10E5500053FF6F6BFFBFFF17FFFF00FFFF00FFFFC1
:10E5600000FFFF00FFFF00FFFF00FFFF00FFFF08AD
:10E570007ACE68527CFFB063FF1174FFB38CFF3911
:10E58000C66B9EF724FFFF07FFFF00FFFF00FFFFA2
:10E5900000FFFF00FFFF00FFFF00FFFF00FFFF0085
:10E5A000FFFF00FFFF00FFFF00FFFF00FFFF00FF76
:10E5B000FF00FFFF00FFFF00FFFF00FFFF00FFFF66
:10E5C00000FFFF00FFFF00FFFF00FFFF00FFFF0055
:10E5D000FFFF00FFFF00FFFF00FFFF00FFFF00FF46
:10E5E000FF00FFFF00FFFF00FFFF00FFFF00FFFF36
:10E5F00000FFFF00FFFF00FFFF00FFFF00FFFF0025
:10E60000FFFF00FFFF00FFFF00FFFF00FFFF00FF15
:10E61000FF00FFFF00FFFF00FFFF00FFFF00FFFF05
:10E6200000FFFF00FFFF00FFFF00FFFF00FFFF00F4
:10E63000FFFF00FFFF00FFFF00FFFF0BDFFF173DA5
:10E64000E738F494EB1174FFF8B563DFFF17FFFFB1
:10E6500003FFFF00FFFF00FFFF00FFFF00FFFF00C1
:10E66000FFFF0F159DEF4F5BFFAC42FFED4AFFED43
:10E670004AFFED4AFF0D4BFFED42FC0E53FFD073F6
:10E68000FFDFFF10FFFF00FFFF00FFFF00FFFF00A5
:10E69000FFFF00FFFF00FFFF00FFFF00FFFF04BFC1
:10E6A000FF1FBEF71FBFF71FDFFF1CFFFF07FFFFA6
:10E6B00000FFFF00FFFF00FFFF00FFFF00FFFF0064
:10E6C000FFFF00FFFF00FFFF00FFFF00FFFF00FF55
:10E6D000FF00FFFF00FFFF00FFFF00FFFF00FFFF45
:10E6E00000FFFF00FFFF00FFFF00FFFF00FFFF0034
:10E6F000FFFF00FFFF00FFFF00FFFF00FFFF00FF25
:10E70000FF00FFFF00FFFF00FFFF00FFFF00FFFF14
:10E7100000FFFF00FFFF00FFFF00FFFF00FFFF0003
:10E72000FFFF00FFFF00FFFF00FFFF00FFFF00FFF4
:10E73000FF00FFFF00FFFF00FFFF00FFFF00FFFFE4
:10E7400000FFFF00FFFF00FFFF00FFFF00FFFF00D3
:10E75000FFFF00FFFF00FFFF00FFFF00FFFF00FFC4
:10E76000FF00FFFF00FFFF00FFFF00FFFF00FFFFB4
:10E7700013BEF71BFFFF04FFFF00FFFF00FFFF00BA
:10E78000FFFF00FFFF00FFFF00FFFF00FFFF003D56
:10E79000E72F8F5BFFCD42FFED4AFFED4AFFED4AC9
:10E7A000FFED4AFFCD42FF4E5BFF938CFFFFFF1052
:10E7B000FFFF00FFFF00FFFF00FFFF00FFFF00FF64
:10E7C000FF00FFFF00FFFF00FFFF00FFFF00FFFF54
:10E7D00000FFFF00FFFF00FFFF00FFFF00FFFF0043
:10E7E000FFFF00FFFF00FFFF00FFFF00FFFF00FF34
:10E7F000FF00FFFF00FFFF00FFFF00FFFF00FFFF24
:10E8000000FFFF00FFFF00FFFF00FFFF00FFFF0012
:10E81000FFFF00FFFF00FFFF00FFFF00FFFF00FF03
:10E82000FF00FFFF00FFFF00FFFF00FFFF00FFFFF3
:10E8300000FFFF00FFFF00FFFF00FFFF00FFFF00E2
:10E84000FFFF00FFFF00FFFF00FFFF00FFFF00FFD3
:10E85000FF00FFFF00FFFF00FFFF00FFFF00FFFFC3
:10E8600000FFFF00FFFF00FFFF00FFFF00FFFF00B2
:10E87000FFFF00FFFF00FFFF00FFFF00FFFF00FFA3
:10E88000FF00FFFF00FFFF00FFFF00FFFF00FFFF93
:10E8900000FFFF00FFFF03FFFF00FFFF00FFFF007F
:10E8A000FFFF00FFFF03FFFF00FFFF00FFFF00FF70
:10E8B000FF00FFFF00FFFF03FFFF00FFFF0B76A538
:10E8C000B81174FFF173E71174E3F173E4F173E7C6
:10E8D000D06BFF7284F77EEF28FFFF00FFFF00FF81
:10E8E000FF00FFFF00FFFF00FFFF00FFFF00FFFF33
:10E8F00000FFFF00FFFF00FFFF00FFFF00FFFF0022
:10E90000FFFF00FFFF00FFFF00FFFF00FFFF00FF12
:10E91000FF00FFFF00FFFF00FFFF00FFFF00FFFF02
:10E9200000FFFF00FFFF00FFFF00FFFF00FFFF00F1
:10E93000FFFF00FFFF00FFFF00FFFF00FFFF00FFE2
:10E94000FF00FFFF00FFFF00FFFF00FFFF00FFFFD2
:10E9500000FFFF00FFFF00FFFF00FFFF00FFFF00C1
:10E96000FFFF00FFFF00FFFF00FFFF00FFFF00FFB2
:10E97000FF00FFFF00FFFF00FFFF00FFFF00FFFFA2
:10E9800000FFFF00FFFF00FFFF00FFFF00FFFF0091
:10E99000FFFF00FFFF00FFFF00FFFF00FFFF00FF82
:10E9A000FF00FFFF00FFFF00FFFF00FFFF00FFFF72
:10E9B00000FFFF00FFFF00FFFF00FFFF00FFFF0061
:10E9C000FFFF00FFFF00FFFF00FFFF00FFFF00FF52
:10E9D000FF00FFFF00FFFF00FFFF00FFFF00FFFF42
:10E9E00000FFFF00FFFF00FFFF03FFFF08FFFF0C1A
:10E9F000FFFF0CFFFF0BFFFF10DFFF18DFFF13FF10
:10EA0000FF0BFFFF00FFFF00FFFF00FFFF00FFFF06
:10EA100000FFFF00FFFF00FFFF00FFFF00FFFF0000
:10EA2000FFFF00FFFF00FFFF00FFFF00FFFF00FFF1
:10EA3000FF00FFFF00FFFF00FFFF00FFFF00FFFFE1
:10EA400000FFFF00FFFF00FFFF00FFFF00FFFF00D0
:10EA5000FFFF00FFFF00FFFF00FFFF00FFFF00FFC1
:10EA6000FF00FFFF00FFFF00FFFF00FFFF00FFFFB1
:10EA700000FFFF00FFFF00FFFF00FFFF00FFFF00A0
:10EA8000FFFF00FFFF00FFFF00FFFF000590810C6C
:10EA9000307500005C750308E007E007E007E00759
:10EAA000E007E007E007E007E007E007E007E0072E
:10EAB000E007E007E007E007E007E007E007E0071E
:10EAC000E007E007E007E007E007E007E007E0070E
:10EAD000E007E007E007E007E007E007E007E007FE
:10EAE000E007E007E007E007E007E007E007E007EE
:10EAF000E007E007F694F373D26BF26BF26BB1634D
:10EB00003374E007E007E007E007E007E007E0070D
:10EB1000E007E007E007E007E007E007E007E007BD
:10EB2000E007E007E007E007E007E007E007E007AD
:10EB3000E007E007E007E007E007E007E007E0079D
:10EB4000E007E007E007E007E007E007E007E0078D
:10EB5000E007E007E007E007E007E007E007E0077D
:10EB6000E007E007E007E007E007E007E007E0076D
:10EB7000E007E007E007E007E007E007E007E0075D
:10EB8000E007E007E007E007E007E007E007E0074D
:10EB9000E007E007E007E007E007E007E007E0073D
:10EBA000E007E007E007E007E007E007E007E0072D
:10EBB000E007E007E007E007E007E007547CD26BDE
:10EBC000D26BD26BD26BB163B1637484E007E007A0
:10EBD000E007E007E007E007E007E007E007E007FD
:10EBE000E007E007E007E007E007E007E007E007ED
:10EBF000E007E007E007E007E007E007E007E007DD
:10EC0000E007E007E007E007E007E007E007E007CC
:10EC1000E007E007E007E007E007E007E007E007BC
:10EC2000E007E007E007E007E007E007E007E007AC
:10EC3000E007E007E007E007E007E007E007E0079C
:10EC4000E007E007E007E007E007E007E007E0078C
:10EC5000E007E007E007E007E007E007E007E0077C
:10EC6000E007E007E007E007E007E007E007E0076C
:10EC7000E007E007E007E007E007E007E007E0075C
:10EC8000E007E0073374D26BF26B1374F26BF26B34
:10EC9000B1631374E007E007E007E007E007E0076F
:10ECA000E007E007E007E007169DE007E007E00760
:10ECB000E007E007E007E007E007E007E007E0071C
:10ECC000E007E007E007E007E007E007E007E0070C
:10ECD000E007E007E007E007E007E007E007E007FC
:10ECE000E007E007E007E007E007E007E007E007EC
:10ECF000E007E007E007E007E007E007E007E007DC
:10ED0000E007E007E007E007E007E007E007E007CB
:10ED1000E007E007E007E007E007E007E007E007BB
:10ED2000E007E007E007E007E007E007E007E007AB
:10ED3000D68C3474F9B5E007E007E007E007E00798
:10ED4000E007E007E007E007E007E007547CD26B4C
:10ED5000137413741374F26BD26B1374E007E0072F
:10ED6000E007E007E007E007E007E007BBD6B16394
:10ED7000B16390631274D58CE007E007E007E00709
:10ED8000E007E007E007E007E007E007E007E0074B
:10ED9000E007E007E007E007E007E007E007E0073B
:10EDA000E007E007E007E007E007E007E007E0072B
:10EDB000E007E007E007E007E007E007E007E0071B
:10EDC000E007E007E007E007E007E007E007E0070B
:10EDD000E007E007E007E007E007E007E007E007FB
:10EDE000E007E007E007E007E007E007E007E007EB
:10EDF000E0077BCED68C9584547C3374547C39BE2A
:10EE0000E007E007E007E007E007E007E007E007CA
:10EE1000E00739C6537CF26B13741374F36BF26B17
:10EE2000D26BF273948CE007E007E007E007E0079D
:10EE3000E007E007737C705B905B9063B163D16B1C
:10EE400012747384E007E007E007E007E007E007DB
:10EE5000E007E007E007E007E007E007E007E0077A
:10EE6000E007E007E007E007E007E007E007E0076A
:10EE7000E007E007E007E007E007E007E007E0075A
:10EE8000E007E007E007E007E007E007E007E0074A
:10EE9000E007E007E007E007E007E007E007E0073A
:10EEA000E007E007E007E007E007E007E007E0072A
:10EEB000E007E007E007E00719BE757C14743474BE
:10EEC000547C547C13747584E007E007E007E00786
:10EED000E007E007E007E007E007F6943374F26B21
:10EEE0001374F36BF36BF26BF26BF26B127CE00753
:10EEF000E007E007E007E007E00777A5D16BB16323
:10EF0000B163B163B163705B4F5B9063E007E0078F
:10EF1000E007E007E007E007E007E007E007E007B9
:10EF2000E007E007E007E007E007E007E007E007A9
:10EF3000E007E007E007E007E007E007E007E00799
:10EF4000E007E007E007E007E007E007E007E00789
:10EF5000E007E007E007E007E007E007E007E00779
:10EF6000E007E007E007E007E007E007E007E00769
:10EF7000E007E007E007E007E007E007E007E00759
:10EF8000D68C3474547C547C547C547C3474547CBF
:10EF90007ACEE007E007E007E007E007E007E007D8
:10EFA000E00795843374F26B13741374F373F26B8C
:10EFB000F26BF26B127CE007E007E007E007E00786
:10EFC000E0073274705BB163B163B163B163B16385
:10EFD000705B9063BBD6E007E007E007E007E0075F
:10EFE000E007E007E007E007E007E007E007E007E9
:10EFF000E007E007E007E007E007E007E007E007D9
:10F00000E007E007E007E007E007E007E007E007C8
:10F01000E007E007E007E007E007E007E007E007B8
:10F02000E007E007E007E007E007E007E007E007A8
:10F03000E007E007E007E007E007E007E007E00798
:10F04000E007E007E007E00778A5547C547C757C76
:10F05000547C547C547C3474547CE007E007E00713
:10F06000E007E007E007E007E007747C137413741F
:10F070001374137413741274F26BD26BF273E0078F
:10F08000E007E007E007E0075AC6F26BB163D1631F
:10F09000B163B163B163B163905BB16B76A5E00717
:10F0A000E007E007E007E007E007E007E007E00728
:10F0B000E007E007E007E007E007E007E007E00718
:10F0C000E007E007E007E007E007E007E007E00708
:10F0D000E007E007E007E007E007E007E007E007F8
:10F0E000E007E007E007E007E007E007E007E007E8
:10F0F000E007E007E007E007E007E007E007E007D8
:10F10000E007E007E007E007E007E007E007E007C7
:10F11000F9B5547C547C757C547C547C547C547C70
:10F12000137498ADE007E007E007E007E007E007A9
:10F130003AC6337413741374137413741374136C06
:10F14000F26BF26BD26B5384E007E007E007E00755
:10F150001274B163D16BD16BB163B163B163B1634D
:10F160009063D16B35A5E007E007E007E007E00713
:10F17000E007E007E007E007E007E007E007E00757
:10F18000E007E007E007E007E007E007E007E00747
:10F19000E007E007E007E007E007E007E007E00737
:10F1A000E007E007E007E007E007E007E007E00727
:10F1B000E007E007E007E007E007E007E007E00717
:10F1C000E007E007E007E007E007E007E007E00707
:10F1D000E007E007E007E007B8AD547C547C757C9D
:10F1E000747C547C547C547C3474547CD8B5E007D3
:10F1F000E007E007F9B5B58433741374137413741E
:10F20000137413741374F273F26BF26BF26BD26BB0
:10F21000537CD8B59AD69484B163B163D16BD16B6A
:10F22000B163B163B163B1639063D17397B5E00724
:10F23000E007E007E007E007E007E007E007E00796
:10F24000E007E007E007E007E007E007E007E00786
:10F25000E007E007E007E007E007E007E007E00776
:10F26000E007E007E007E007E007E007E007E00766
:10F27000E007E007E007E007E007E007E007E00756
:10F28000E007E007E007E007E007E007E007E00746
:10F29000E007E007E007E007E007E007E007E00736
:10F2A0009BCE9584547C757C747C547C547C547CBB
:10F2B000547C547C3374347C547C3374136C3374BA
:10F2C0003374137413741374137413741374F27308
:10F2D000F273F26BF26BF26BF26BB163D16BB163F1
:10F2E000F26BD16BD16BB16BB163B163B163B163DD
:10F2F0009063D073E007E007E007E007E007E0076E
:10F30000E007E007E007E007E007E007E007E007C5
:10F31000E007E007E007E007E007E007E007E007B5
:10F32000E007E007E007E007E007E007E007E007A5
:10F33000E007E007E007E007E007E007E007E00795
:10F34000E007E007E007E007E007E007E007E00785
:10F35000E007E007E007E007E007E007E007E00775
:10F36000E007E007E007E007E00757A5747C547C5E
:10F37000757C547C547C547C547C547C547C347C0C
:10F38000547C547C33741374337413741374137473
:10F39000137413741374F26BF26BF26BF26BD26B27
:10F3A000D26BF26BD26BD16BD26BD16BD16BB16381
:10F3B000B163B163B163B163B0631184E007E00787
:10F3C000E007E007E007E007E007E007E007E00705
:10F3D000D8B5E007E007E007E007E007E007E0074F
:10F3E000E007E007E007E007E007E007E007E007E5
:10F3F000E007E007E007E007E007E007E007E007D5
:10F40000E007E007E007E007E007E007E007E007C4
:10F41000E007E007E007E007E007E007E007E007B4
:10F42000E007E007E007E007E007E007E007E007A4
:10F43000E0077ACE757C547C557C547C547C547C9B
:10F44000547C547C547C547C3474337433743374DF
:10F450003374137413741374137413741374F26B7E
:10F46000F26BF26BF26BD26BD26BF26BD26BD26B34
:10F47000D26BD16BD16BB163B163B163B163B16373
:10F48000B063F17BE007E007E007E007E007E00793
:10F49000E007E00719C6537CB163F16BF8BDE007E4
:10F4A000E007E007E007E007E007E007E007E00724
:10F4B000E007E007E007E007E007E007E007E00714
:10F4C000E007E007E007E007E007E007E007E00704
:10F4D000E007E007E007E007E007E007E007E007F4
:10F4E0001ABE1795389DE007E007E007E007E00740
:10F4F000E007E007E007E007E00798A5757C547C8B
:10F50000547C547C547C547C547C547C547C3474A3
:10F510003374337433743374337413741374137413
:10F52000137413741374F26BF26BF26BF26BF26B75
:10F53000D26BD26BD26BD26BD26BD16BD16BB1630E
:10F54000B163B163B163B1639063D16B19C6E00776
:10F55000E007E007E007E007E007F594D16B4F5BB9
:10F56000F16B0E53B06397ADE007E007E007E007EB
:10F57000E007E007E007E007E007E007E007E00753
:10F58000E007E007E007E007E007E007E007E00743
:10F59000E007E007E007E007E007E007E007E00733
:10F5A000E007E007E007B9ADB68C757C757CB68CDA
:10F5B000E007E007E007E007E007E007E007E00713
:10F5C0003AC6757C757C757C547C547C547C547C28
:10F5D000547C547C547C5474347434743474337454
:10F5E0001374137413741374137413741374F26B0D
:10F5F000F26BF26BF26BF26BF26BF26BF26BD26B43
:10F60000D26BD16BD16BB163B163B163B163B163E1
:10F61000B1639063127419BEE007E007E007E007EA
:10F62000537C90634F5B705B705B905B2F53906378
:10F63000369DE007E007E007E007E007E007E007A6
:10F64000E007E007E007E007E007E007E007E00782
:10F65000E007E007E007E007E007E007E007E00772
:10F66000E007E007E007E007E007E007B9ADD68C68
:10F670009684B6849684757CB6841ABEE007E0074B
:10F68000E007E0077BCEB68C757C757C7584757C55
:10F69000547C547C547C547C547C547C547C547CEA
:10F6A0003474337433741374F26BD26B1374137435
:10F6B0001374137413741374F26BD26BB163B16B64
:10F6C000D26BD26BD26BD26BD26BD26BD16BD16B54
:10F6D000D16BB163B163B163B163B1639063B16383
:10F6E000F2739BD6E007127490634F53705B905B8C
:10F6F000705B705B705B0E539063B8B5E007E0071A
:10F70000E007E007E007E007E007E007E007E007C1
:10F71000E007E007E007E007E007E007E007E007B1
:10F72000E007E007E007E007E007E007E007E007A1
:10F73000E0073ABED68C9684B684B68496849684C6
:10F74000757CB68498A5E007E0077ACEB68C757C08
:10F75000757C9584757C757C557C547C547C547C7C
:10F76000547C547C547C1374F26BB163705B4F5BBC
:10F770002E536F5BF26B137413741374137413743E
:10F78000F26BB1634F5B2E534F5B6F5B9063B16362
:10F79000B163D26BD26BD16BB163B163B163B1634F
:10F7A000B163B163B163705B705B12741274705BB0
:10F7B0004F5B7063705B705B705B705B705B6F5B0B
:10F7C0002F53948CE007E007E007E007E007E0072D
:10F7D000E007E007E007E007E007E007E007E007F1
:10F7E000E007E007E007E007E007E007E007E007E1
:10F7F000E007E007E007E007E00778A59684B68415
:10F80000B6849684968496849684757C9584958433
:10F8100095849584757C957C757C757C757C757CF0
:10F82000547C757C757C547C3374F26BB16390634B
:10F830006F5B2E53ED4AED4AED4A2E53D26B137493
:10F840001374137413741374F26B905B0E4BED4AC4
:10F85000ED4A0E4B2E534F536F5B705B9163B16358
:10F86000D16BB163B163B163B16390639063906333
:10F8700090634F5B705B705B9063705B705B705B01
:10F88000705B705B705B4F536F5B36A5E007E00702
:10F89000E007E007E007E007E007E007E007E00730
:10F8A000E007E007E007E007E007E007E007E00720
:10F8B000E007E007E007E007E007E007E007E00710
:10F8C000E00798AD757C9684968496849684968499
:10F8D00096849584958495849584757C95847584A7
:10F8E000757C757C757C757C757C547C3374F26B8F
:10F8F00090632F530D4B0D4B0E4B0E4B0E4B0E4B7F
:10F90000ED4A2E53D26B137413741374137413745F
:10F91000F26B90632E53ED4AED4A0D4B0D4B0E4B9F
:10F920000E4B0E532F53705BB163B163B163B16380
:10F93000B1639063906390639063705B705B905B66
:10F94000705B705B705B705B705B705B6F5B2F53A9
:10F95000906B97B5E007E007E007E007E007E007F6
:10F96000E007E007E007E007E007E007E007E0075F
:10F97000E007E007E007E007E007E007E007E0074F
:10F98000E007E007E007E007E007BBD6B684757C38
:10F99000968496849684968495849584958495849B
:10F9A0009584757C75847584757C757C757C757C97
:10F9B000547CF26B705B2E530E530E4BED4A0D4B85
:10F9C0000D4B0E4B0E530E53ED4A2F53D26B137447
:10F9D0001374137413741374F26B90632E53ED4A03
:10F9E000ED4AED4AED4A0D4B0D4B0E532E532E535F
:10F9F0004F5B705B9063B163B1639063906390639E
:10FA0000906390639063705B705B705B705B705B26
:10FA1000705B705B4F5B4F5BD07BE007E007E007FC
:10FA2000E007E007E007E007E007E007E007E0079E
:10FA3000E007E007E007E007E007E007E007E0078E
:10FA4000E007E007E007E007E007E007E007E0077E
:10FA5000E007E0077BCE757C757C9684968496845F
:10FA600095849584958495849584957C757C757C26
:10FA7000757C9584757C137491634F530E53ED4AD6
:10FA8000ED4A0E4B0E530E530E4BED4AED4A0E53FC
:10FA90004E638F6BF26B13741374137413741374BB
:10FAA000D26B4F5BCC4AED526F5B4E5BED4ACD4261
:10FAB000ED4A0E532E532E532E534F5B4F5B705B0C
:10FAC0009063B163B1639063906390639063705B84
:10FAD000705B705B705B705B705B705B2F536F6B08
:10FAE00035ADE007E007E007E007E007E007E007E3
:10FAF000E007E007E007E007E007E007E007E007CE
:10FB0000E007E007E007E007E007E007E007E007BD
:10FB1000E007E007E007E007E007E007E0075AC674
:10FB20007584757C96849584958495849584958454
:10FB300095847584958495849584547CF26B6F5B71
:10FB40000D4BED4A0D4B0E530E4B0D4BED4AED5246
:10FB50000E5B8F6B5284D8BDE007E007537C1374B3
:10FB60001374137413741374B16B0E5B4E6B59CE14
:10FB7000E007E007E0077384D16B2E53EE4A0E5383
:10FB80002F534F5B4F5B4F5B705B9063B163906330
:10FB9000906390639063705B705B705B705B705B95
:10FBA000705B4F5B2E5BB07BE007E007E007E00790
:10FBB000E007E007E007E007E007E007E007E0070D
:10FBC000E007E007E007E007E007E007E007E007FD
:10FBD000E007E007E007E007E007E007E007E007ED
:10FBE000E007E007E007E007F78C958495849584AB
:10FBF0009584958495849584757C95849584958465
:10FC0000547CB1632E530D4B0D4B0E4B0E530E53C4
:10FC10000E530E534E63D073528CE007E007E0079B
:10FC2000E007E007F6941374F26B13741374137403
:10FC30009163906BB7BDE007E007E007E007E007DE
:10FC4000E0077384B06B4F5B2F532F534F5B4F5BB9
:10FC50006F5B705B90639063906390639063705B85
:10FC6000705B705B705B705B705B0E534F6BF8C5C5
:10FC7000E007E007E007E007E007E007E007E0074C
:10FC8000E007E007E007E007E007E007E007E0073C
:10FC9000E007E007E007E007E007E007E007E0072C
:10FCA000E007E007E007E007E007E007E007E0071C
:10FCB000E007F794957C9584958495849584958444
:10FCC000958495849584337490630E530D4B0D4B3E
:10FCD0000E530E530E4BEE522E63F07BE007E007FF
:10FCE000E007E007E007E007E007E0071695137478
:10FCF000F26B13741374136CB163D173E007E007F4
:10FD0000E007E007E007E007E007E007E0079AD632
:10FD1000B16B4F534F53705B705B705B705B706384
:10FD2000906390639063705B705B705B705B705B03
:10FD3000705B2E53F17BE007E007E007E007E00788
:10FD4000E007E007E007E007E007E007E007E0077B
:10FD5000E007E007E007E007E007E007E007E0076B
:10FD6000E007E007E007E007E007E007E007E0075B
:10FD7000E007E007E007E007E007F694757C757C94
:10FD800095849584757C9584958495843374905B73
:10FD90000E4BED4A0E530E530E53ED4A2E5BB073CD
:10FDA000E007E007E007E007E007E007E007E0071B
:10FDB000E007E007F6941374F26BF36BF36BF26BEE
:10FDC000B16BD173E007E007E007E007E007E00769
:10FDD000E007E007E007E007E0077ACEF16B2F537A
:10FDE0004F5B9063705B7063906390639063705B34
:10FDF000705B705B705B705B6F5B2F531274E0071E
:10FE0000E007E007E007E007E007E007E007E007BA
:10FE1000E007E007E007E007E007E007E007E007AA
:10FE2000E007E007E007E007E007E007E007E0079A
:10FE3000E007E007E007E007E007E007E007E0078A
:10FE40003AC6B584757C95849584757C757C95845B
:10FE500095841374705B0E4B0D4B0E530E532E5343
:10FE60000D536F63318CE007E007E007E007E00720
:10FE7000E007E007E007E007E007E00716951374E6
:10FE8000F26B136C136CF26BD16BF173E007E0074C
:10FE9000E007E007E007E007E007E007E007E0072A
:10FEA000E007E0079ACE3274705B705BB0639063DA
:10FEB000906390639063705B705B705B705B705B72
:10FEC000705B4F53B06397ADE007E007E007E007D2
:10FED000E007E007E007E007E007E007E007E007EA
:10FEE000E007E007E007E007E007E007E007E007DA
:10FEF000E007E007E007E007E007E007E007E007CA
:10FF0000E007E007E007E007B68C757C7584757C38
:10FF1000757C757C958495843374705B0D4B0D4BAB
:10FF20000E532E532E530E538F6BF8C5E007E00788
:10FF3000E007E007E007E007E007E007E007E00789
:10FF4000E007E00716951374F26B136C136CF26BF9
:10FF5000D16BF17BE007E007E007E007E007E0078F
:10FF6000E007E007E007E007E007E007E007E00759
:10FF7000369D90639063B163B163B1639063705BCE
:10FF8000705B705B705B705B705B705B2F5390633A
:10FF9000E007E007E007E007E007E007F8BDD8B5B5
:10FFA00077ADE007E007E007E007E007E007E007DC
:10FFB000E007E007E007E007E007E007E007E00709
:10FFC000E007E007E007E007E007E007E007D9AD5A
:10FFD000757C757C757C757C757C95849584347492
:10FFE000905B0E4B0D4B0E532E532E53ED52F07B68
:10FFF000E007E007E007E007E007E007E007E007C9
:020000040804EE
:10000000E007E007E007E007E007E0071695137454
:10001000F26B1374F273F26BD16BF17BE007E007C4
:10002000E007E007E007E007E007E007E007E00798
:10003000E007E007E007E007E00739C6F26B705B16
:10004000B163D163D163B163705B705B705B705BF4
:10005000705B705B2F534F5B56A539C639C639C6E6
:1000600097AD117470632E530E4B1274E007E007C6
:10007000E007E007E007E007E007E007E007E00748
:10008000E007E0071795379DE007E007E007E00786
:10009000E007E0073AC6757C757C9584757C757CB5
:1000A000757C95845474B0630E53ED4A0E532E53F1
:1000B0002E530D5BF083E007E007E007E007E00761
:1000C000E007E007E007E007E007E007E007E007F8
:1000D000E007E00716951374F26B136CF26BF26B8A
:1000E000B16BF17BE007E007E007E007E007E0071E
:1000F000E007E007E007E007E007E007E007E007C8
:10010000E007E00739C6F2739163D16BD26BD16B14
:100110009163705B705B705B705B705B6F5B4F5B80
:100120006F5BB063B0636F5B0E530E53906390636D
:1001300090634F5B9384E007E007E007E007E00788
:10014000E007E007E007E007E007B68C547C757C29
:100150009584D68C169557A53AC6B8ADD68C757CC5
:100160007584757C757C757C757C547CD1630E536D
:10017000ED4A0E532E532E53ED52F183E007E00764
:10018000E007E007E007E007E007E007E007E00737
:10019000E007E007E007E007E007E00716951374C3
:1001A000F26BF26BF26BF26BB16BF17BE007E00785
:1001B000E007E007E007E007E007E007E007E00707
:1001C000E007E007E007E007E007E007E00739C6DF
:1001D0001274D16BF26BD26BD26B9063705B705BFD
:1001E000705B6F5B4F5B4F5B4F532E530E530E5341
:1001F0000E532E532F532F532F53ED4AD06BE0073E
:10020000E007E007E007E007E007E007E007E007B6
:10021000E00795843474757C547C547C547C7584DC
:10022000B5849584757C7584757C757C757C7584C6
:10023000757CF26B2F530D4B0E532E532E530D53D3
:10024000F07BE007E007E007E007E007E007E007F2
:10025000E007E007E007E007E007E007E007E00766
:10026000E007E007F6941374F26BF26BF26BF26B3B
:10027000B16BF17BE007E007E007E007E007E0078C
:10028000E007E007E007E007E007E007E007E00736
:10029000E007E007E007E00739C6F273D16BF26BC5
:1002A000F26BD16B9063705B6F5B4F5B4F5B4F5B2F
:1002B0004F5B4F5B4F5B4F5B4F5B2F532F532F5366
:1002C0002F53EE4A4F5339C6E007E007E007E00737
:1002D000E007E007E007E007B58C547C547C757CB0
:1002E000757C757C757C547C547C547C747C757CEA
:1002F000757C757C757C757C3474705BED4A0E532F
:100300002E532E530D538F73E007E007E007E007ED
:10031000E007E007E007E007E007E007E007E007A5
:10032000E007E007E007E007E007E0071695137431
:10033000F26BF26BF26BF26BB16BF17BE007E007F3
:10034000E007E007E007E007E007E007E007E00775
:10035000E007E007E007E007E007E007E007E00765
:10036000E007D58CB263F26B1374F273D16B705BE0
:100370004F5B4F5B4F5B4F5B4F5B4F5B4F5B4F5B2D
:100380002F5B2F532F532F532F530E532E53F16B9D
:10039000E007E007E007E007E007E007E007E00725
:1003A00034743474547C747C757C757C757C557C99
:1003B000747C757C757C757C757C547C757C547CF8
:1003C000B1632E530D4B2E532E53ED4A4E6B18C670
:1003D000E007E007E007E007E007E007E007E007E5
:1003E000E007E007E007E007E007E007E007E007D5
:1003F000E007E007F6941374F26BF26BF26BF26BAA
:10040000B16BF173E007E007E007E007E007E00702
:10041000E007E007E007E007E007E007E007E007A4
:10042000E007E007E007E007E007E0079484F26BED
:10043000F36B1374F26B9163705B4F5B4F5B4F5BBD
:100440004F5B4F5B4F5B4F5B2F5B2F532E532E53F6
:100450002E532E530E534F5BE007E007E007E007F3
:10046000E007E007E007BBD634743474547C547C56
:10047000547C547C547C547C547C757C747C547CBB
:10048000547C547C757C13742F530D4B0E532E5398
:100490000E4B2E637294E007E007E007E007E007E9
:1004A000E007E007E007E007E007E007E007E00714
:1004B000E007E007E007E007E007E00716951374A0
:1004C000D26BF26BF26BF26BB16BF173E007E0078A
:1004D000E007E007E007E007E007E007E007E007E4
:1004E000E007E007E007E007E007E007E007E007D4
:1004F000E007E007E0071374F26B13741374F26BF8
:10050000705B4F5B4F5B4F5B4F5B4F5B4F5B2F53A2
:100510002F532F532F532E532E530E4B2E535284A3
:10052000E007E007E007E007E007E007E0079BD609
:1005300034743474547C547C547C547C547C547C8B
:10054000547C547C547C547C547C747C5474B163CF
:100550000E530D4B2E530E530E531184E007E0073C
:10056000E007E007E007E007E007E007E007E00753
:10057000E007E007E007E007E007E007E007E00743
:10058000E007E00716951374D26BF26BF26BD26B37
:10059000B16BF173E007E007E007E007E007E00771
:1005A000E007E007E007E007E007E007E007E00713
:1005B000E007E007E007E007E007E007E00716953F
:1005C0003374137433741374B1634F5B4F5B4F5BBD
:1005D0004F5B4F5B4F5B2F532F532F532F532F5393
:1005E0000E532E5B117CE007E007E007E007E00711
:1005F000E007E007E007E00739BE547C1374347469
:10060000547C547C547C547C547C547C547C547C6A
:10061000547C747CF26B4F5B0E530E532E530E536F
:100620004E6BE007E007E007E007E007E007E007C0
:10063000E007E007E007E007E007E007E007E00782
:10064000E007E007E007E007E007E0079484F26BCB
:10065000D26BF26BF26BD26BB163F273E007E0071F
:10066000E007E007E007E007E007E007E007E00752
:10067000E007E007E007E007E007E007E007E00742
:10068000E007E007E007E0077484F36B3474347428
:10069000F26B705B4F5B4F5B4F5B4F5B2F532F5386
:1006A0002F532F532F53EE524F6356ADE007E00701
:1006B000E007E007E007E007E007E007E007E00702
:1006C000E007E00777A5747C13743474547C547C81
:1006D000547C547C547C547C547C547CB1630D4BCE
:1006E0000E532E530E532E5B1184E007E007E007F4
:1006F000E007E007E007E007E007E007E007E007C2
:10070000E007E007E007E007E007E007E007E007B1
:10071000E007D5941374D26BF26BF26BF26BD26B71
:10072000D16BD26B7384E007E007E007E007E007D6
:10073000E007E007E007E007E007E007E007E00781
:10074000E007E007E007E007E007E007E007E00771
:10075000F9BD13743474547C3374B1634F5B4F5BD5
:100760004F5B4F5B2F532F534F532E53ED528F73CD
:10077000F8BDE007E007E007E007E007E007E00773
:10078000E007E007E007E007E007E007E0077ACED0
:100790009584547C547C547C547C547C547C547C90
:1007A000547C1374705B0E530E532E530E536F6BA9
:1007B000E007E007E007E007E007E007E007E00701
:1007C000E007E007E007E007E007E007E007E007F1
:1007D000E007E007E0079484537CF26BF26BF26B66
:1007E000F26BF26BD26BD26BD26BF26BD26B137477
:1007F0009484E007E007E007E007E007E007E00790
:10080000E007E007E007E007E007E007E007E007B0
:10081000E007E007E007E007E007B58C3474547C9C
:10082000757CF26B4F5B4F5B4F5B4F5B2F5B2F53C6
:100830004F530E5B2D6BF8C5E007E007E007E007BC
:10084000E007E007E007E007E007E007E007E00770
:10085000E007E007E007E007E0077ACE9584347C04
:100860003474547C547C547C547CD16B4F530E5361
:100870002E532E530E5B1184E007E007E007E007DC
:10088000E007E007E007E007E007E007E007E00730
:10089000E007E007E007E007E00719BE3374D26322
:1008A000F26BF26BF26BF26BF26BD26BD26BD26BC0
:1008B000D26BD26BD26BB1639163F2737ACEE007E5
:1008C000E007E007E007E007E007E007E007E007F0
:1008D000E007E007E007E007E007E007E007E007E0
:1008E000E0079BCE3474547C7584137490634F5B23
:1008F0004F5B4F5B2F5B2F536F5B0E5396B5E0073B
:10090000E007E007E007E007E007E007E007E007AF
:10091000E007E007E007E007E007E007E007E0079F
:10092000E007E0079584547C3474347C3474547C40
:100930003374905B0E532E532E530E534E63B7BD3C
:10094000E007E007E007E007E007E007E007E0076F
:10095000E007E007E007E007E007E007E007E0075F
:10096000B58CD163B163F26BF26BF273F26BF26B25
:10097000F26BF26BD26BD26BD26BD16BD16BD26B51
:10098000F26B705BB163B48CE007E007E007E0074F
:10099000E007E007E007E007E007E007E007E0071F
:1009A000E007E007E007E007E007E007547C557C3C
:1009B0009584547CD26B4F5B2F534F5B2F532F5337
:1009C000705B4F5BE007E007E007E007E007E00748
:1009D000E007E007E007E007E007E007E007E007DF
:1009E000E007E007E007E007E007E007547C547CFD
:1009F000347434743474547C13744F5B0D4B2E5325
:100A00002E530E53D07BE007E007E007E007E00736
:100A1000E007E007E007E007E007E007E007E0079E
:100A2000E007E007E00716959163D16BB16B127494
:100A3000F273D26BD26BB163B163B163B163916393
:100A4000B163D16BD26BB16390636F5BD16B906319
:100A500097ADE007E007E007E007E007E007E00701
:100A6000E007E007E007E007E007E007E007E0074E
:100A7000E007E007B68C757C9584958413744F5B12
:100A80002E534F5B2F532F534F5B0E53D7B5E007B9
:100A9000E007E007E007E007E007E007E007E0071E
:100AA000E007E007E007E007E007E007E007E0070E
:100AB000E007E0071374547C337434743474337473
:100AC000F26B4F5B0E532E532E530E5B55ADE0076A
:100AD000E007E007E007E007E007E007E007E007DE
:100AE000E007E007E007E007E007E00739BEF26B48
:100AF0006F5B6F5B159577A5747CD26B9163906388
:100B000090639063B163D16BB16B91639163D17367
:100B1000327C73846F63505BD16BE007E007E007C2
:100B2000E007E007E007E007E007E007E007E0078D
:100B3000E007E007E007E007E007E007E00795844B
:100B4000757CB68454744F5B2E534F534F532F53C1
:100B50004F530E4B117CE007E007E007E007E0078A
:100B6000E007E007E007E007E007E007E007E0074D
:100B7000E007E007E007E007E0075AC6F36B547CA4
:100B80003374337433741374B1634F530E532E5351
:100B90002E534E63E007E007E007E007E007E007B9
:100BA000E007E007E007E007E007E007E007E0070D
:100BB000E007E007337CB2636F5B9384E007E007F4
:100BC000E0077384327CB48C97AD76AD97ADD8B521
:100BD000F5941274327C97B5E007E007F5949063C2
:100BE000705B3274E007E007E007E007E007E0072A
:100BF000E007E007E007E007E007E007E007E007BD
:100C0000E007E007E007B68C757CB68C757C9063D6
:100C10002F532F532F532F534F530E53B06BE007C7
:100C2000E007E007E007E007E007E007E007E0078C
:100C3000E007E007E007E007E007E007E007E0077C
:100C4000E0071695D26B33743374337433741374B2
:100C500090632E532E532E532E53AF73E007E007AD
:100C6000E007E007E007E007E007E007E007E0074C
:100C7000E007E007E007E007E0079484F26BF26B1F
:100C80009163D494E007E007E007E0079AD6E00715
:100C9000E007E007E007E007E0079ACEE007E0079B
:100CA000E007E007169D90639063906376A5E007E8
:100CB000E007E007E007E007E007E007E007E007FC
:100CC000E007E007E007E007E007E007E007F78C50
:100CD000757CD78C9584D26B4F5B2E532E532F533C
:100CE0002F530E534F5B5284E007E007E007E00705
:100CF000E007E007E007E007E007E007E007E007BC
:100D0000E007E007E007E007E007B58CF36B33741A
:100D1000337433743474F26B705B2E532E532E5332
:100D20002E53F17BE007E007E007E007E007E0076C
:100D3000E007E007E007E007E007E007E007E0077B
:100D4000E00713741374F26BB263537CE007E0079F
:100D5000E007E007E007E007E007E007E007E0075B
:100D6000E007E007E007E007E0075AC63374905B4E
:100D700090639063D16BE007E007E007E007E007CE
:100D8000E007E007E007E007E007E007E007E0072B
:100D9000E007E007E0071795757CD68C96841374FE
:100DA000705B2E532E532F532F532E534F534F53AD
:100DB0004E53F16BD06BD16B6F5B7384E007E00730
:100DC000E007E007E007E007E007E007E00719BEFB
:100DD0009584337413743374337433743374F26BD3
:100DE000905B4F5B705B4F5B4F5B1284E007E007EB
:100DF000E007E007E007E007E007E007E007E007BB
:100E0000E007E007E007E00739C6D26BF26BF26B50
:100E1000F26BB1631274E007E007E007E007E00758
:100E2000E007E007E007E007E007E007E007E0078A
:100E3000E007537C91639063B1639063505B77AD3F
:100E4000E007E007E007E007E007E007E007E0076A
:100E5000E007E007E007E007E007E007E007958428
:100E60003474757C547CF26B705B2E532E532E536E
:100E70002E532E532E530E53ED4AED4AED4A0D4B91
:100E8000ED4A4E53327CE007E007E00777A5F69481
:100E9000D58C7484537C3374137413741374137467
:100EA0001374137433741374D26BD16BD26BD26B13
:100EB000D16B1274B58C5AC6E0079BCE9BCE7ACE0E
:100EC0007ACE7ACE7ACE7ACE7ACE9BD619BEB58C31
:100ED0003374F26BF26BF26BF26B705B90639AD6C9
:100EE000E007E007E007E007E007E007E007E007CA
:100EF000E007E007E007E007E0071274705B90632B
:100F0000B1639063705BD16B7384D594F594D58C89
:100F1000D58CD48CD48CD48CD48CD48CD48CB48CF0
:100F2000B48CD48C537CB1639163B163B163705B57
:100F30004F5B2E532E532E532E532E532E532E5380
:100F40002E532E530E530E530D53CD420D4BE0072F
:100F5000E0071374F26B137413741374F36BF36B75
:100F60001374137413741374137413741374137449
:100F7000137433743374337433741374F36BF36B0B
:100F80001374136CF26BF26BF26BF26BF26BF26B2D
:100F9000F26BF26BF26BF26BF26BF26BF26BF26B69
:100FA000F26B705B9063E007E007E007E007E007A3
:100FB000E007E007E007E007E007E007E007E007F9
:100FC000E007579DB1639063906390639063705B9B
:100FD000705B705B705B705B705B6F5B4F5B4F5BFC
:100FE0004F5B4F5B4F5B4F5B4F5B4F5B2F532F5BF9
:100FF0002F532E532E532E532F532F532F532E53E5
:101000002E532E532E532E532E532E530E530E5318
:101010000E53CD426F5BE007E0071374B263F26BCF
:10102000F26B1374137413741374137413741374B2
:101030001374137413741374137413741374137478
:1010400013741374F26BF26BF26BF26BF26BF26B64
:10105000F26BF26BF26BD26BD26BD26BD26BD26B48
:10106000F26BF26BF26BF26BD26B705BB06BE00702
:10107000E007E007E007E007E007E007E007E00738
:10108000E007E007E007E007E00798ADF26B705B70
:10109000906390639063705B705B4F5B4F5B4F5BE3
:1010A0004F5B4F5B4F5B4F5B4F532F532F532F5370
:1010B0002F532E532E532F532F532F532E532F5323
:1010C0002F532F532F532E532E532E532E532E5315
:1010D0000E530E530E530E530E53CD422E53F8BDE6
:1010E000E007537CD26B137413741374137413746A
:1010F00013741374137413741374137413741374B8
:1011000013741374137413741374137413741374A7
:101110001374137413741374137413741374F26BC1
:10112000F26BF26BF26BF26BF26BF26BD26BD26B17
:10113000D26B705BD073E007E007E007E007E007E1
:10114000E007E007E007E007E007E007E007E00767
:10115000E007D9B51374705B9063906390639063FC
:10116000705B705B705B705B705B705B705B705B27
:10117000705B6F5B6F5B4F5B4F5B4F5B4F5B4F5BBE
:101180004F5B2F532F532F532F532F532E532E5329
:101190002E532E532E530E530E530E530E530E53E7
:1011A0000E53ED4A0E535284E007747CD26BF26BFF
:1011B0001374136C137413741374137413741374FF
:1011C00013741374137413741374137413741374E7
:1011D0001374137413741374137413741374F26B01
:1011E000F26BF26BF26BF26BF26BF26BF26BF26B17
:1011F000D26BD26BD26BD26BD26B7063D173E007C0
:10120000E007E007E007E007E007E007E007E007A6
:10121000E007E007E007E007E007B9ADF26B705BBD
:10122000906390639063705B705B705B705B705BEE
:10123000705B705B705B705B705B6F5B4F5B4F5B99
:101240004F5B4F5B4F5B4F5B2F532F532F532F53EE
:101250002F532F532E532E532E532E530E530E53C4
:101260000E530E530E530E530E4BED4AED4A31847E
:10127000E007537CD263F26BF26BF26B137413745E
:101280001374137413741374137413741274137427
:10129000137413741374137413741374136CF26B48
:1012A000D26BD26BD26BD26BD26BD26BD26BD26B56
:1012B000D263B263B263D26BD26BD26BD26BD26B9E
:1012C000D26B9063F173E007E007E007E007E00707
:1012D000E007E007E007E007E007E007E007E007D6
:1012E000E00778A5D26B705B906390639063906326
:1012F000905B705B505B4F5B4F534F534F532F537B
:101300002F532F532F532F530E530E532E532F5310
:101310002F532E532E532F532F532E532E532E53C2
:101320002E532E532E532E530E530D4BED4AED4A92
:10133000ED4ACD4A4E5B59C6E007F26BB163F26BE2
:10134000F26BF26BF26BF26BF36BF26BF26BF36BB3
:101350001374137412741374137413741374137456
:101360001374126CF26BF26BF273F273126CF26B19
:10137000F26BF26BF26BF26BF26BF26BF26BD26BA5
:10138000D26BD26BD26BD26BD26B9163F273E007EC
:10139000E007E007E007E007E007E007E007E00715
:1013A000E007E007E007E007E007B58C9163705BBA
:1013B0009063705B705B905B705B705B705B705B8D
:1013C000705B705B705B705B705B6F5B6F5B4F5BE8
:1013D0004F5B4F5B4F5B4F5B2F532E532E532F535F
:1013E0002E532E532E532E532E532E532E532E53F5
:1013F0000E530E4B0E530E532E538F633284E00761
:10140000E0077484D26BB163D26BF26BD26BD26B98
:10141000F26BF26BF26BF26BF26BF2731374F26BB2
:101420009063905B905B905B705B4F63B073738471
:101430005ACEE007E007E007E007E007E007E00733
:10144000E007E0075ACEB48C1274D16BD26BD26B2A
:10145000D16B915B1274E007E007E007E007E0075B
:10146000E007E007E007E007E007E007E007E00744
:10147000E007F2734F5B90639063705B705B4F5B50
:101480004F63B0733284B48C19BE7ACE5ACE5ACE22
:101490005ACE5ACE5ACE7ACE59C636A5327C705B19
:1014A000705B705B705B4F5B2F532E532E532E532C
:1014B0002E532E530E53CD52ED528F6B728C9AD603
:1014C000E007E007E007E007E007E00739C6D58C52
:1014D000948494847484537CF273F273F26BF26B91
:1014E000F26BF26B1374D16B4F530E4B0E530D4BCB
:1014F000CD4A6F6B19C6E007E007E007E007E00799
:10150000E007E007E007E007E007E007E007E007A3
:101510005ACEB163D16BD26BD16B9163127CE00771
:10152000E007E007E007E007E007E007E007E00783
:10153000E007E007E007E007E007537C9063705B9B
:101540009063705B90636F63F083E007E007E007F0
:10155000E007E007E007E007E007E007E007E00753
:10156000E007E007E007F2739163D16BB16370634A
:101570004F532E532E532E532E532E53ED4AAC520F
:10158000D07BE007E007E007E007E007E007E007BF
:10159000E007E007E007E007E007E007E0077ACEB2
:1015A0007484F273F26BF26BF26BF26BF26BD16BD1
:1015B0004F5B0E4B0D4BED4AED4A738CE007E00795
:1015C000E007E007E007E007E007E007E007E007E3
:1015D000E007E007E007E007E007F273D16BD16BAB
:1015E000B163D16B97ADE007E007E007E007E007E4
:1015F000E007E007E007E007E007E007E007E007B3
:10160000E007E00712744F5B705B90637063F17BDF
:10161000E007E007E007E007E007E007E007E00792
:10162000E007E007E007E007E007E007E007337CBA
:101630009163F26BD16B905B4F532E532E532E530D
:101640000E532E53ED4A6E6BE007E007E007E0070C
:10165000E007E007E007E007E007E007E007E00752
:10166000E007E007E007E007E007747CB163F26B96
:10167000D26BF26BF26BD26B705B0E530D4BED4A7B
:10168000ED4A528CE007E007E007E007E007E007DB
:10169000E007E007E007E007E007E007E007E00712
:1016A000E007B48CB163B163705B1274E007E007CC
:1016B000E0079BD61695E007E007E007E007E007A4
:1016C000E0073AC6E007E007E007E0071595705B22
:1016D0004F5B4F5BD173E007E007E007E007E007EF
:1016E000E007E007E007E007E007E007E007E007C2
:1016F000E007E007E0073374B163F26BD16B6F5B17
:101700002E532E532E532E532E530E4B0D53118406
:10171000E007E007E007E007E007E007E007E00791
:10172000E007E007E007E007E007E007E007E00781
:10173000E00739C69163F273D26BD26BF26BD26B56
:1017400090632E53ED4AED4AED4AD073E007E0076F
:10175000E007E007E007E007E007E007E007E00751
:10176000E007E007E007E007E007E0071274705BBE
:10177000705B1174E007E007E007337CD26B537CA9
:1017800098ADB8ADB8ADB8B5B58C1374337CE0077F
:10179000E007E007379DD26B2F53D16BE007E007DE
:1017A000E007E007E007E007E007E007E007E00701
:1017B000E007E007E007E007E007E007E007137451
:1017C000D26BF26BD1634F532E532E532E532E53A5
:1017D0002E53ED4AED529394E007E007E007E0074F
:1017E000E007E007E007E007E007E007E007E007C1
:1017F000E007E007E007E007E007E007B16B1274DD
:10180000D26BD26BD26BD26BB1632E53ED4AED4AE1
:10181000ED4A8F63E007E007E007E007E007E00735
:10182000E007E007E007E007E007E007E007E00780
:10183000E007E0079BD6B163505BD16B7484F594ED
:10184000337C705B9063B163D26BF26BF26BF26BC3
:10185000B1634F5B4F5B1274369D369D7484B163E8
:10186000705B59C6E007E007E007E007E007E00724
:10187000E007E007E007E007E007E007E007E00730
:10188000E007E007D58CF26BF26BF26BB1632F537C
:101890002E532E532E532E532E53ED4A4E63E007F4
:1018A000E007E007E007E007E007E007E007E00700
:1018B000E007E007E007E007E007E007E007E007F0
:1018C000E007E0071274F26BD26BD26BD26BD26B73
:1018D000D16B4F53ED4A0D4BED4A2E53E007E00715
:1018E000E007E007E007E007E007E007E007E007C0
:1018F000E007E007E007E007E007E007E00719C6B8
:10190000B163F26BD16BD16BB1639063B1639063E0
:10191000705B905B905B705B705B9063705B705B07
:10192000B163D16BD16BB1637ACEE007E007E0071A
:10193000E007E007E007E007E007E007E007E0076F
:10194000E007E007E007E007E007E0073374F26B29
:101950001374F26B91632E532E532E532E530E534A
:101960000E53ED4AB06BE007E007E007E007E00741
:10197000E007E007E007E007E007E007E007E0072F
:10198000E007E007E007E007E007E007B48CB16399
:10199000D16BD26BD26BD26BD16B6F5B0E4B0D4B9D
:1019A000ED4ACD4AD8B5E007E007E007E007E007D9
:1019B000E007E007E007E007E007E007E007E007EF
:1019C000E007E007E007E007369DD16B705BB1638D
:1019D0009063B0639063906390639063906390634F
:1019E000906390639063705B705B6F5BB06356A5B0
:1019F000E007E007E007E007E007E007E007E007AF
:101A0000E007E007E007E007E007E007E007E0079E
:101A1000E007E007F26BF26B1374D26B705B2E532E
:101A20002E532E530E530E530E53ED4A6F5B59CE69
:101A3000E007E007E007E007E007E007E007E0076E
:101A4000E007E007E007E007E007E007E007E0075E
:101A5000E007E0079484B163D16BD26BD16BD26B9A
:101A6000D16B90632E530D4BED4ACD42F173E007DD
:101A7000E007E007E007E007E007E007E007E0072E
:101A8000E007E007E007E007E007E007E007E0071E
:101A9000E0077ACE127490632F5390639063906343
:101AA000906390639063906390639063905B905BAE
:101AB0004F5B906359C6E007E007E007E007E007E7
:101AC000E007E007E007E007E007E007E007E007DE
:101AD000E007E007E007E007E007F694F26B137415
:101AE0001374B1634F532E532E532E530E530E5374
:101AF0000E530E4B0E53D06B7ACEE007E007E00793
:101B0000E007E007E007E007E007E007E007E0079D
:101B1000E007E007E007E007E007F8BDF26BD16BF4
:101B2000D16BD16BD16BD16BD26BB1634F5B0D4B72
:101B3000ED4AED4A0E53F594E007E007E007E007B1
:101B4000E007E007E007E007E007E007E007E0075D
:101B5000E007E007E007E007E007E007E007B8B5C7
:101B6000327CF273B163906390639063906390638F
:101B70009063705B70636F5BD173E007E007E00711
:101B8000E007E007E007E007E007E007E007E0071D
:101B9000E007E007E007E007E007E007E007E0070D
:101BA000E007547C13741374137490630E530E5334
:101BB0002E532E530E530E530E530E530E530D4BE6
:101BC000ED4A8F6339C6E007E007E007E007E0076A
:101BD000E007E007E007E007E007E007E00719BEDD
:101BE000537CD16BD16BD16BD16BD16BD16BD16B82
:101BF000D16BD16B705B0E4B0D4B0E4BCD4AF16B25
:101C0000E007E007E007E007E007E007E007E0079C
:101C1000E007E007E007E007E007E007E007E0078C
:101C2000E007E007E007E007E0079AD6D16B705BBA
:101C3000905B906390639063705B4F5B4F63F17B4D
:101C4000E007E007E007E007E007E007E007E0075C
:101C5000E007E007E007E007E007E007E007E0074C
:101C6000E007E007E007E007F694136C3374337481
:101C7000F26B705B0E530E532E530E530E530E53D6
:101C80000E530E530E530D4BCD42ED4A4E53F16B96
:101C9000E007E007E007E007E007E007E007E0070C
:101CA000E007E0079484D26B705BB163D16BD16BBA
:101CB000D16BD16BD16BB163D16BD16B90632F536F
:101CC0000E530E53ED4A6F5B9AD6E007E007E0072C
:101CD000E007E007E007E007E007E007E007E007CC
:101CE000E007E007E007E007E007E007E007E007BC
:101CF000E007E007537C9063705B90639063905BB8
:101D00004F5B2E5B8F73E007E007E007E007E0071B
:101D1000E007E007E007E007E007E007E007E0078B
:101D2000E007E007E007E007E007E007E007E0077B
:101D3000547C137454743374B1632F530E530E5385
:101D40000E530E530E530E530E530E530E530E4B93
:101D50000E4B0D4BAC42CD427ACEE007E007E007D8
:101D6000E007E007E007E00739C6D16B705BB163BD
:101D7000B163B163B163B163B163B163B163B163C3
:101D8000B163B163B163705B2E530E530E532E5388
:101D9000F173E007E007E007E007E007E007E0078E
:101DA000E007E007E007E007E007E007E007E007FB
:101DB000E007E007E007E007E007E007B48C906386
:101DC000705B9063705B705B2F5B4F6376B5E00771
:101DD000E007E007E007E007E007E007E007E007CB
:101DE000E007E007E007E007E007E007E007E007BB
:101DF000E007E007E00795843474547C547C137446
:101E0000705B0E530E530E530E530E530E530E5360
:101E10000E530E530E4B0E4B0E4B0E4BED4AED4A2E
:101E2000938CE007E007E007E007E007E007E00742
:101E3000D16B9063B163B163B163B163B163B163FB
:101E4000B163B163B163B163B163B163B163906313
:101E50004F5B2E532E530E532E5339C6E007E00727
:101E6000E007E007E007E007E007E007E007E0073A
:101E7000E007E007E007E007E007E007E007E0072A
:101E8000E007E00794849063705B705B705B705B4D
:101E90002F5B906BE007E007E007E007E007E00753
:101EA000E007E007E007E007E007E007E007E007FA
:101EB000E007E007E007E007E007E007BBD6547C57
:101EC0003474547C3474D1632F530E4B0E530E5321
:101ED0000E530E530E530E530E530E530E4B0E4B0A
:101EE0000E4B0E4BED4A0E4B76A5E007E007E007E0
:101EF000E007E007E007E0073274B163B163B16364
:101F0000B163B163B163B163B163B163B163B16331
:101F1000B163B163B163B163905B4F532E532E53E2
:101F20002E53B06359C6E007E007E007E007E0077B
:101F3000E007E007E007E007E007E007E007E00769
:101F4000E007E007E007E007E007E007948490631C
:101F5000505B705B705B705B4F5BB06BE007E007E2
:101F6000E007E007E007E007E007E007E007E00739
:101F7000E007E007E007E007E007E007E007E00729
:101F8000E007E0079584547C747C747C13744F5B89
:101F90000E530E530E530E530E530E530E530E4B41
:101FA0000D4B0D4B0D4B0E4B0E4B0E4BED4A2E5B5E
:101FB000E007E007E007E007E007E007E007E007E9
:101FC0007ACED16B705BB163B163B163B163B1635E
:101FD000B163B163B163B163B163B163B163B16361
:101FE000B1636F5B2E534F534F5B0E4BF1739ACE21
:101FF000E007E007E007E007E007E007E007E007A9
:10200000E007E007E007E007E007E007E007E00798
:10201000E007E007948490634F5B705B705B705BDC
:102020004F5BB06BE007E007E007E007E007E00781
:10203000E007E007E007E007E007E007E007E00768
:10204000E007E007E007E007E007F68C3474757CF2
:102050007584347CB1632E530E530E530E530E53BE
:102060000E530E530E4BED4ACD42CD42CD42ED4ABA
:102070000E4BED4AED4AB073E007E007E007E007DA
:10208000E007E007E007E007E0071274705BB16368
:10209000B163B163B1639063906390639063B16324
:1020A000B163B163B163B163B16370634F5B2F53CD
:1020B0004F5B4F5B4F5B1174E007E007E007E00701
:1020C000E007E007E007E007E007E007E007E007D8
:1020D000E007E007E007E007E007E007948490638B
:1020E0004F5B705B705B705B4F5BB06BE007E00752
:1020F000E007E007E007E007E007E007E007E007A8
:10210000E007E007E007E007E007E007E007E00797
:102110001795757C757C9584757CF26B4F530E53C7
:102120000E530E530E530E530E530E53ED4A2E5BA9
:102130009063B0636F5B0E53ED4ACD424F5B939457
:10214000E007E007E007E007E007E007E007E00757
:10215000E00794849063705B705B705B905B705B76
:1021600090639063906390639063B163B163B16374
:1021700090639063705B4F5B4F5B4F5B4F534F5B64
:10218000D8B5E007E007E007E007E007E007E00771
:10219000E007E007E007E007E007E007E007E00707
:1021A000E007E007948490634F5B705B705B705B4B
:1021B0004F5BB06BE007E007E007E007E007E007F0
:1021C000E007E007E007E007E007E007E007E007D7
:1021D000E007E007E00719BE757C757C958475847F
:1021E0003374705B0E530E530E530E530E530E5337
:1021F0000E4BCD4AED5A528CE007E00756A5527CB3
:102200001174D06B327CE007E007E007E007E007DD
:10221000E007E007E007E007E007E0071274705B03
:102220009063B163D16BF173738C15A5F1739063F7
:102230009063B16390639063906390639063705B0D
:102240004F5B4F5B705B4F5B906356A5E007E00709
:10225000E007E007E007E007E007E007E007E00746
:10226000E007E007E007E007E007E0079484905B01
:102270004F5B705B705B705B4F5BB06BE007E007C0
:10228000E007E007E007E007E007E007E007E00716
:10229000E007E007E007E007E007E00798AD958476
:1022A0009584B58495843474905B0E530E530E530D
:1022B0000E530E530E530E4B0D4B2E5B35ADE007F8
:1022C000E007E007E007E007E007E007E007E007D6
:1022D000E007E007E007E007E007E007E007E007C6
:1022E000E007E007E00757A5D8B5F8BDD8BD39CE5F
:1022F000E007E0079AD674849063705B9063906304
:102300009063906390639063705B6F5B705B9063AE
:102310004F5B9063159DE007E007E007E007E007EB
:10232000E007E007E007E007E007E007E007E00775
:10233000E007E0079484905B4F5B705B705B4F5BE2
:102340004F5BB06BE007E007E007E007E007E0075E
:10235000E007E007E007E007E007E007E007E00745
:10236000E007D9B596849584B684B684547CB1636D
:102370002E530D4B0E530E530E530E530E4B0E4B4E
:10238000ED52F07BE007E007E007E007E007E00739
:10239000E007E007E007E007E007E007E007E00705
:1023A000E007E007E007E007E007E007E007E007F5
:1023B000E007E007E007E007E007E007E007E007E5
:1023C000F273705B9063906390639063906390632B
:1023D0009063705B705B705B705B705B705B327C9A
:1023E0007ACEE007E007E007E007E007E007E00754
:1023F000E007E007E007E007E007E0079384705B91
:102400004F5B705B6F5B4F5B4F5BB06BE007E00750
:10241000E007E007E007E007E007E007E007E00784
:10242000E007E007E007E007F78C757C9684B68448
:10243000B684757CB16B2E530E530E530E530E5350
:102440000E530E530E4BED4A4E6B59CEE007E0078C
:10245000E007E007E007E007E007E007E007E00744
:10246000E007E007E007E007E007E007E007E00734
:10247000E007E007E007E007E007E007E007E00724
:10248000E007E007E007E00739C6D16B705B705BDF
:10249000906390639063906390639063705B705BF4
:1024A00090639063905B906312745AC6E007E007F4
:1024B000E007E007E007E007E007E007E007E007E4
:1024C000E007E0079384705B4F534F5B4F5B4F5BBC
:1024D0002F5BB06BE007E007E007E007E007E007ED
:1024E000E007E007E007E007E007E0075AC6D68C00
:1024F00096849684D68CB684757CD1632E530E5305
:102500000E530E530E530E530E530E4BED4AED5217
:10251000F083E007E007E007E007E007E007E007F7
:10252000E007E007E007E007E007E007E007E00773
:10253000E007E007E007E007E007E007E007E00763
:10254000E007E007E007E007E007E007E007E00753
:10255000E00777A5705B705B906390639063906316
:102560009063705B705B705B90639063B163B16309
:10257000705BF26B77A5E007E007E007E007E00794
:10258000E007E007E007E007E007E0077384705B1F
:102590004F534F5B4F5B4F5B2F5BB06BE007E00728
:1025A000E007E007E007E007E007E007E007E007F3
:1025B000E007579D9684757C9684B68CD78C757C85
:1025C000B1632E530D4B0E530E530E530E530E5339
:1025D0000E530E4BCD4A2E5B7AD6E007E007E0079C
:1025E000E007E007E007E007E007E007E007E007B3
:1025F000E007E007E007E007E007E007E007E007A3
:10260000E007E007E007E007E007E007E007E00792
:10261000E007E007E007E007E00719BE705B705BCA
:10262000705B705B705B705B705B705B705B705B52
:10263000905B9063B163B163B163B1639163D26B3B
:10264000D8B5E007E007E007E007E007E007E007AC
:10265000E007E0079384705B4F534F5B4F5B4F5B2A
:102660002E5B906BE007E007E007E007E007E0077C
:10267000E007E007E0075AC6757C757C9584B68450
:10268000B6849684547CB1630E530D4B0E530E5397
:102690000E530E530E530E530E530E4BCD424F5B43
:1026A000E007E007E007E007E007E007E007E007F2
:1026B000E007E007E007E007E007E007E007E007E2
:1026C000E007E007E007E007E007E007E007E007D2
:1026D000E007E007E007E007E007E007E007E007C2
:1026E000E00773844F5B705B705B705B705B705B6B
:1026F000705B705B705B705B705B90639063B163E9
:10270000D16BD16BB163B16BD26B12747484E0077F
:10271000E007E007E007E007E007E0077384705B8D
:102720004F534F5B4F5B4F532E53906BE007E007C7
:10273000E007E007E007E007BBD6B68C757C757C48
:10274000757C957C9684B68495843374705B0E4B4F
:102750000E4B0E530E530E530E530E530E530E5379
:102760000E4B0E4BED4A0E4BF16BE007E007E00716
:10277000E007E007E007E007E007E007E007E00721
:10278000E007E007E007E007E007E007E007E00711
:10279000E007E007E007E007E007E007E007E00701
:1027A000E007E007E007E007F8BD90634F5B705B70
:1027B000705B705B705B705B705B705B705B705BC1
:1027C000705B705B905B9063B16BD26BD26BD26BC2
:1027D000D26BB163D26B747CF6947ACEE007E007DB
:1027E000E007E007327C4F5B4F5B4F5B4F5B2F5343
:1027F0000E53906B39C6E007E007E00719BED68C90
:10280000757C34743474757C958496849584547C7A
:10281000D16B6F5B0E530D4B0E530E530E530E5375
:102820000E530E530E530E4B0E4B0E4B0E4B0E4BC8
:102830000E4B527CE007E007E007E007E007E00707
:10284000E007E007E007E007E007E007E007E00750
:10285000E007E007E007E007E007E007E007E00740
:10286000E007E007E007E007E007E007E007E00730
:1028700090632F53705B705B705B705B705B705B21
:10288000705B705B705B705B705B705B705B705BF0
:102890009063B163D16BF26BF27313741374F26BC8
:1028A000D26BD26B13749584F9B5F9BDB16B4F5BE4
:1028B0004F5B4F5B4F5B2F534F5B9063537CD58CCB
:1028C00095841374F36B13743474547C75849584F9
:1028D0007584547CF26B90632E530D4B0E530E5344
:1028E0000E530E530E530E530E530E530E4B0E4BF0
:1028F0000E4B0E4B0E4B0D4BED4A4E5356A5E007BB
:10290000E007E007E007E007E007E007E007E0078F
:10291000E007E007E007E007E007E007E007E0077F
:10292000E007E007E007E007E007E007E007E0076F
:10293000E007E007E0073274705B705B705B705B10
:10294000705B705B705B705B705B705B705B705B2F
:10295000705B705B6F5B6F5B6F5B705B9063B163B1
:10296000D26B126C137433743374337433743374E2
:102970003474136C705B4F5B4F5B4F5B4F5B2F533B
:102980004F5B9163F26B1374137433743474547C1F
:10299000547C547C547C3474F26BB1634F530E4BB3
:1029A0000E530E530E530E530E530E530E530E4B27
:1029B0000E4B0E4B0E4B0E4B0E4B0E4B0E4B0E4B4F
:1029C0000D4BAC42B38CE007E007E007E007E007FF
:1029D000E007E007E007E007E007E007E007E007BF
:1029E000E007E007E007E007E007E007E007E007AF
:1029F000E007E007E007E007E007E007F594705B19
:102A00006F5B705B705B705B705B705B705B705B6F
:102A1000705B705B705B705B705B6F5B6F5B6F5B61
:102A20006F5B6F5B6F5B6F5B9063D16BF26B13746B
:102A30003374337434743474547C1374905B2F5334
:102A40004F5B4F5B2F532E534F5B9163F26B1374AD
:102A5000137433743474347434741374D26B705BC1
:102A60002E532E532E530E530E530E530E530E53FE
:102A70000E530E530E4B0D4BED4AED4AED4A0E4BE5
:102A80000E4B0E4B0E4B0E4B0D4B8C3A9063E007EA
:102A9000E007E007E007E007E007E007E007E007FE
:102AA000E007E007E007E007E007E007E007E007EE
:102AB000E007E007E007E007E007E007E007E007DE
:102AC000E007E00773842F534F5B705B705B705BB4
:102AD000705B6F5B6F5B6F5B4F5B4F534F534F5B35
:102AE0004F5B6F5B4F5B4F5B4F5B4F5B4F5B4F5B76
:102AF0004F5B705B905B9063D16BF26B1374547C93
:102B0000757C547C90632F532F532F532F532E5388
:102B10004F5B9163137433741374F26BF26BB16394
:102B200090636F5B4F5B2E530E4B0E530E530E5341
:102B30000E530E530E530E530E4B0E4BED4AED52E9
:102B40002E5B0E53ED420D4B0E4B0E4B0E4B0E4BB0
:102B50000D4BED4A327CE007E007E007E007E007B5
:102B6000E007E007E007E007E007E007E007E0072D
:102B7000E007E007E007E007E007E007E007E0071D
:102B8000E007E007E007E007E007E007369D705B3D
:102B90002F53705B6F5B6F5B6F5B4F5B705B4F5373
:102BA0002E5B6F6390634F532F536F5B6F5B4F5B75
:102BB0004F5B4F5B4F5B4F5B4F5B4F5B4F5B4F5BC5
:102BC0006F5B9063B163D16BF26BD26B705B2F5311
:102BD0002F532F532F532E532F53705BB163B16379
:102BE0009063905B705B4F530E530E530E532E53F6
:102BF0002E532E530E530E530E530E530E530E538D
:102C00000E53ED4A2E63D07B39C69ACE11740E4B0B
:102C1000CD420E530E4B0D4BCD42B06B18C6E007A4
:102C2000E007E007E007E007E007E007E007E0076C
:102C3000E007E007E007E007E007E007E007E0075C
:102C4000E007E007E007E007E007E007E007E0074C
:102C5000E007E007E0077384705B2F534F5B6F5B07
:102C60004F5B4F532F536F63B07BD49C159D5384A0
:102C7000B0634F5B2F534F5B4F5B4F5B4F5B4F5BC3
:102C80004F5B4F5B4F5B4F5B4F534F532F532F5354
:102C90002F532F532F532F532F532F532F532F5324
:102CA0002F532F532E532E532E532E532E532E531A
:102CB0002E532E532E532E530E530E530E530E538C
:102CC0000E530E530E4B0E53ED524E63528CE007D3
:102CD000E007E007E007327C2E53ED4ACD420D4B72
:102CE000B06B76ADE007E007E007E007E007E0073C
:102CF000E007E007E007E007E007E007E007E0079C
:102D0000E007E007E007E007E007E007E007E0078B
:102D1000E007E007E007E007E007E007E007E0077B
:102D2000738490630E532F532F536F5BD073729441
:102D3000E007E007E007E00719C6F1732E532F53B1
:102D40004F5B4F5B4F5B4F5B4F5B4F5B4F5B4F5B33
:102D50002F532F532F532F532E532E532F532F5365
:102D60002F532F532E532E532E532E532E532E5359
:102D70002E532E532E532E532E532E532E530E536B
:102D80000E530E530E530E530E530E4B0D4BCC528F
:102D90006F7359CEE007E007E007E007E007E007C0
:102DA0007ACE4E5BB06B117439C6E007E007E007DE
:102DB000E007E007E007E007E007E007E007E007DB
:102DC000E007E007E007E007E007E007E007E007CB
:102DD000E007E007E007E007E007E007E007E007BB
:102DE000E007E007E007E007E007369DB0634F5BD0
:102DF000D16B738CE007E007E007E007E007E0072E
:102E0000E007E007537C4F5B2E534F5B4F5B4F5BFC
:102E10002F532F532F532F532F532F532F532F53A2
:102E20002F532F532F532F532F532E532E532E5395
:102E30002E532E532E532E532E532E532E532E538A
:102E40002E532E530E530E530E530E530E530E533A
:102E50000E530E4BCC4A4E6B59CEE007E007E0070D
:102E6000E007E007E007E007E007E007E007E0072A
:102E7000E007E007E007E007E007E007E007E0071A
:102E8000E007E007E007E007E007E007E007E0070A
:102E9000E007E007E007E007E007E007E007E007FA
:102EA000E007E007E007E007E007E007E007E007EA
:102EB000E007E00719BEB7B539C6E007E007E0074D
:102EC000E007E007E007E007E007E00797AD906361
:102ED0000E4B2F534F5B4F5B2F532F532F532F53BB
:102EE0002F532F532F532F532F532F532F532F53D2
:102EF0002F532E532E532E532E532E532E532E53C9
:102F00002E532E532E532E532E530E530E530E5319
:102F10000E530E530E530E530E530D4BED52B394EE
:102F2000E007E007E007E007E007E007E007E00769
:102F3000E007E007E007E007E007E007E007E00759
:102F4000E007E007E007E007E007E007E007E00749
:102F5000E007E007E007E007E007E007E007E00739
:102F6000E007E007E007E007E007E007E007E00729
:102F7000E007E007E007E007E007E007E007E00719
:102F8000E007E007E007E007E007E007E007E00709
:102F9000E007E007369D90630E4B2F532F532F53BE
:102FA0002F532F532F532F532F532F532E532E5313
:102FB0002E532E532E532E532E532E532E532E5309
:102FC0002E532E532E532E532E530E530E530E4B61
:102FD0000E4B0D4B0E530E530E530E530E530E53FA
:102FE0000E4BED4A0E5355A5E007E007E007E0075A
:102FF000E007E007E007E007E007E007E007E00799
:10300000E007E007E007E007E007E007E007E00788
:10301000E007E007E007E007E007E007E007E00778
:10302000E007E007E007E007E007E007E007E00768
:10303000E007E007E007E007E007E007E007E00758
:10304000E007E007E007E007E007E007E007E00748
:10305000E007E007E007E007E007E00732744F5BB6
:103060000E532F532F532F532F532F532F532F5371
:103070002E532F532E532E532E532E532E532E5347
:103080002E532E532E532E532E532E532E532E5338
:103090000E530E530E530E53ED4AED4A0D530E537D
:1030A0000E530E530E4B0E4B0E4BED4A0D4B359DF2
:1030B000E007E007E007E007E007E007E007E007D8
:1030C000E007E007E007E007E007E007E007E007C8
:1030D000E007E007E007E007E007E007E007E007B8
:1030E000E007E007E007E007E007E007E007E007A8
:1030F000E007E007E007E007E007E007E007E00798
:10310000E007E007E007E007E007E007E007E00787
:10311000E007E007E007E007E007E007E007E00777
:10312000E007E00790632E532F534F532F532F5335
:103130002F534F532E530E53ED524F63B06B90638A
:103140002E532E532F532E532E532E532E532E5376
:103150002E532E530E530E53ED4A2E5B8F6BD073AE
:10316000528472846F63CD420E4B0E530E4B0E4B46
:103170000E4BED4ACD427384E007E007E007E0071D
:10318000E007E007E007E007E007E007E007E00707
:10319000E007E007E007E007E007E007E007E007F7
:1031A000E007E007E007E007E007E007E007E007E7
:1031B000E007E007E007E007E007E007E007E007D7
:1031C000E007E007E007E007E007E007E007E007C7
:1031D000E007E007E007E007E007E007E007E007B7
:1031E000E007E007E007E007E007E0074F530E5372
:1031F0004F534F532F532E532F532F530E53ED5ADC
:10320000B07B7AD6E007E00797AD6F5B2E532E5365
:103210002E532E532E532E532E530E53ED522E5B00
:10322000D0739AD6E007E007E007E00718BE0D4B21
:10323000ED4A0E4B0E4B0E4B0E4B0D4BCD42906399
:103240009AD6E007E007E007E007E007E007E007BD
:10325000E007E007E007E007E007E007E007E00736
:10326000E007E007E007E007E007E007E007E00726
:10327000E007E007E007E007E007E007E007E00716
:10328000E007E007E007E007E007E007E007E00706
:10329000E007E007E007E007E007E007E007E007F6
:1032A000E007E007E007E007E007E007E007E007E6
:1032B000E007D48C2E530E532F532F532E532E53DF
:1032C0002E532E530E538F73E007E007E007E007FD
:1032D000E007D06B2E530E532E532E530E530E5326
:1032E0000E53ED4ACD52D07BE007E007E007E00740
:1032F000E007E007E0071174ED4AED4A0E4B0E4B74
:103300000E4BED4AED424F5B35A5E007E007E007C5
:10331000E007E007E007E007E007E007E007E00775
:10332000E007E007E007E007E007E007E007E00765
:10333000E007E007E007E007E007E007E007E00755
:10334000E007E007E007E007E007E007E007E00745
:10335000E007E007E007E007E007E007E007E00735
:10336000E007E007E007E007E007E007E007E00725
:10337000E007E007E007E007E007B7B52E53CD4AC6
:103380002E532E532E532E532E530E4B6F63F8C5D0
:10339000E007E007E007E007E00731744E530E4B0B
:1033A0000E530E530E530E530E53ED4A2E6356AD6D
:1033B000E007E007E007E007E007E007E00739C6BD
:1033C0000E53CD420E4B0D4BED4ACD42CD42B06B6C
:1033D000E007E007E007E007E007E007E007E007B5
:1033E000E007E007E007E007E007E007E007E007A5
:1033F000E007E007E007E007E007E007E007E00795
:10340000E007E007E007E007E007E007E007E00784
:10341000E007E007E007E007E007E007E007E00774
:10342000E007E007E007E007E007E007E007E00764
:10343000E007E007E007E007E007E007E007E00754
:10344000E007E007327C6F5BEE4AED4A0E4B0E530D
:10345000EE4A2E5B3184E007E007E007E007E00773
:10346000E00793844F5BED4A0E530E530E530E53F9
:103470000E4BED4A6F63E007E007E007E007E00767
:10348000E007E007E007E0071174CD42AC42CD420F
:103490000D534E5BF173E007E007E007E007E0073C
:1034A000E007E007E007E007E007E007E007E007E4
:1034B000E007E007E007E007E007E007E007E007D4
:1034C000E007E007E007E007E007E007E007E007C4
:1034D000E007E007E007E007E007E007E007E007B4
:1034E000E007E007E007E007E007E007E007E007A4
:1034F000E007E007E007E007E007E007E007E00794
:10350000E007E007E007E007E007E007E00759C64B
:10351000527CD06B6F5B2E536F5B5284E007E007E9
:10352000E007E007E007E007E007F5946F5BED4A8E
:103530000E530E530E530E530E4B0E536F6BE0078C
:10354000E007E007E007E007E007E007E007E00743
:10355000E007527CB0631174B38CE007E007E0072A
:10356000E007E007E007E007E007E007E007E00723
:10357000E007E007E007E007E007E007E007E00713
:10358000E007E007E007E007E007E007E007E00703
:10359000E007E007E007E007E007E007E007E007F3
:1035A000E007E007E007E007E007E007E007E007E3
:1035B000E007E007E007E007E007E007E007E007D3
:1035C000E007E007E007E007E007E007E007E007C3
:1035D000E007E007E007E007E007E007159D11744A
:1035E0009AD6E007E007E007E007E007E007E0071A
:1035F000E007369D4F5BAC42ED4AED4AED4A0D4B7C
:10360000ED4A0E53D073E007E007E007E007E0075C
:10361000E007E007E007E007E007E007E007E00772
:10362000E007E007E007E007E007E007E007E00762
:10363000E007E007E007E007E007E007E007E00752
:10364000E007E007E007E007E007E007E007E00742
:10365000E007E007E007E007E007E007E007E00732
:10366000E007E007E007E007E007E007E007E00722
:10367000E007E007E007E007E007E007E007E00712
:10368000E007E007E007E007E007E007E007E00702
:10369000E007E007E007E007E007E007E007E007F2
:1036A000E007E007E007E007E007E007E007E007E2
:1036B000E007E007E007E007E007E0078F5BCD42A7
:1036C000ED4AED4AED4AED4ACD424E5B938CE00760
:1036D000E007E007E007E007E007E007E007E007B2
:1036E000E007E007E007E007E007E007E007E007A2
:1036F000E007E007E007E007E007E007E007E00792
:10370000E007E007E007E007E007E007E007E00781
:10371000E007E007E007E007E007E007E007E00771
:10372000E007E007E007E007E007E007E007E00761
:10373000E007E007E007E007E007E007E007E00751
:10374000E007E007E007E007E007E007E007E00741
:10375000E007E007E007E007E007E007E007E00731
:10376000E007E007E007E007E007E007E007E00721
:10377000E007E007E007E007E007E007E007E00711
:10378000E007E007D8B51174527C527C527C327C41
:10379000D06B7384E007E007E007E007E007E0078D
:1037A000E007E007E007E007E007E007E007E007E1
:1037B000E007E007E007E007E007E007E007E007D1
:1037C000E007E007E007E007E007E007E007E007C1
:1037D000E007E007E007E007E007E007E007E007B1
:1037E000E007E007E007E007E007E007E007E007A1
:1037F000E007E007E007E007E007E007E007E00791
:10380000E007E007E007E007E007E007E007E00780
:10381000E007E007E007E007E007E007E007E00770
:10382000E007E007E007E007E007E007E007E00760
:10383000E007E007E007E007E007E007E007E00750
:10384000E007E007E007E007E007E007E007E00740
:10385000E007E007E007E007E007E007E007E00730
:10386000E007E007E007E007E007E007E007E00720
:10387000E007E007E007E007E007E007E007E00710
:10388000E007E007E007E007E007E007E007E00700
:10389000E007E007E007E007E007E007E007E007F0
:1038A000E007E007E007E007E007E007E007E007E0
:1038B000E007E007E007E0070690810C204E0000DB
:1038C00098EA0308000000006C5E4AFF726450FF33
:1038D0006C655FFF7B6B58FF827060FF817568FFCE
:1038E0007D7472FF8E7867FF98816EFF8D8173FF04
:1038F00089817DFFA78E7CFFA3968BFF9D9692FF0B
:10390000B39E8EFF000000000000000000000000D9
:103910000000000000000000000000F9888890000E
:103920000000000000000000000000000000000097
:103930000000000000000000000000000000000087
:1039400000000000000000000000000000988988CE
:103950008C000000000000000000000000000000DB
:103960000000000000000000000000000000000057
:1039700000000000000000000000000000000099AE
:103980008988590000000000D000000000000000FD
:103990000000000000000000000000000000000027
:1039A00000000000000000000000FCF0000000002B
:1039B00000C89999890000000005559D000000008D
:1039C00000000000000000000000000000000000F7
:1039D0000000000000000000000000FC99C0000092
:1039E00000000099999989D0000000C545569D00B6
:1039F00000000000000000000000000000000000C7
:103A00000000000000000000000000000C99CC9CA9
:103A1000000000000F98998988A000000D58855576
:103A20002400000000000000000000000000000072
:103A30000000000000000000000000000000FCC9C1
:103A4000C9C9000000000D998989989000000A58A2
:103A50006858450000000000000000000000000061
:103A60000000000000000000000000000000000056
:103A7000F9CC9CC9C00000000C999999897000008C
:103A80000985848558E00000000000000000000067
:103A90000000000000000000000000000000000026
:103AA0000000FCCCC9C99F00000009999999889C25
:103AB0000000A588855848E00000000000000000D4
:103AC00000000000000000000000000000000000F6
:103AD00000000000FC9CCCC9CCF0000D989998998E
:103AE0009988900C58868655570000000000000009
:103AF00000000000000000000000000000000000C6
:103B00000000000000000CC9C9CC99C9C989999965
:103B1000A99889898568898888685700000000000D
:103B20000000000000000000000000000000000095
:103B300000000000000000000FCCCCC9CC9999997E
:103B400099899899998888885888858457000000B1
:103B50000000D00000000000000000000000000095
:103B60000000000000000000000000C9C9CC9CC992
:103B7000C9C9999999989A888988685886856600EC
:103B80000000000A5A0000000000000000000000D1
:103B90000000000000000FF0000000000FCCCC9CE3
:103BA000999C999C9999999A898988698895885846
:103BB000850000000D54416D000000000000000071
:103BC000000000000000000FCCCF000000000CCC73
:103BD0009CC9CC9CC999C999989989898988688513
:103BE0008845559D0000A6444444D00000000000D4
:103BF0000000000000000000000FCCCCC000000C52
:103C0000CCCCC9CC99C99C9988899999986888899C
:103C1000886858865555900A844454425E000000D6
:103C20000000000000000000000000CCCFCCCCF071
:103C300000FCCC9CCC9CCC998553458999998824CF
:103C4000444588988885555459A4448454544C005C
:103C50000000000000000000000000000FCFCCCCEE
:103C6000FCCCCC9CCCCC9CCC898542111289998906
:103C7000A411112445565586655544444445444293
:103C80002E000000000000000000000000000FCC2B
:103C9000FCFCCCCCCCCCCCCCC998521221111389D1
:103CA00099999511111111458488555554484545E8
:103CB00044444E000000000000000000000000002E
:103CC00000CCCCCCCCFCCCCCCCCCC8542111122216
:103CD000128999898521111122224445555545544F
:103CE00054445444B00000000000000000000000F4
:103CF0000000000CCCCFCCCCCCCCCC9952111122F2
:103D0000111147899999841142111122244555585E
:103D1000445454545445E0000000000000000000EA
:103D2000000000000000CCCCCCCCCCCCC99411213C
:103D3000211136BE00C999998130000A52114444BC
:103D4000555555484544422700000000000000003A
:103D50000000000000000000FCFCCCCCCCCCC52254
:103D600011112136B00000F9899957E000000D5477
:103D70002244445554444545417E00000000000063
:103D8000000000000000000000000FCCCCCCCCC92B
:103D9000521122113B00000000D9998988000000CF
:103DA00000008224554545855444547000000000AD
:103DB0000000000000000000000000000FCCCCCC90
:103DC000CCC5111211360000000000D999895A00A3
:103DD0000000000000624448444444454490000010
:103DE00000000000000000000000000000000CCCFB
:103DF000CCCCC941112123B00000000000F9899901
:103E00008700000000000009445555848544426D38
:103E100000000000000000000000000000000000A2
:103E2000FCCCCCFCC411321170000000000000F981
:103E300089998700000000000000D545554444459D
:103E4000842500000000A000000000000000000029
:103E5000000FCCCCCCC95212113B00000000000076
:103E600000D998988900000000000000009558884B
:103E700054444442D000DA422A000000000000FF0F
:103E80000000000CCCCCCCC5111211700000000059
:103E9000000000F999997800000000000000000976
:103EA0005585544445442664214224D00000000036
:103EB0000CCCCCCF00FCCCCCCC8112213B00000040
:103EC0000000000000D989888B000000000000007D
:103ED0000000988985544444421114242160000054
:103EE00000000C9CCCCCCCCCCCCCC82132117000C6
:103EF00000000000000000F989988A00000000001E
:103F0000000000000A88985444424444422421405E
:103F100000000000CCCCC9CCCCCCCCCC9412121775
:103F2000000000000000000000D998888700000011
:103F30000000000000000D8898844425444152424E
:103F400041260000000099C9CCC9C9C9CCCC521285
:103F50002130000000000000000000D99A9888007D
:103F6000000000000000000000C89995444422426F
:103F7000412241240000000099CC9C9CCCCCC9C9B2
:103F8000412213E0000000000000000000D98888F2
:103F900087000000000000000000000989985424F8
:103FA00045242442222B00000000C99CCC9C9C9CF0
:103FB000CC9521211B00000000000000000000D96A
:103FC000999887000000000000000000000F9999F8
:103FD00054442241514214B0000000000C999CC985
:103FE000C9C99C94122230000000000000000000AB
:103FF00000D988888900000000000000000000004F
:10400000C89C8542524242413E000000000000FC34
:1040100099C9C9CCC9511224B000000000000000A9
:1040200000000F88898858C00000000000000000D0
:104030000000099C952414151115E00000000000F3
:104040000000CC9C9C99C95222170000000000007F
:104050000000000D989898888959D0000000000051
:10406000000000000CC9C8525242513E000000003E
:104070000000000000C99CC9C522212B00000000DF
:104080000000000000988896989868855900000004
:10409000000000000000009CC952251422E000002E
:1040A00000000000000000C9C99C9522243E0000C9
:1040B000000000000000D85899898A888868845DCB
:1040C000000000000000000000CCC9844242420011
:1040D000000000000000000000C99C9C94122170A8
:1040E000000000000000000F54898888555888841B
:1040F0005445D00000000000000000CCCC84151412
:1041000041E000000000000000000099C9998412FD
:1041100024E0000000000000000824EEC685486886
:104120005856AA448000000000000000000CCC9407
:10413000424221A00000000000000000009999C93F
:104140005212270000000000000000984A000AAD4B
:10415000EDD0D99E00C64900000000000000000C10
:10416000CFC51515216000000000000000000F8978
:10417000C999522117000000000000000C985D0052
:1041800000000000000000D455D000000000000036
:10419000000FCCC85122424B00000000000000007C
:1041A0000C99999944241B00000000000000098923
:1041B00089000000000000000095549000000000FD
:1041C0000000000FCCC85142514422444A00000074
:1041D0000000D999C99954545B0000000000000008
:1041E000089888900000000000000C55554D000014
:1041F00000000000000CCCC85242142111112260B2
:10420000000FFCC999999999888889D0000000000D
:10421000000D989894600000000000000945844853
:10422000DDDDDDDDDDDDDDC5585522422222222126
:1042300011200988989899999999999999999CCC5C
:10424000CCC99988898955400000000000000C8580
:1042500045544545444444444422422414224222C5
:104260002132112009889999899999999999989950
:104270008888889888986988846000000000000019
:104280000F945555454444444222222222241514B9
:10429000122221131110098999999999999999993B
:1042A000999999A9A9998988989895600000000022
:1042B00000000F94555444454544444444445241FD
:1042C000524242212211112B0A8898999999999961
:1042D0009999998999989889899888888560000022
:1042E000000000000F945555555444444454442450
:1042F0001424141222211211111B098A99989899D9
:1043000099989999999988888888888888A86590C3
:104310000000000000000F8555544544424424111C
:104320001115241151422222211111300988888946
:104330009898989998989988999A98898889888856
:1043400085900000000000000C544444454444445F
:1043500045545441425141221222111334B009886C
:104360008988898989985555547D00000000000D81
:10437000A59885A000000000000008455484459DD4
:10438000000000000D8554552422213133E0000047
:10439000000FDCCA988988984111130000000000C2
:1043A0000000058885900000000000000A45454592
:1043B0007000000000000008858441242211700074
:1043C000000000000000D998989541111E000000DF
:1043D00000000000095858E00000000000000094B0
:1043E0005457000000000000000988854212111394
:1043F00000000000000000000968899841111B00BE
:104400000000000000000D854A0000D00000000000
:1044100000D44280000000000000000958842412EB
:10442000111B000000000000000000898888521164
:104430001B0000000000000000A85A0009990F0F9F
:10444000D99000F8280000000000000000098854FE
:104450001222211E000000000000000000888A884F
:1044600052111600000000000000000548CDA455C0
:104470006899844ADFC5400000000000000000F891
:104480009954122221300000000000000000009822
:10449000888982111100000000000000000085687A
:1044A0008555554445456555000000000000000055
:1044B00000998852221211600000000000000000E4
:1044C00000D58688841111E0000000000000000083
:1044D000F854558555545554448D00000000000093
:1044E00000000089985222131130000000000000E3
:1044F000000000D86888A42111A00000000000007E
:10450000000000A5454555554555450000000000F3
:10451000000000000F9998222221112600000000BF
:10452000000000000DA888888841111E00000000CE
:1045300000000000000DAA555554544460000000CE
:104540000000000000000C8998122223112116009F
:10455000000000000000C88888888541111A00000A
:104560000000000000000000008454484257000092
:104570000000000000000000F8C994212111221160
:1045800011260000000000D5558886888652111437
:104590000000000000000000000000A5554542702A
:1045A00000000000000000000000C9C98221222193
:1045B00012111111000000000845885858588884CD
:1045C0002112A000000000000000000000D54454AB
:1045D00053E00000000000000000000C9999412207
:1045E000221121111111E00000006555584858466C
:1045F00084A542212000000000000000000000D53A
:10460000455545000000000000000000000CCC985B
:104610004121122123111111E00000009558558607
:1046200085888585422226000000000000000000E9
:1046300000C444444700000000000000000000C91E
:10464000CC9412122113111111120000000009451F
:10465000555555558456544221A0000000000000D5
:10466000000000D4455427000000000000000000B6
:104670000F9CC952121111111111111700000000E5
:104680000A565685555555585544442A0000000091
:104690000000000000C824454600000000000000A3
:1046A0000000FCCCC922213131134631113E0000FB
:1046B00000000D8454555555555555524424D0008D
:1046C00000000000000000C4454526000000000076
:1046D0000000000FCCCC94112121113B00E622A058
:1046E000000000000095485AAEA556555554444464
:1046F0005D0000000000000000D4444447000000BA
:104700000000000000FCCCC95223221113B00000AD
:10471000000000000000000FD0D0000C455555559A
:10472000444545D000000000000000C54454260068
:104730000000000000000FFCCCC521111211170071
:104740000000000000000000000000000000A45570
:1047500054555444544900000000000000D524443E
:104760004700000000000000FCCFCC813121311156
:104770003000000000000000000000000000000009
:10478000084455545544555590000000000000A5BC
:104790004442260000000000000FCCCFC821212198
:1047A0002313700000000000000000000000000063
:1047B00000000F4444455454555449D000000000B3
:1047C00000C524444700000000000FCCCFCC82225B
:1047D0001312111300000000000000000000000090
:1047E00000000000005558445454555556880000A8
:1047F000000000D42524160000000000CCCCFCC52D
:10480000211212311112000000000000000000000F
:104810000000000000000C4444544844455868859A
:1048200089C0000000A52244270000000FCCCCFC6A
:10483000C941112111111112600000000000000097
:104840000000000000000000044444844448445533
:104850008898588CF000009444241500000FC9CCAF
:10486000CCCC85212222112111112B000000000047
:10487000000000000000000000004445444545449D
:10488000444455899998889C0052242426CDD9897E
:104890009CCCCC95411313132212112112E000007D
:1048A00000000000000000000000000944444444EF
:1048B000444554544448899999999954415154898B
:1048C000999CC9C98521221211111312211111605D
:1048D00000000000000000000000000000D444546C
:1048E000545454544444444455999C9CC9442421F0
:1048F000459999999985422211212111111112117D
:10490000116000000000000000000000000000A492
:104910004444444444444444444444555999C95249
:1049200025244589998854411213211121113111EF
:1049300012111160000000000000000000000000E3
:1049400000D5144444421544244444424444455848
:1049500088541422158885541112212112321137DE
:1049600000A111111700000000000000000000006D
:1049700000000009424442457BDA54244444224466
:1049800024442414125441221212222222221111F0
:1049900013E0000A21114E0000000000000000009A
:1049A0000000000000009512146B00000622242471
:1049B0004422422221515121242122222222111358
:1049C000211330000000011600000000000000006C
:1049D00000000000000000000D555D00000000C454
:1049E00024242442422542515144142222222212DC
:1049F000231121130000000000000000000000004F
:104A000000000000000000000000000D0000000099
:104A10000005124222224241414224222222222225
:104A200013131111311B00000000000000000000F2
:104A30000000000000000000000000000000000076
:104A4000000000D4124424424141514141424122DC
:104A5000211211111211113B000000000000000092
:104A60000000000000000000000000000000000046
:104A70000000000000A52421522414121414141163
:104A80002222121111112121111A00000000000030
:104A90000000000000000000000000000000000016
:104AA00000000000000000414251414115554141C4
:104AB00014122211133BBB611111111600000000EA
:104AC00000000000000000000000000000000000E6
:104AD0000000000000000000004142241511700099
:104AE000D51421212113700000011121111600009D
:104AF00000000000000000000000000000000000B6
:104B0000000000000000000000000D2141441117CA
:104B100000000621222121170000000A1122111293
:104B2000E0000000000000000000000000000000A5
:104B30000000000000000000000000000F114241D2
:104B4000413000000A212213113E00000000111123
:104B5000111600000000000000000000000000002E
:104B600000000000000000000000000000000094B1
:104B7000111114B000000D4112121170000000005C
:104B8000A1111170000000000000000000000000F2
:104B90000000000000000000000000000000000015
:104BA000000098424A0000000E41212111400000FF
:104BB00000000A46E00000000000000000000000C5
:104BC00000000000000000000000000000000000E5
:104BD0000000000000DA000000000E411111117009
:104BE00000000000000000000000000000000000C5
:104BF00000000000000000000000000000000000B5
:104C00000000000000000000000000000021111161
:104C100013E00000000000000000000000000000A1
:104C20000000000000000000000000000000000084
:104C3000000000000000000000000000000000066E
:104C40006A666B0000000000000000000000000029
:104C50000000000000000000000000000000000054
:104C60000000000000000000000000000000000044
:104C70000000000000000000000000000000000034
:104C80000000000000000000000000000990810CFE
:104C9000C8130000C4380408FCE6FCE6FCE6FCE6A9
:104CA000FCE6FCE6FCE6FCE6FCE6FCE6FCE6FCE6F4
:104CB000FCE6FCE6FCE6FCE6FCE6FCE6FCE6FCE6E4
:104CC000FCE6FCE6FCE6FCE6FCE6FCE6FCE6FCE6D4
:104CD000FCE6FCE6FCE6FCE6FCE6FCE6FCE6FCE6C4
:104CE000FCE6FCE6FCE6FCE6FCE6FCE6FCE6FCE6B4
:104CF000FCE6FCE6F694F373D26BF26BF26BB163F5
:104D00003374BBD6FCE6FCE6FCE6FCE6FCE6FCE61F
:104D1000FCE6FCE6FCE6FCE6FCE6FCE6FCE6FCE683
:104D2000FCE6FCE6FCE6FCE6FCE6FCE6FCE6FCE673
:104D3000FCE6FCE6FCE6FCE6FCE6FCE6FCE6FCE663
:104D4000FCE6FCE6FCE6FCE6FCE6FCE6FCE6FCE653
:104D5000FCE6FCE6FCE6FCE6FCE6FCE6FCE6FCE643
:104D6000FCE6FCE6FCE6FCE6FCE6FCE6FCE6FCE633
:104D7000FCE6FCE6FCE6FCE6FCE6FCE6FCE6FCE623
:104D8000FCE6FCE6FCE6FCE6FCE6FCE6FCE6FCE613
:104D9000FCE6FCE6FCE6FCE6FCE6FCE6FCE6FCE603
:104DA000FCE6FCE6FCE6FCE6FCE6FCE6FCE6FCE6F3
:104DB000FCE6FCE6FCE6FCE6FCE61CE7547CD26B79
:104DC000D26BD26BD26BB163B1637484FCE6FCE648
:104DD000FCE6FCE6FCE6FCE6FCE6FCE6FCE6FCE6C3
:104DE000FCE6FCE6FCE6FCE6FCE6FCE6FCE6FCE6B3
:104DF000FCE6FCE6FCE6FCE6FCE6FCE6FCE6FCE6A3
:104E0000FCE6FCE6FCE6FCE6FCE6FCE6FCE6FCE692
:104E1000FCE6FCE6FCE6FCE6FCE6FCE6FCE6FCE682
:104E2000FCE6FCE6FCE6FCE6FCE6FCE6FCE6FCE672
:104E3000FCE6FCE6FCE6FCE6FCE6FCE6FCE6FCE662
:104E4000FCE6FCE6FCE6FCE6FCE6FCE6FCE6FCE652
:104E5000FCE6FCE6FCE6FCE6FCE6FCE6FCE6FCE642
:104E6000FCE6FCE6FCE6FCE61CE71CE7FCE6FCE6F0
:104E7000FCE6FCE6FCE6FCE6FCE6FCE6FCE6FCE622
:104E8000FCE6FCE63374D26BF26B1374F26BF26BDC
:104E9000B1631374FCE6FCE6FCE6FCE6FCE6FCE62B
:104EA000FCE6FCE6FCE6BBD6169DFCDEFCE61CE759
:104EB000FCE6FCE6FCE6FCE6FCE6FCE6FCE6FCE6E2
:104EC000FCE6FCE6FCE6FCE6FCE6FCE6FCE6FCE6D2
:104ED000FCE6FCE6FCE6FCE6FCE6FCE6FCE6FCE6C2
:104EE000FCE6FCE6FCE6FCE6FCE6FCE6FCE6FCE6B2
:104EF000FCE6FCE6FCE6FCE6FCE6FCE6FCE6FCE6A2
:104F0000FCE6FCE6FCE6FCE6FCE6FCE6FCE6FCE691
:104F1000FCE6FCE6FCE6FCE6FCE6FCE6FCE6FCE681
:104F2000FCE6FCE6FCE6FCE6FCE6FCE61CE7FCE650
:104F3000D68C3474F9B51CE7FCE6FCE6FCE6FCE62E
:104F4000FCE6FCE6FCE6FCE6FCE6FCDE547CD26B10
:104F5000137413741374F26BD26B1374FCDEFCE6DF
:104F6000FCE6FCE6FCE6FCE6FCE6FCE6BBD6B16350
:104F7000B16390631274D58CFCE6FCE6FCE6FCE6BB
:104F8000FCE6FCE6FCE6FCE6FCE6FCE6FCE6FCE611
:104F9000FCE6FCE6FCE6FCE6FCE6FCE6FCE6FCE601
:104FA000FCE6FCE6FCE6FCE6FCE6FCE6FCE6FCE6F1
:104FB000FCE6FCE6FCE6FCE6FCE6FCE6FCE6FCE6E1
:104FC000FCE6FCE6FCE6FCE6FCE6FCE6FCE6FCE6D1
:104FD000FCE6FCE6FCE6FCE6FCE6FCE6FCE6FCE6C1
:104FE000FCE6FCE6FCE6FCE6FCE6FCE6FCE6FCE6B1
:104FF0001CE77BCED68C9584547C3374547C39BEAC
:10500000FCE6FCE6FCE6FCE6FCE6FCE6FCE6FCE690
:10501000FCE639C6537CF26B13741374F36BF26BBA
:10502000D26BF273948CFCE6FCE6FCE6FCE6FCE654
:10503000FCE61CE7737C705B905B9063B163D16BA3
:10504000127473841CE7FCE6FCE6FCE6FCE6FCE676
:10505000FCE6FCE6FCE6FCE6FCE6FCE6FCE6FCE640
:10506000FCE6FCE6FCE6FCE6FCE6FCE6FCE6FCE630
:10507000FCE6FCE6FCE6FCE6FCE6FCE6FCE6FCE620
:10508000FCE6FCE6FCE6FCE6FCE6FCE6FCE6FCE610
:10509000FCE6FCE6FCE6FCE6FCE6FCE6FCE6FCE600
:1050A000FCE6FCE6FCE6FCE6FCE6FCE6FCE6FCE6F0
:1050B000FCE6FCE6FCE6FCE619BE757C1474347470
:1050C000547C547C137475841CE7FCE6FCE6FCE617
:1050D000FCE6FCE6FCE6FCE6FCE6F6943374F26BD8
:1050E0001374F36BF36BF26BF26BF26B127CFCE6F6
:1050F000FCE6FCE6FCE6FCE6FCE677A5D16BB163DA
:10510000B163B163B163705B4F5B90631CE7FCE616
:10511000FCE6FCE6FCE6FCE6FCE6FCE6FCE6FCE67F
:10512000FCE6FCE6FCE6FCE6FCE6FCE6FCE6FCE66F
:10513000FCE6FCE6FCE6FCE6FCE6FCE6FCE6FCE65F
:10514000FCE6FCE6FCE6FCE6FCE6FCE6FCE6FCE64F
:10515000FCE6FCE6FCE6FCE6FCE6FCE6FCE6FCE63F
:10516000FCE6FCE6FCE6FCE6FCE6FCE6FCE6FCE62F
:10517000FCE6FCE6FCE6FCE6FCE6FCE6FCE61CE7FE
:10518000D68C3474547C547C547C547C3474547C5D
:105190007ACEFCE6FCE6FCE6FCE6FCE6FCE6FCE699
:1051A000FCE695843374F26B13741374F373F26B2F
:1051B000F26BF26B127CFCE6FCE6FCE6FCE6FCE63D
:1051C0001CE73274705BB163B163B163B163B16307
:1051D000705B9063BBD6FCE6FCE6FCE6FCE6FCE616
:1051E000FCE6FCE6FCE6FCE6FCE6FCE6FCE6FCE6AF
:1051F000FCE6FCE6FCE6FCE6FCE6FCE6FCE6FCE69F
:10520000FCE6FCE6FCE6FCE6FCE6FCE6FCE6FCE68E
:10521000FCE6FCE6FCE6FCE6FCE6FCE6FCE6FCE67E
:10522000FCE6FCE6FCE6FCE6FCE6FCE6FCE6FCE66E
:10523000FCE6FCE6FCE6FCE6FCE6FCE6FCE6FCE65E
:10524000FCE6FCE6FCE61CE778A5547C547C757C07
:10525000547C547C547C3474547CFCDEFCE6FCE6C8
:10526000FCE6FCE6FCE6FCE6FCE6747C13741374D6
:105270001374137413741274F26BD26BF273DBDE5B
:10528000FCE6FCE6FCE6FCE65AC6F26BB163D163D1
:10529000B163B163B163B163905BB16B76A5FCE6BA
:1052A000FCE6FCE6FCE6FCE6FCE6FCE6FCE6FCE6EE
:1052B000FCE6FCE6FCE6FCE6FCE6FCE6FCE6FCE6DE
:1052C000FCE6FCE6FCE6FCE6FCE6FCE6FCE6FCE6CE
:1052D000FCE6FCE6FCE6FCE6FCE6FCE6FCE6FCE6BE
:1052E000FCE6FCE6FCE6FCE6FCE6FCE6FCE6FCE6AE
:1052F000FCE6FCE6FCE6FCE6FCE6FCE6FCE6FCE69E
:10530000FCE6FCE6FCE6FCE6FCE6FCE6FCE6FCE68D
:10531000F9B5547C547C757C547C547C547C547C0E
:10532000137498AD1CE7FCE6FCE6FCE6FCE6FCDE4C
:105330003AC6337413741374137413741374136CA4
:10534000F26BF26BD26B5384DBDEFCE6FCE6FCDE38
:105350001274B163D16BD16BB163B163B163B163EB
:105360009063D16B35A5FCE6FCE6FCE6FCE6FCE6CA
:10537000FCE6FCE6FCE6FCE6FCE6FCE6FCE6FCE61D
:10538000FCE6FCE6FCE6FCE6FCE6FCE6FCE6FCE60D
:10539000FCE6FCE6FCE6FCE6FCE6FCE6FCE6FCE6FD
:1053A000FCE6FCE6FCE6FCE6FCE6FCE6FCE6FCE6ED
:1053B000FCE6FCE6FCE6FCE6FCE6FCE6FCE6FCE6DD
:1053C000FCE6FCE6FCE6FCE6FCE6FCE6FCE6FCE6CD
:1053D000FCE6FCE6FCE6FCE6B8AD547C547C757C4F
:1053E000747C547C547C547C3474547CD8B5DBDE9F
:1053F000DBDEBBD6F9B5B584337413741374137440
:10540000137413741374F273F26BF26BF26BD26B4E
:10541000537CD8B59AD69484B163B163D16BD16B08
:10542000B163B163B163B1639063D17397B5FCE6C7
:10543000FCE6FCE6FCE6FCE6FCE6FCE6FCE6FCE65C
:10544000FCE6FCE6FCE6FCE6FCE6FCE6FCE6FCE64C
:10545000FCE6FCE6FCE6FCE6FCE6FCE6FCE6FCE63C
:10546000FCE6FCE6FCE6FCE6FCE6FCE6FCE6FCE62C
:10547000FCE6FCE6FCE6FCE6FCE6FCE6FCE6FCE61C
:10548000FCE6FCE6FCE6FCE6FCE6FCE6FCE6FCE60C
:10549000FCE6FCE6FCE6FCE6FCE6FCE6FCE6FCE6FC
:1054A0009BCE9584547C757C747C547C547C547C59
:1054B000547C547C3374347C547C3374136C337458
:1054C0003374137413741374137413741374F273A6
:1054D000F273F26BF26BF26BF26BB163D16BB1638F
:1054E000F26BD16BD16BB16BB163B163B163B1637B
:1054F0009063D073FBDEFCE6FCE6FCE6FCE6FCE633
:10550000FCE6FCE6FCE6FCE6FCE6FCE6FCE6FCE68B
:10551000FCE6FCE6FCE6FCE6FCE6FCE6FCE6FCE67B
:10552000FCE6FCE6FCE6FCE6FCE6FCE6FCE6FCE66B
:10553000FCE6FCE6FCE6FCE6FCE6FCE6FCE6FCE65B
:10554000FCE6FCE6FCE6FCE6FCE6FCE6FCE6FCE64B
:10555000FCE6FCE6FCE6FCE6FCE6FCE6FCE6FCE63B
:10556000FCE6FCE6FCE6FCE6FCE657A5747C547C15
:10557000757C547C547C547C547C547C547C347CAA
:10558000547C547C33741374337413741374137411
:10559000137413741374F26BF26BF26BF26BD26BC5
:1055A000D26BF26BD26BD16BD26BD16BD16BB1631F
:1055B000B163B163B163B163B0631184FCE6FCE62F
:1055C000FCE6FCE6FCE6FCE6FCE6FCE6FCE6FCE6CB
:1055D000D8B5FCDEFCE6FCE6FCE6FCE6FCE6FCE618
:1055E000FCE6FCE6FCE6FCE6FCE6FCE6FCE6FCE6AB
:1055F000FCE6FCE6FCE6FCE6FCE6FCE6FCE6FCE69B
:10560000FCE6FCE6FCE6FCE6FCE6FCE6FCE6FCE68A
:10561000FCE6FCE6FCE6FCE6FCE61CE71CE7FCE638
:10562000FCE6FCE6FCE6FCE6FCE6FCE6FCE6FCE66A
:10563000FCE67ACE757C547C557C547C547C547C3E
:10564000547C547C547C547C34743374337433747D
:105650003374137413741374137413741374F26B1C
:10566000F26BF26BF26BD26BD26BF26BD26BD26BD2
:10567000D26BD16BD16BB163B163B163B163B16311
:10568000B063F17BFCE6FCE6FCE6FCE6FCE6FCE64F
:10569000FCE61CE719C6537CB163F16BF8BDFCE670
:1056A000FCE6FCE6FCE6FCE6FCE6FCE6FCE6FCE6EA
:1056B000FCE6FCE6FCE6FCE6FCE6FCE6FCE6FCE6DA
:1056C000FCE6FCE6FCE6FCE6FCE6FCE6FCE6FCE6CA
:1056D000FCE6FCE6FCE6FCE6FCE6FCE6FCE6FCE6BA
:1056E0001ABE1795389DFCE6FCE6FCE6FCE6FCE6F7
:1056F000FCE6FCE6FCE6FCE6FCE698A5757C547C42
:10570000547C547C547C547C547C547C547C347441
:1057100033743374337433743374137413741374B1
:10572000137413741374F26BF26BF26BF26BF26B13
:10573000D26BD26BD26BD26BD26BD16BD16BB163AC
:10574000B163B163B163B1639063D16B19C6FCE619
:10575000FCE6FCE6FCE6FCE6FCE6F594D16B4F5B70
:10576000F16B0E53B06397ADFCE6FCE6FCE6FCE69D
:10577000FCE6FCE6FCE6FCE6FCE6FCE6FCE6FCE619
:10578000FCE6FCE6FCE6FCE6FCE6FCE6FCE6FCE609
:10579000FCE6FCE6FCE6FCE6FCE6FCE6FCE6FCE6F9
:1057A000FCE6FCE6FCE6B9ADB68C757C757CB68C87
:1057B000DCDEFCE6FCE6FCE6FCE6FCE6FCE6FCE601
:1057C0003AC6757C757C757C547C547C547C547CC6
:1057D000547C547C547C54743474347434743374F2
:1057E0001374137413741374137413741374F26BAB
:1057F000F26BF26BF26BF26BF26BF26BF26BD26BE1
:10580000D26BD16BD16BB163B163B163B163B1637F
:10581000B1639063127419BEFCE6FCE6FCE6FCE69C
:10582000537C90634F5B705B705B905B2F53906316
:10583000369DFCE6FCE6FCE6FCE6FCE6FCE6FCE667
:10584000FCE6FCE6FCE6FCE6FCE6FCE6FCE6FCE648
:10585000FCE6FCE6FCE6FCE6FCE6FCE6FCE6FCE638
:10586000FCE6FCE6FCE6FCE6FCE6FCE6B9ADD68C24
:105870009684B6849684757CB6841ABE1CE7FCE6D2
:10588000FCE6FCE67BCEB68C757C757C7584757CFD
:10589000547C547C547C547C547C547C547C547C88
:1058A0003474337433741374F26BD26B13741374D3
:1058B0001374137413741374F26BD26BB163B16B02
:1058C000D26BD26BD26BD26BD26BD26BD16BD16BF2
:1058D000D16BB163B163B163B163B1639063B16321
:1058E000F2739BD6FCDE127490634F53705B905B37
:1058F000705B705B705B0E539063B8B5FCE6FCE6C2
:10590000FCE6FCE6FCE6FCE6FCE6FCE6FCE6FCE687
:10591000FCE6FCE6FCE6FCE6FCE6FCE6FCE6FCE677
:10592000FCE6FCE6FCE6FCE6FCE6FCE6FCE6FCE667
:10593000FCE63ABED68C9684B684B6849684968469
:10594000757CB68498A51CE7FCE67ACEB68C757C8F
:10595000757C9584757C757C557C547C547C547C1A
:10596000547C547C547C1374F26BB163705B4F5B5A
:105970002E536F5BF26B13741374137413741374DC
:10598000F26BB1634F5B2E534F5B6F5B9063B16300
:10599000B163D26BD26BD16BB163B163B163B163ED
:1059A000B163B163B163705B705B12741274705B4E
:1059B0004F5B7063705B705B705B705B705B6F5BA9
:1059C0002F53948CFCE6FCE6FCE6FCE6FCE6FCE6E9
:1059D000FCE6FCE6FCE6FCE6FCE6FCE6FCE6FCE6B7
:1059E000FCE6FCE6FCE6FCE6FCE6FCE6FCE6FCE6A7
:1059F000FCE6FCE6FCE6FCE61CE778A59684B684AB
:105A0000B6849684968496849684757C95849584D1
:105A100095849584757C957C757C757C757C757C8E
:105A2000547C757C757C547C3374F26BB1639063E9
:105A30006F5B2E53ED4AED4AED4A2E53D26B137431
:105A40001374137413741374F26B905B0E4BED4A62
:105A5000ED4A0E4B2E534F536F5B705B9163B163F6
:105A6000D16BB163B163B163B163906390639063D1
:105A700090634F5B705B705B9063705B705B705B9F
:105A8000705B705B705B4F536F5B36A5FCE6FCE6AA
:105A9000FCE6FCE6FCE6FCE6FCE6FCE6FCE6FCE6F6
:105AA000FCE6FCE6FCE6FCE6FCE6FCE6FCE6FCE6E6
:105AB000FCE6FCE6FCE6FCE6FCE6FCE6FCE6FCE6D6
:105AC000FCE698AD757C968496849684968496843C
:105AD00096849584958495849584757C9584758445
:105AE000757C757C757C757C757C547C3374F26B2D
:105AF00090632F530D4B0D4B0E4B0E4B0E4B0E4B1D
:105B0000ED4A2E53D26B13741374137413741374FD
:105B1000F26B90632E53ED4AED4A0D4B0D4B0E4B3D
:105B20000E4B0E532F53705BB163B163B163B1631E
:105B3000B1639063906390639063705B705B905B04
:105B4000705B705B705B705B705B705B6F5B2F5347
:105B5000906B97B5FCE6FCE6FCE6FCE6FCE6FCE6B2
:105B6000FCE6FCE6FCE6FCE6FCE6FCE6FCE6FCE625
:105B7000FCE6FCE6FCE6FCE6FCE6FCE6FCE6FCE615
:105B8000FCE6FCE6FCE6FCE6FCE6BBD6B684757CEF
:105B90009684968496849684958495849584958439
:105BA0009584757C75847584757C757C757C757C35
:105BB000547CF26B705B2E530E530E4BED4A0D4B23
:105BC0000D4B0E4B0E530E53ED4A2F53D26B1374E5
:105BD0001374137413741374F26B90632E53ED4AA1
:105BE000ED4AED4AED4A0D4B0D4B0E532E532E53FD
:105BF0004F5B705B9063B163B1639063906390633C
:105C0000906390639063705B705B705B705B705BC4
:105C1000705B705B4F5B4F5BD07BFCE6FCE6FCE6A9
:105C2000FCE6FCE6FCE6FCE6FCE6FCE6FCE6FCE664
:105C3000FCE6FCE6FCE6FCE6FCE6FCE6FCE6FCE654
:105C4000FCE6FCE6FCE6FCE6FCE6FCE6FCE6FCE644
:105C5000FCE61CE77BCE757C757C968496849684E6
:105C600095849584958495849584957C757C757CC4
:105C7000757C9584757C137491634F530E53ED4A74
:105C8000ED4A0E4B0E530E530E4BED4AED4A0E539A
:105C90004E638F6BF26B1374137413741374137459
:105CA000D26B4F5BCC4AED526F5B4E5BED4ACD42FF
:105CB000ED4A0E532E532E532E534F5B4F5B705BAA
:105CC0009063B163B1639063906390639063705B22
:105CD000705B705B705B705B705B705B2F536F6BA6
:105CE00035ADFCE6FCE6FCE6FCE6FCE6FCE6FCE6A4
:105CF000FCE6FCE6FCE6FCE6FCE6FCE6FCE6FCE694
:105D0000FCE6FCE6FCE6FCE6FCE6FCE6FCE6FCE683
:105D1000FCE6FCE6FCE6FCE6FCE6FCE61CE75AC614
:105D20007584757C968495849584958495849584F2
:105D300095847584958495849584547CF26B6F5B0F
:105D40000D4BED4A0D4B0E530E4B0D4BED4AED52E4
:105D50000E5B8F6B5284D8BDFCE6DBDE537C137484
:105D60001374137413741374B16B0E5B4E6B59CEB2
:105D7000FCDEFCDEDBDE7384D16B2E53EE4A0E5369
:105D80002F534F5B4F5B4F5B705B9063B1639063CE
:105D9000906390639063705B705B705B705B705B33
:105DA000705B4F5B2E5BB07BFCE6FCE6FCE6FCE642
:105DB000FCE6FCE6FCE6FCE6FCE6FCE6FCE6FCE6D3
:105DC000FCE6FCE6FCE6FCE6FCE6FCE6FCE6FCE6C3
:105DD000FCE6FCE6FCE6FCE6FCE6FCE6FCE6FCE6B3
:105DE000FCE6FCE6FCE61CE7F78C9584958495843C
:105DF0009584958495849584757C95849584958403
:105E0000547CB1632E530D4B0D4B0E4B0E530E5362
:105E10000E530E534E63D073528CFBDEFCE6FCE651
:105E2000FCE6FCE6F6941374F26B137413741374AB
:105E30009163906BB7BDFCE6FCE6FCE6FCE6FCE695
:105E4000DBDE7384B06B4F5B2F532F534F5B4F5B85
:105E50006F5B705B90639063906390639063705B23
:105E6000705B705B705B705B705B0E534F6BF8C563
:105E7000FCE6FCE6FCE6FCE6FCE6FCE6FCE6FCE612
:105E8000FCE6FCE6FCE6FCE6FCE6FCE6FCE6FCE602
:105E9000FCE6FCE6FCE6FCE6FCE6FCE6FCE6FCE6F2
:105EA000FCE6FCE6FCE6FCE6FCE6FCE6FCE6FCE6E2
:105EB0001CE7F794957C95849584958495849584C6
:105EC000958495849584337490630E530D4B0D4BDC
:105ED0000E530E530E4BEE522E63F07B9AD6FCE619
:105EE000FCE6FCE6FCE6FCE6FCE6FCE61695137434
:105EF000F26B13741374136CB163D173FCE6FCE69C
:105F0000FCE6FCE6FCE6FCE6FCE6FCE6FCE69AD6F3
:105F1000B16B4F534F53705B705B705B705B706322
:105F2000906390639063705B705B705B705B705BA1
:105F3000705B2E53F17B1CE7FCE6FCE6FCE6FCE61E
:105F4000FCE6FCE6FCE6FCE6FCE6FCE6FCE6FCE641
:105F5000FCE6FCE6FCE6FCE6FCE6FCE6FCE6FCE631
:105F6000FCE6FCE6FCE6FCE6FCE6FCE6FCE6FCE621
:105F7000FCE6FCE6FCE6FCE61CE7F694757C757C2A
:105F800095849584757C9584958495843374905B11
:105F90000E4BED4A0E530E530E53ED4A2E5BB0736B
:105FA000BAD6FCE6FCE6FCE6FCE6FCE6FCE6FCE633
:105FB000FCE6FCE6F6941374F26BF36BF36BF26B96
:105FC000B16BD173FCE6FCE6FCE6FCE6FCE6FCE625
:105FD000FCE6FCE6FCE6FCE6FCE67ACEF16B2F5331
:105FE0004F5B9063705B7063906390639063705BD2
:105FF000705B705B705B705B6F5B2F5312741CE7A0
:10600000FCE6FCE6FCE6FCE6FCE6FCE6FCE6FCE680
:10601000FCE6FCE6FCE6FCE6FCE6FCE6FCE6FCE670
:10602000FCE6FCE6FCE6FCE6FCE6FCE6FCE6FCE660
:10603000FCE6FCE6FCE6FCE6FCE6FCE6FCE6FCE650
:106040003AC6B584757C95849584757C757C9584F9
:1060500095841374705B0E4B0D4B0E530E532E53E1
:106060000D536F63318CBBDEFCE6FCE6FCE6FCE620
:10607000FCE6FCE6FCE6FCE6FCE6FCE616951374A2
:10608000F26B136C136CF26BD16BF173FCE6FCE6F4
:10609000FCE6FCE6FCE6FCE6FCE6FCE6FCE6FCE6F0
:1060A000FCE6FCE69ACE3274705B705BB063906382
:1060B000906390639063705B705B705B705B705B10
:1060C000705B4F53B06397ADFCE6FCE6FCE6FCE684
:1060D000FCE6FCE6FCE6FCE6FCE6FCE6FCE6FCE6B0
:1060E000FCE6FCE6FCE6FCE6FCE6FCE6FCE6FCE6A0
:1060F000FCE6FCE6FCE6FCE6FCE6FCE6FCE6FCE690
:10610000FCE6FCE6FCE61CE7B68C757C7584757CC9
:10611000757C757C958495843374705B0D4B0D4B49
:106120000E532E532E530E538F6BF8C51CE7FCE60F
:10613000FCE6FCE6FCE6FCE6FCE6FCE6FCE6FCE64F
:10614000FCE6FCE616951374F26B136C136CF26BA1
:10615000D16BF17BFCE6FCE6FCE6FCE6FCE6FCE64B
:10616000FCE6FCE6FCE6FCE6FCE6FCE6FCE61CE7FE
:10617000369D90639063B163B163B1639063705B6C
:10618000705B705B705B705B705B705B2F539063D8
:10619000FCE6FCE6FCE6FCE6FCE6DBDEF8BDD8B59A
:1061A00077ADFCDEFCE6FCE6FCE6FCE6FCE6FCE6A5
:1061B000FCE6FCE6FCE6FCE6FCE6FCE61CE71CE78D
:1061C000FCE6FCE6FCE6FCE6FCE6FCE6FCE6D9AD1B
:1061D000757C757C757C757C757C95849584347430
:1061E000905B0E4B0D4B0E532E532E53ED52F07B06
:1061F000BAD6FCE6FCE6FCE6FCE6FCE6FCE6FCE6E1
:10620000FCE6FCE6FCE6FCE6FCE6FCE61695137410
:10621000F26B1374F273F26BD16BF17BFCE6FCE66C
:10622000FCE6FCE6FCE6FCE6FCE6FCE6FCE6FCE65E
:10623000FCE6FCE6FCE6FCE6FCE639C6F26B705BCD
:10624000B163D163D163B163705B705B705B705B92
:10625000705B705B2F534F5B56A539C639C639C684
:1062600097AD117470632E530E4B12741CE7FCE64D
:10627000FCE6FCE6FCE6FCE6FCE6FCE6FCE6FCE60E
:10628000FCE61CE71795379DDBDE1CE7FCE6FCE629
:10629000FCE6FCE63AC6757C757C9584757C757C5D
:1062A000757C95845474B0630E53ED4A0E532E538F
:1062B0002E530D5BF083BAD6FCE6FCE6FCE6FCE66A
:1062C000FCE6FCE6FCE6FCE6FCE6FCE6FCE6FCE6BE
:1062D000FCE6FCE616951374F26B136CF26BF26B32
:1062E000B16BF17BFCE6FCE6FCE6FCE6FCE6FCE6DA
:1062F000FCE6FCE6FCE6FCE6FCE6FCE6FCE6FCE68E
:10630000FCE6FCE639C6F2739163D16BD26BD16BBC
:106310009163705B705B705B705B705B6F5B4F5B1E
:106320006F5BB063B0636F5B0E530E53906390630B
:1063300090634F5B9384FCE6FCE6FCE6FCE6FCE63F
:10634000FCE6FCE6FCE6FCE61CE7B68C547C757CBF
:106350009584D68C169557A53AC6B8ADD68C757C63
:106360007584757C757C757C757C547CD1630E530B
:10637000ED4A0E532E532E53ED52F183BBDEFCE655
:10638000FCE6FCE6FCE6FCE6FCE6FCE6FCE6FCE6FD
:10639000FCE6FCE6FCE6FCE6FCE6FCE6169513747F
:1063A000F26BF26BF26BF26BB16BF17BFCE6FCE62D
:1063B000FCE6FCE6FCE6FCE6FCE6FCE6FCE6FCE6CD
:1063C000FCE6FCE6FCE6FCE6FCE6FCE6FCE639C6A0
:1063D0001274D16BF26BD26BD26B9063705B705B9B
:1063E000705B6F5B4F5B4F5B4F532E530E530E53DF
:1063F0000E532E532F532F532F53ED4AD06BFCE6E1
:10640000FCE6FCE6FCE6FCE6FCE6FCE6FCE6FCE67C
:10641000DCDE95843474757C547C547C547C7584A7
:10642000B5849584757C7584757C757C757C758464
:10643000757CF26B2F530D4B0E532E532E530D5371
:10644000F07BBBDEFCE6FCE6FCE6FCE6FCE6FCE6FC
:10645000FCE6FCE6FCE6FCE6FCE6FCE6FCE6FCE62C
:10646000FCE6FCE6F6941374F26BF26BF26BF26BE3
:10647000B16BF17BFCE6FCE6FCE6FCE6FCE6FCE648
:10648000FCE6FCE6FCE6FCE6FCE6FCE6FCE6FCE6FC
:10649000FCE6FCE6FCE6FCE639C6F273D16BF26B77
:1064A000F26BD16B9063705B6F5B4F5B4F5B4F5BCD
:1064B0004F5B4F5B4F5B4F5B4F5B2F532F532F5304
:1064C0002F53EE4A4F5339C6FCE6FCE6FCE6FCE6E9
:1064D000FCE6FCE6FCE61CE7B58C547C547C757C41
:1064E000757C757C757C547C547C547C747C757C88
:1064F000757C757C757C757C3474705BED4A0E53CD
:106500002E532E530D538F739AD6FCE6FCE6FCE611
:10651000FCE6FCE6FCE6FCE6FCE6FCE6FCE6FCE66B
:10652000FCE6FCE6FCE6FCE6FCE6FCE616951374ED
:10653000F26BF26BF26BF26BB16BF17BFCE6FCE69B
:10654000FCE6FCE6FCE6FCE6FCE6FCE6FCE6FCE63B
:10655000FCE6FCE6FCE6FCE6FCE6FCE6FCE6FCE62B
:10656000FCE6D58CB263F26B1374F273D16B705B83
:106570004F5B4F5B4F5B4F5B4F5B4F5B4F5B4F5BCB
:106580002F5B2F532F532F532F530E532E53F16B3B
:10659000FCE6FCE6FCE6FCE6FCE6FCE6FCE61CE7CA
:1065A00034743474547C747C757C757C757C557C37
:1065B000747C757C757C757C757C547C757C547C96
:1065C000B1632E530D4B2E532E53ED4A4E6B18C60E
:1065D000FCE6FCE6FCE6FCE6FCE6FCE6FCE6FCE6AB
:1065E000FCE6FCE6FCE6FCE6FCE6FCE6FCE6FCE69B
:1065F000FCE6FCE6F6941374F26BF26BF26BF26B52
:10660000B16BF173FCE6FCE6FCE6FCE6FCE6FCE6BE
:10661000FCE6FCE6FCE6FCE6FCE6FCE6FCE6FCE66A
:10662000FCE6FCE6FCE6FCE6FCE6FCE69484F26BA9
:10663000F36B1374F26B9163705B4F5B4F5B4F5B5B
:106640004F5B4F5B4F5B4F5B2F5B2F532E532E5394
:106650002E532E530E534F5BFCE6FCE6FCE6FCE6A5
:10666000FCE6FCE6FCE6BBD634743474547C547C03
:10667000547C547C547C547C547C757C747C547C59
:10668000547C547C757C13742F530D4B0E532E5336
:106690000E4B2E6372941CE7FCE6FCE6FCE6FCE67F
:1066A000FCE6FCE6FCE6FCE6FCE6FCE6FCE6FCE6DA
:1066B000FCE6FCE6FCE6FCE6FCE6FCE6169513745C
:1066C000D26BF26BF26BF26BB16BF173FCE6FCE632
:1066D000FCE6FCE6FCE6FCE6FCE6FCE6FCE6FCE6AA
:1066E000FCE6FCE6FCE6FCE6FCE6FCE6FCE6FCE69A
:1066F000FCE6FCE6DBDE1374F26B13741374F26BCE
:10670000705B4F5B4F5B4F5B4F5B4F5B4F5B2F5340
:106710002F532F532F532E532E530E4B2E53528441
:10672000FCE6FCE6FCE6FCE6FCE6FCE6FCE69BD6CA
:1067300034743474547C547C547C547C547C547C29
:10674000547C547C547C547C547C747C5474B1636D
:106750000E530D4B2E530E530E531184FCE6FCE6E4
:10676000FCE6FCE6FCE6FCE6FCE6FCE6FCE6FCE619
:10677000FCE6FCE6FCE6FCE6FCE6FCE6FCE6FCE609
:10678000FCE6FCE616951374D26BF26BF26BD26BDF
:10679000B16BF173FCE6FCE6FCE6FCE6FCE6FCE62D
:1067A000FCE6FCE6FCE6FCE6FCE6FCE6FCE6FCE6D9
:1067B000FCE6FCE6FCE6FCE6FCE6FCE6FCE6169500
:1067C0003374137433741374B1634F5B4F5B4F5B5B
:1067D0004F5B4F5B4F5B2F532F532F532F532F5331
:1067E0000E532E5B117CDBDEFCE6FCE6FCE6FCE6F1
:1067F000FCE6FCE6FCE6FCE639BE547C137434741B
:10680000547C547C547C547C547C547C547C547C08
:10681000547C747CF26B4F5B0E530E532E530E530D
:106820004E6BBBDEFCE6FCE6FCE6FCE6FCE6FCE6CA
:10683000FCE6FCE6FCE6FCE6FCE6FCE6FCE6FCE648
:10684000FCE6FCE6FCE6FCE6FCE6FCE69484F26B87
:10685000D26BF26BF26BD26BB163F273DBDEFCE6F0
:10686000FCE6FCE6FCE6FCE6FCE6FCE6FCE6FCE618
:10687000FCE6FCE6FCE6FCE6FCE6FCE6FCE6FCE608
:10688000FCE6FCE6FCE6FCE67484F36B34743474DA
:10689000F26B705B4F5B4F5B4F5B4F5B2F532F5324
:1068A0002F532F532F53EE524F6356ADFCE6FCE6A9
:1068B000FCE6FCE6FCE6FCE6FCE6FCE6FCE6FCE6C8
:1068C000FCE6FCDE77A5747C13743474547C547C31
:1068D000547C547C547C547C547C547CB1630D4B6C
:1068E0000E532E530E532E5B1184FCE6FCE6FCE6A1
:1068F000FCE6FCE6FCE6FCE6FCE6FCE6FCE6FCE688
:10690000FCE6FCE6FCE6FCE6FCE6FCE6FCE61CE756
:10691000DBDED5941374D26BF26BF26BF26BD26B3D
:10692000D16BD26B7384DBDEFCE6FCE6FCE6FCE6B6
:10693000FCE6FCE6FCE6FCE6FCE6FCE6FCE6FCE647
:10694000FCE6FCE6FCE6FCE6FCE6FCE6FCE6FCE637
:10695000F9BD13743474547C3374B1634F5B4F5B73
:106960004F5B4F5B2F532F534F532E53ED528F736B
:10697000F8BDFCE6FCE6FCE6FCE6FCE6FCE6FCE634
:10698000FCE6FCE6FCE6FCE6FCE6FCE61CE77ACE70
:106990009584547C547C547C547C547C547C547C2E
:1069A000547C1374705B0E530E532E530E536F6B47
:1069B000DBDEFCE6FCE6FCE6FCE6FCE6FCE6FCE6F0
:1069C000FCE6FCE6FCE6FCE6FCE6FCE6FCE6FCE6B7
:1069D000FCE6FCE6FBDE9484537CF26BF26BF26B1C
:1069E000F26BF26BD26BD26BD26BF26BD26B137415
:1069F0009484FCE6FCE6FCE6FCE6FCE6FCE6FCE651
:106A0000FCE6FCE6FCE6FCE6FCE6FCE6FCE6FCE676
:106A1000FCE6FCE6FCE6FCE6FCE6B58C3474547C53
:106A2000757CF26B4F5B4F5B4F5B4F5B2F5B2F5364
:106A30004F530E5B2D6BF8C5FCE6FCE6FCE6FCE66E
:106A4000FCE6FCE6FCE6FCE6FCE6FCE6FCE6FCE636
:106A5000FCE6FCE6FCE6FCE61CE77ACE9584347C9A
:106A60003474547C547C547C547CD16B4F530E53FF
:106A70002E532E530E5B11841CE7FCE6FCE6FCE66D
:106A8000FCE6FCE6FCE6FCE6FCE6FCE6FCE6FCE6F6
:106A9000FCE6FCE6FCE6FCE6FCE619BE3374D263D9
:106AA000F26BF26BF26BF26BF26BD26BD26BD26B5E
:106AB000D26BD26BD26BB1639163F2737ACEFCE688
:106AC000FCE6FCE6FCE6FCE6FCE6FCE6FCE6FCE6B6
:106AD000FCE6FCE6FCE6FCE6FCE6FCE6FCE6FCE6A6
:106AE000FCE69BCE3474547C7584137490634F5BC6
:106AF0004F5B4F5B2F5B2F536F5B0E5396B5FCE6DE
:106B0000FCE6FCE6FCE6FCE6FCE6FCE6FCE6FCE675
:106B1000FCE6FCE6FCE6FCE6FCE6FCE6FCE6FCE665
:106B2000FCE6DCDE9584547C3474347C3474547C10
:106B30003374905B0E532E532E530E534E63B7BDDA
:106B40001CE7FCE6FCE6FCE6FCE6FCE6FCE6FCE614
:106B5000FCE6FCE6FCE6FCE6FCE6FCE6FCE61CE704
:106B6000B58CD163B163F26BF26BF273F26BF26BC3
:106B7000F26BF26BD26BD26BD26BD16BD16BD26BEF
:106B8000F26B705BB163B48CFCE6FCE6FCE6FCE601
:106B9000FCE6FCE6FCE6FCE6FCE6FCE6FCE6FCE6E5
:106BA000FCE6FCE6FCE6FCE6FCE6FCE6547C557CF8
:106BB0009584547CD26B4F5B2F534F5B2F532F53D5
:106BC000705B4F5BBBDEFCE6FCE6FCE6FCE6FCE64D
:106BD000FCE6FCE6FCE6FCE6FCE6FCE6FCE6FCE6A5
:106BE000FCE6FCE6FCE6FCE6FCE6BBD6547C547C0A
:106BF000347434743474547C13744F5B0D4B2E53C3
:106C00002E530E53D07BFCE6FCE6FCE6FCE6FCE6ED
:106C1000FCE6FCE6FCE6FCE6FCE6FCE6FCE6FCE664
:106C2000FCE6FCE61CE716959163D16BB16B127420
:106C3000F273D26BD26BB163B163B163B163916331
:106C4000B163D16BD26BB16390636F5BD16B9063B7
:106C500097ADFCE6FCE6FCE6FCE6FCE6FCE6FCE6C2
:106C6000FCE6FCE6FCE6FCE6FCE6FCE6FCE6FCE614
:106C7000FCE6FCE6B68C757C9584958413744F5BBA
:106C80002E534F5B2F532F534F5B0E53D7B5FCE65C
:106C9000FCE6FCE6FCE6FCE6FCE6FCE6FCE6FCE6E4
:106CA000FCE6FCE6FCE6FCE6FCE6FCE6FCE6FCE6D4
:106CB000FCE6BBD61374547C33743474347433746C
:106CC000F26B4F5B0E532E532E530E5B55AD1CE7EC
:106CD000FCE6FCE6FCE6FCE6FCE6FCE6FCE6FCE6A4
:106CE000FCE6FCE6FCE6FCE6FCE6FCE639BEF26B04
:106CF0006F5B6F5B159577A5747CD26B9163906326
:106D000090639063B163D16BB16B91639163D17305
:106D1000327C73846F63505BD16BBBD6FCE6FCE6C0
:106D2000FCE6FCE6FCE6FCE6FCE6FCE6FCE6FCE653
:106D3000FCE6FCE6FCE6FCE6FCE6FCE6DBDE958435
:106D4000757CB68454744F5B2E534F534F532F535F
:106D50004F530E4B117CFCE6FCE6FCE6FCE6FCE641
:106D6000FCE6FCE6FCE6FCE6FCE6FCE6FCE6FCE613
:106D7000FCE6FCE6FCE6FCE6FCE65AC6F36B547C5B
:106D80003374337433741374B1634F530E532E53EF
:106D90002E534E63FBDEFCE6FCE6FCE6FCE6FCE67E
:106DA000FCE6FCE6FCE6FCE6FCE6FCE6FCE6FCE6D3
:106DB000FCE6DCDE337CB2636F5B9384FCE6FCE6CE
:106DC0001CE77384327CB48C97AD76AD97ADD8B5A3
:106DD000F5941274327C97B5FCE6FCE6F59490636A
:106DE000705B3274FCE6FCE6FCE6FCE6FCE6FCE6E6
:106DF000FCE6FCE6FCE6FCE6FCE6FCE6FCE6FCE683
:106E0000FCE6FCE6FCE6B68C757CB68C757C906383
:106E10002F532F532F532F534F530E53B06BDBDE93
:106E2000FCE6FCE6FCE6FCE6FCE6FCE6FCE6FCE652
:106E3000FCE6FCE6FCE6FCE6FCE6FCE6FCE6FCE642
:106E40001CE71695D26B3374337433743374137434
:106E500090632E532E532E532E53AF73FCE6FCE655
:106E6000FCE6FCE6FCE6FCE6FCE6FCE6FCE6FCE612
:106E7000FCE6FCE6FCE6FCE6FCE69484F26BF26BD6
:106E80009163D494FCE6FCE6FCE61CE79AD61CE78A
:106E9000FCE6FCE6FCE6FCE61CE79ACEFCDEFCE643
:106EA000FCE6FCE6169D90639063906376A5FCE695
:106EB000FCE6FCE6FCE6FCE6FCE6FCE6FCE6FCE6C2
:106EC000FCE6FCE6FCE6FCE6FCE6FCE6FCE6F78C11
:106ED000757CD78C9584D26B4F5B2E532E532F53DA
:106EE0002F530E534F5B5284FCDEFCE6FCE6FCE6BF
:106EF000FCE6FCE6FCE6FCE6FCE6FCE6FCE6FCE682
:106F0000FCE6FCE6FCE6FCE6FCDEB58CF36B3374D9
:106F1000337433743474F26B705B2E532E532E53D0
:106F20002E53F17B1CE7FCE6FCE6FCE6FCE6FCE607
:106F3000FCE6FCE6FCE6FCE6FCE6FCE6FCE6FCE641
:106F4000DBDE13741374F26BB263537CBBD6FCE6C6
:106F5000FCE6FCE6FCE6FCE6FCE6FCE6FCE6FCE621
:106F6000FCE6FCE6FCE6FCE6FCE65AC63374905B05
:106F700090639063D16BDBDEFCE6FCE6FCE6FCE6AE
:106F8000FCE6FCE6FCE6FCE6FCE6FCE6FCE6FCE6F1
:106F9000FCE6FCE61CE71795757CD68C968413748A
:106FA000705B2E532E532F532F532E534F534F534B
:106FB0004E53F16BD06BD16B6F5B7384FCE6FCE6D8
:106FC000FCE6FCE61CE71CE71CE71CE7FCDE19BE40
:106FD0009584337413743374337433743374F26B71
:106FE000905B4F5B705B4F5B4F5B1284DBDEFCE6BC
:106FF000FCE6FCE6FCE6FCE6FCE6FCE6FCE6FCE681
:10700000FCE6FCE6FCE61CE739C6D26BF26BF26BE1
:10701000F26BB16312741CE7FCE6FCE6FCE6FCE6EE
:10702000FCE6FCE6FCE6FCE6FCE6FCE6FCE6FCE650
:107030001CE7537C91639063B1639063505B77ADC1
:107040001CE7FCE6FCE6FCE6FCE6FCE6FCE6FCE60F
:10705000FCE6FCE6FCE6FCE6FCE6FCE6FCDE9584F1
:107060003474757C547CF26B705B2E532E532E530C
:107070002E532E532E530E53ED4AED4AED4A0D4B2F
:10708000ED4A4E53327CFCE6FCE61CE777A5F6940D
:10709000D58C7484537C3374137413741374137405
:1070A0001374137433741374D26BD16BD26BD26BB1
:1070B000D16B1274B58C5AC6DBD69BCE9BCE7ACEE2
:1070C0007ACE7ACE7ACE7ACE7ACE9BD619BEB58CCF
:1070D0003374F26BF26BF26BF26B705B90639AD667
:1070E000FCE6FCE6FCE6FCE6FCE6FCE6FCE6FCE690
:1070F000FCE6FCE6FCE6FCE61CE71274705B9063C1
:10710000B1639063705BD16B7384D594F594D58C27
:10711000D58CD48CD48CD48CD48CD48CD48CB48C8E
:10712000B48CD48C537CB1639163B163B163705BF5
:107130004F5B2E532E532E532E532E532E532E531E
:107140002E532E530E530E530D53CD420D4BFCE6D2
:107150001CE71374F26B137413741374F36BF36BF7
:1071600013741374137413741374137413741374E7
:10717000137433743374337433741374F36BF36BA9
:107180001374136CF26BF26BF26BF26BF26BF26BCB
:10719000F26BF26BF26BF26BF26BF26BF26BF26B07
:1071A000F26B705B9063FCE6FCE6FCE6FCE6FCE65A
:1071B000FCE6FCE6FCE6FCE6FCE6FCE6FCE6FCE6BF
:1071C000FCE6579DB1639063906390639063705B3E
:1071D000705B705B705B705B705B6F5B4F5B4F5B9A
:1071E0004F5B4F5B4F5B4F5B4F5B4F5B2F532F5B97
:1071F0002F532E532E532E532F532F532F532E5383
:107200002E532E532E532E532E532E530E530E53B6
:107210000E53CD426F5BFCE6FCDE1374B263F26B7F
:10722000F26B137413741374137413741374137450
:107230001374137413741374137413741374137416
:1072400013741374F26BF26BF26BF26BF26BF26B02
:10725000F26BF26BF26BD26BD26BD26BD26BD26BE6
:10726000F26BF26BF26BF26BD26B705BB06B1CE784
:10727000FCE6FCE6FCE6FCE6FCE6FCE6FCE6FCE6FE
:10728000FCE6FCE6FCE6FCE6FCE698ADF26B705B27
:10729000906390639063705B705B4F5B4F5B4F5B81
:1072A0004F5B4F5B4F5B4F5B4F532F532F532F530E
:1072B0002F532E532E532F532F532F532E532F53C1
:1072C0002F532F532F532E532E532E532E532E53B3
:1072D0000E530E530E530E530E53CD422E53F8BD84
:1072E000FCDE537CD26B1374137413741374137415
:1072F0001374137413741374137413741374137456
:107300001374137413741374137413741374137445
:107310001374137413741374137413741374F26B5F
:10732000F26BF26BF26BF26BF26BF26BD26BD26BB5
:10733000D26B705BD0731CE7FCE6FCE6FCE6FCE677
:10734000FCE6FCE6FCE6FCE6FCE6FCE6FCE6FCE62D
:10735000FCE6D9B51374705B90639063906390639F
:10736000705B705B705B705B705B705B705B705BC5
:10737000705B6F5B6F5B4F5B4F5B4F5B4F5B4F5B5C
:107380004F5B2F532F532F532F532F532E532E53C7
:107390002E532E532E530E530E530E530E530E5385
:1073A0000E53ED4A0E5352841CE7747CD26BF26B81
:1073B0001374136C1374137413741374137413749D
:1073C0001374137413741374137413741374137485
:1073D0001374137413741374137413741374F26B9F
:1073E000F26BF26BF26BF26BF26BF26BF26BF26BB5
:1073F000D26BD26BD26BD26BD26B7063D1731CE742
:10740000FCE6FCE6FCE6FCE6FCE6FCE6FCE6FCE66C
:10741000FCE6FCE6FCE6FCE6FCE6B9ADF26B705B74
:10742000906390639063705B705B705B705B705B8C
:10743000705B705B705B705B705B6F5B4F5B4F5B37
:107440004F5B4F5B4F5B4F5B2F532F532F532F538C
:107450002F532F532E532E532E532E530E530E5362
:107460000E530E530E530E530E4BED4AED4A31841C
:107470001CE7537CD263F26BF26BF26B13741374E0
:1074800013741374137413741374137412741374C5
:10749000137413741374137413741374136CF26BE6
:1074A000D26BD26BD26BD26BD26BD26BD26BD26BF4
:1074B000D263B263B263D26BD26BD26BD26BD26B3C
:1074C000D26B9063F1731CE7FCE6FCE6FCE6FCE69D
:1074D000FCE6FCE6FCE6FCE6FCE6FCE6FCE6FCE69C
:1074E000FCE678A5D26B705B9063906390639063C9
:1074F000905B705B505B4F5B4F534F534F532F5319
:107500002F532F532F532F530E530E532E532F53AE
:107510002F532E532E532F532F532E532E532E5360
:107520002E532E532E532E530E530D4BED4AED4A30
:10753000ED4ACD4A4E5B59C61CE7F26BB163F26B64
:10754000F26BF26BF26BF26BF36BF26BF26BF36B51
:1075500013741374127413741374137413741374F4
:107560001374126CF26BF26BF273F273126CF26BB7
:10757000F26BF26BF26BF26BF26BF26BF26BD26B43
:10758000D26BD26BD26BD26BD26B9163F2731CE76E
:10759000FCE6FCE6FCE6FCE6FCE6FCE6FCE6FCE6DB
:1075A000FCE6FCE6FCE6FCE61CE7B58C9163705B50
:1075B0009063705B705B905B705B705B705B705B2B
:1075C000705B705B705B705B705B6F5B6F5B4F5B86
:1075D0004F5B4F5B4F5B4F5B2F532E532E532F53FD
:1075E0002E532E532E532E532E532E532E532E5393
:1075F0000E530E4B0E530E532E538F6332841CE7E3
:107600001CE77484D26BB163D26BF26BD26BD26B1A
:10761000F26BF26BF26BF26BF26BF2731374F26B50
:107620009063905B905B905B705B4F63B07373840F
:107630005ACEFCDEDBDEDBDEDBDEDBDEDBDEDBDEF2
:10764000DBDEFCDE5ACEB48C1274D16BD26BD26B03
:10765000D16B915B1274BBD6FCE6FCE6FCE6FCE663
:10766000FCE6FCE6FCE6FCE6FCE6FCE6FCE6FCE60A
:10767000FCDEF2734F5B90639063705B705B4F5BFB
:107680004F63B0733284B48C19BE7ACE5ACE5ACEC0
:107690005ACE5ACE5ACE7ACE59C636A5327C705BB7
:1076A000705B705B705B4F5B2F532E532E532E53CA
:1076B0002E532E530E53CD52ED528F6B728C9AD6A1
:1076C000FCE6FCE6FCE6FCE6FCE61CE739C6D58CED
:1076D000948494847484537CF273F273F26BF26B2F
:1076E000F26BF26B1374D16B4F530E4B0E530D4B69
:1076F000CD4A6F6B19C61CE7FCE6FCE6FCE6FCE62F
:10770000FCE6FCE6FCE6FCE6FCE6FCE6FCE61CE748
:107710005ACEB163D16BD26BD16B9163127CFCDE1C
:10772000FCE6FCE6FCE6FCE6FCE6FCE6FCE6FCE649
:10773000FCE6FCE6FCE6FCE61CE7537C9063705B31
:107740009063705B90636F63F083FBDEFCE6FCE6A6
:10775000FCE6FCE6FCE6FCE6FCE6FCE6FCE6FCE619
:10776000FCE6FCE6DBDEF2739163D16BB163706320
:107770004F532E532E532E532E532E53ED4AAC52AD
:10778000D07BDBDEFCE6FCE6FCE6FCE6FCE6FCE6A9
:10779000FCE6FCE6FCE61CE71CE7FCE61CE77ACE10
:1077A0007484F273F26BF26BF26BF26BF26BD16B6F
:1077B0004F5B0E4B0D4BED4AED4A738C1CE7FCE61C
:1077C000FCE6FCE6FCE6FCE6FCE6FCE6FCE6FCE6A9
:1077D000FCE6FCE6FCE6FCE6DBDEF273D16BD16B8B
:1077E000B163D16B97ADFCE6FCE6FCE6FCE6FCE69B
:1077F000FCE6FCE6FCE6FCE6FCE6FCE6FCE6FCE679
:10780000FCE6FCDE12744F5B705B90637063F17B8F
:10781000DBDEFCE6FCE6FCE6FCE6FCE6FCE6FCE681
:10782000FCE6FCE6FCE6FCE6FCE6FCE6FCE6337C7B
:107830009163F26BD16B905B4F532E532E532E53AB
:107840000E532E53ED4A6E6BBBDEFCE6FCE6FCE607
:10785000FCE6FCE6FCE6FCE6FCE6FCE6FCE6FCE618
:10786000FCE6FCE6FCE6FCE6DBDE747CB163F26B76
:10787000D26BF26BF26BD26B705B0E530D4BED4A19
:10788000ED4A528C1CE7FCE6FCE6FCE6FCE6FCE676
:10789000FCE6FCE6FCE6FCE6FCE6FCE6FCE6FCE6D8
:1078A0001CE7B48CB163B163705B12741CE7FCE637
:1078B000FCE69BD61695FCDEFCE6FCE6FCE6FCE668
:1078C0001CE73AC61CE7FCE6FCE6FCE61595705B97
:1078D0004F5B4F5BD173DBDEFCE6FCE6FCE6FCE6CF
:1078E000FCE6FCE6FCE6FCE6FCE6FCE6FCE6FCE688
:1078F000FCE6FCE6FCE63374B163F26BD16B6F5BC4
:107900002E532E532E532E532E530E4B0D531184A4
:10791000FCE6FCE6FCE6FCE6FCE6FCE6FCE6FCE657
:10792000FCE6FCE6FCE6FCE6FCE6FCE6FCE6FCE647
:10793000FCE639C69163F273D26BD26BF26BD26BF9
:1079400090632E53ED4AED4AED4AD073FCE6FCE617
:10795000FCE6FCE6FCE6FCE6FCE6FCE6FCE6FCE617
:10796000FCE6FCE6FCE6FCE6FCE6FCDE1274705B82
:10797000705B1174DBDEFCE61CE7337CD26B537C5E
:1079800098ADB8ADB8ADB8B5B58C1374337CFCE622
:10799000FCE6FCE6379DD26B2F53D16BBBDEFCE6D9
:1079A000FCE6FCE6FCE6FCE6FCE6FCE6FCE6FCE6C7
:1079B000FCE6FCE6FCE6FCE6FCE6FCE6DBDE13743B
:1079C000D26BF26BD1634F532E532E532E532E5343
:1079D0002E53ED4AED5293941CE7FCE6FCE6FCE6E0
:1079E000FCE6FCE6FCE6FCE6FCE6FCE6FCE6FCE687
:1079F000FCE6FCE6FCE6FCE6FCE6BBD6B16B1274EA
:107A0000D26BD26BD26BD26BB1632E53ED4AED4A7F
:107A1000ED4A8F63FCE6FCE6FCE6FCE6FCE6FCE6F1
:107A2000FCE6FCE6FCE6FCE6FCE6FCE6FCE6FCE646
:107A3000FCE6FCE69BD6B163505BD16B7484F59495
:107A4000337C705B9063B163D26BF26BF26BF26B61
:107A5000B1634F5B4F5B1274369D369D7484B16386
:107A6000705B59C61CE7FCE6FCE6FCE6FCE6FCE6BF
:107A7000FCE6FCE6FCE6FCE6FCE6FCE6FCE6FCE6F6
:107A8000FCE6FCE6D58CF26BF26BF26BB1632F5324
:107A90002E532E532E532E532E53ED4A4E639AD609
:107AA000FCE6FCE6FCE6FCE6FCE6FCE6FCE6FCE6C6
:107AB000FCE6FCE6FCE6FCE6FCE6FCE6FCE6FCE6B6
:107AC000FCE6BBD61274F26BD26BD26BD26BD26B6C
:107AD000D16B4F53ED4A0D4BED4A2E53FCDEFCE6C5
:107AE000FCE6FCE6FCE6FCE6FCE6FCE6FCE6FCE686
:107AF000FCE6FCE6FCE6FCE6FCE6FCE6FCE619C679
:107B0000B163F26BD16BD16BB1639063B16390637E
:107B1000705B905B905B705B705B9063705B705BA5
:107B2000B163D16BD16BB1637ACEFCE6FCE6FCE6C7
:107B3000FCE6FCE6FCE6FCE6FCE6FCE6FCE6FCE635
:107B4000FCE6FCE6FCE6FCE6FCE6FCE63374F26BE5
:107B50001374F26B91632E532E532E532E530E53E8
:107B60000E53ED4AB06BFCE6FCE6FCE6FCE6FCE6F8
:107B7000FCE6FCE6FCE6FCE6FCE6FCE6FCE6FCE6F5
:107B8000FCE6FCE6FCE6FCE6FCE61CE7B48CB16334
:107B9000D16BD26BD26BD26BD16B6F5B0E4B0D4B3B
:107BA000ED4ACD4AD8B51CE7FCE6FCE6FCE6FCE66F
:107BB000FCE6FCE6FCE6FCE6FCE6FCE6FCE6FCE6B5
:107BC000FCE6FCE6FCE61CE7369DD16B705BB1631E
:107BD0009063B063906390639063906390639063ED
:107BE000906390639063705B705B6F5BB06356A54E
:107BF0001CE7FCE6FCE6FCE6FCE6FCE6FCE6FCE654
:107C0000FCE6FCE6FCE6FCE6FCE6FCE6FCE6FCE664
:107C1000FCE6FBDEF26BF26B1374D26B705B2E53DF
:107C20002E532E530E530E530E53ED4A6F5B59CE07
:107C3000FCE6FCE6FCE6FCE6FCE6FCE6FCE6FCE634
:107C4000FCE6FCE6FCE6FCE6FCE6FCE6FCE6FCE624
:107C5000FCE61CE79484B163D16BD26BD16BD26B21
:107C6000D16B90632E530D4BED4ACD42F173FCE680
:107C7000FCE6FCE6FCE6FCE6FCE6FCE6FCE6FCE6F4
:107C8000FCE6FCE6FCE6FCE6FCE6FCE6FCE6FCE6E4
:107C90001CE77ACE127490632F53906390639063C5
:107CA000906390639063906390639063905B905B4C
:107CB0004F5B906359C61CE7FCE6FCE6FCE6FCE67D
:107CC000FCE6FCE6FCE6FCE6FCE6FCE6FCE6FCE6A4
:107CD000FCE6FCE6FCE6FCE6FCE6F694F26B1374CC
:107CE0001374B1634F532E532E532E530E530E5312
:107CF0000E530E4B0E53D06B7ACEFCE6FCE6FCE640
:107D0000FCE6FCE6FCE6FCE6FCE6FCE6FCE6FCE663
:107D1000FCE6FCE6FCE6FCE61CE7F8BDF26BD16B8A
:107D2000D16BD16BD16BD16BD26BB1634F5B0D4B10
:107D3000ED4AED4A0E53F5941CE7FCE6FCE6FCE642
:107D4000FCE6FCE6FCE6FCE6FCE6FCE6FCE6FCE623
:107D5000FCE6FCE6FCE6FCE6FCE6FCE6FCE6B8B588
:107D6000327CF273B163906390639063906390632D
:107D70009063705B70636F5BD173DBDEFCE6FCE6E7
:107D8000FCE6FCE6FCE6FCE6FCE6FCE6FCE6FCE6E3
:107D9000FCE6FCE6FCE6FCE6FCE6FCE6FCE6FCE6D3
:107DA000FCDE547C13741374137490630E530E53DF
:107DB0002E532E530E530E530E530E530E530D4B84
:107DC000ED4A8F6339C61CE7FCE6FCE6FCE6FCE600
:107DD000FCE6FCE6FCE6FCE6FCE6FCE61CE719BE7D
:107DE000537CD16BD16BD16BD16BD16BD16BD16B20
:107DF000D16BD16B705B0E4B0D4B0E4BCD4AF16BC3
:107E00001CE7FCE6FCE6FCE6FCE6FCE6FCE6FCE641
:107E1000FCE6FCE6FCE6FCE6FCE6FCE6FCE6FCE652
:107E2000FCE6FCE6FCE61CE71CE79AD6D16B705B2F
:107E3000905B906390639063705B4F5B4F63F17BEB
:107E4000DBDEFCE6FCE6FCE6FCE6FCE6FCE6FCE64B
:107E5000FCE6FCE6FCE6FCE6FCE6FCE6FCE6FCE612
:107E6000FCE6FCE6FCE6FCE6F694136C3374337433
:107E7000F26B705B0E530E532E530E530E530E5374
:107E80000E530E530E530D4BCD42ED4A4E53F16B34
:107E9000FCE6FCE6FCE6FCE6FCE6FCE6FCE6FCE6D2
:107EA000FCE6BBD69484D26B705BB163D16BD16BB3
:107EB000D16BD16BD16BB163D16BD16B90632F530D
:107EC0000E530E53ED4A6F5B9AD6FCE6FCE6FCE6D9
:107ED000FCE6FCE6FCE6FCE6FCE6FCE6FCE6FCE692
:107EE000FCE6FCE6FCE6FCE6FCE6FCE6FCE6FCE682
:107EF000FCE61CE7537C9063705B90639063905B3F
:107F00004F5B2E5B8F73DBDEFCE6FCE6FCE6FCE6FB
:107F1000FCE6FCE6FCE6FCE6FCE6FCE6FCE6FCE651
:107F2000FCE6FCE6FCE6FCE6FCE6FCE6FCE6BBD692
:107F3000547C137454743374B1632F530E530E5323
:107F40000E530E530E530E530E530E530E530E4B31
:107F50000E4B0D4BAC42CD427ACEFCE6FCE6FCE685
:107F6000FCE6FCE6FCE6FCE639C6D16B705BB1636F
:107F7000B163B163B163B163B163B163B163B16361
:107F8000B163B163B163705B2E530E530E532E5326
:107F9000F1731CE7FCE6FCE6FCE6FCE6FCE6FCE62E
:107FA000FCE6FCE6FCE6FCE6FCE6FCE6FCE6FCE6C1
:107FB000FCE6FCE6FCE6FCE6FCE61CE7B48C906321
:107FC000705B9063705B705B2F5B4F6376B5FCE614
:107FD000FCE6FCE6FCE6FCE6FCE6FCE6FCE6FCE691
:107FE000FCE6FCE6FCE6FCE6FCE6FCE6FCE6FCE681
:107FF000FCE6FCE6FCE695843474547C547C1374F3
:10800000705B0E530E530E530E530E530E530E53FE
:108010000E530E530E4B0E4B0E4B0E4BED4AED4ACC
:10802000938CFCE6FCE6FCE6FCE6FCE6FCE61CE7E2
:10803000D16B9063B163B163B163B163B163B16399
:10804000B163B163B163B163B163B163B1639063B1
:108050004F5B2E532E530E532E5339C6FCE6FCE6CF
:10806000FCE6FCE6FCE6FCE6FCE6FCE6FCE6FCE600
:10807000FCE6FCE6FCE6FCE6FCE6FCE6FCE6FCE6F0
:10808000FCE61CE794849063705B705B705B705BD4
:108090002F5B906B1CE7FCE6FCE6FCE6FCE6FCE6EE
:1080A000FCE6FCE6FCE6FCE6FCE6FCE6FCE6FCE6C0
:1080B000FCE6FCE6FCE6FCE6FCE6FCE6BBD6547C13
:1080C0003474547C3474D1632F530E4B0E530E53BF
:1080D0000E530E530E530E530E530E530E4B0E4BA8
:1080E0000E4B0E4BED4A0E4B76A5FCE6FCE6FCE68D
:1080F000FCE6FCE6FCE61CE73274B163B163B163F5
:10810000B163B163B163B163B163B163B163B163CF
:10811000B163B163B163B163905B4F532E532E5380
:108120002E53B06359C6FCE6FCE6FCE6FCE6FCE632
:10813000FCE6FCE6FCE6FCE6FCE6FCE6FCE6FCE62F
:10814000FCE6FCE6FCE6FCE6FCE61CE794849063B7
:10815000505B705B705B705B4F5BB06B1CE7FCE669
:10816000FCE6FCE6FCE6FCE6FCE6FCE6FCE6FCE6FF
:10817000FCE6FCE6FCE6FCE6FCE6FCE6FCE6FCE6EF
:10818000FCE6DBDE9584547C747C747C13744F5B5A
:108190000E530E530E530E530E530E530E530E4BDF
:1081A0000D4B0D4B0D4B0E4B0E4B0E4BED4A2E5BFC
:1081B000BBD6FCE6FCE6FCE6FCE6FCE6FCE6FCE600
:1081C0007ACED16B705BB163B163B163B163B163FC
:1081D000B163B163B163B163B163B163B163B163FF
:1081E000B1636F5B2E534F534F5B0E4BF1739ACEBF
:1081F000FCE6FCE6FCE6FCE6FCE6FCE6FCE6FCE66F
:10820000FCE6FCE6FCE6FCE6FCE6FCE6FCE6FCE65E
:10821000FCE61CE7948490634F5B705B705B705B63
:108220004F5BB06B1CE7FCE6FCE6FCE6FCE6FCE61C
:10823000FCE6FCE6FCE6FCE6FCE6FCE6FCE6FCE62E
:10824000FCE6FCE6FCE6FCE6FCE6F68C3474757CA9
:108250007584347CB1632E530E530E530E530E535C
:108260000E530E530E4BED4ACD42CD42CD42ED4A58
:108270000E4BED4AED4AB073FCE6FCE6FCE6FCE68C
:10828000FCE6FCE6FCE6FCE61CE71274705BB163FE
:10829000B163B163B1639063906390639063B163C2
:1082A000B163B163B163B163B16370634F5B2F536B
:1082B0004F5B4F5B4F5B11741CE7FCE6FCE6FCE692
:1082C000FCE6FCE6FCE6FCE6FCE6FCE6FCE6FCE69E
:1082D000FCE6FCE6FCE6FCE6FCE61CE79484906326
:1082E0004F5B705B705B705B4F5BB06B1CE7FCE6D9
:1082F000FCE6FCE6FCE6FCE6FCE6FCE6FCE6FCE66E
:10830000FCE6FCE6FCE6FCE6FCE6FCE6FCE6FCE65D
:108310001795757C757C9584757CF26B4F530E5365
:108320000E530E530E530E530E530E53ED4A2E5B47
:108330009063B0636F5B0E53ED4ACD424F5B9394F5
:10834000FCE6FCE6FCE6FCE6FCE6FCE6FCE6FCE61D
:108350001CE794849063705B705B705B905B705BF8
:1083600090639063906390639063B163B163B16312
:1083700090639063705B4F5B4F5B4F5B4F534F5B02
:10838000D8B51CE7FCE6FCE6FCE6FCE6FCE6FCE611
:10839000FCE6FCE6FCE6FCE6FCE6FCE6FCE6FCE6CD
:1083A000FCE61CE7948490634F5B705B705B705BD2
:1083B0004F5BB06B1CE7FCE6FCE6FCE6FCE6FCE68B
:1083C000FCE6FCE6FCE6FCE6FCE6FCE6FCE6FCE69D
:1083D000FCE6FCE6FCE619BE757C757C958475842C
:1083E0003374705B0E530E530E530E530E530E53D5
:1083F0000E4BCD4AED5A528CDBDEFCDE56A5527C8C
:108400001174D06B327CFCE6FCE6FCE6FCE6FCE694
:10841000FCE6FCE6FCE6FCE6FCE61CE71274705B9E
:108420009063B163D16BF173738C15A5F173906395
:108430009063B16390639063906390639063705BAB
:108440004F5B4F5B705B4F5B906356A51CE7FCE690
:10845000FCE6FCE6FCE6FCE6FCE6FCE6FCE6FCE60C
:10846000FCE6FCE6FCE6FCE6FCE61CE79484905B9C
:108470004F5B705B705B705B4F5BB06B1CE7FCE647
:10848000FCE6FCE6FCE6FCE6FCE6FCE6FCE6FCE6DC
:10849000FCE6FCE6FCE6FCE6FCE61CE798AD958411
:1084A0009584B58495843474905B0E530E530E53AB
:1084B0000E530E530E530E4B0D4B2E5B35ADFCE69B
:1084C000FCE6FCE6FCE6FCE6FCE6FCE6FCE6FCE69C
:1084D000FCE6FCE6FCE6FCE6FCE6FCE6FCE6FCE68C
:1084E000FCE6FCE6FCE657A5D8B5F8BDD8BD39CE0C
:1084F0001CE71CE79AD674849063705B906390636A
:108500009063906390639063705B6F5B705B90634C
:108510004F5B9063159D1CE7FCE6FCE6FCE6FCE681
:10852000FCE6FCE6FCE6FCE6FCE6FCE6FCE6FCE63B
:10853000FCE61CE79484905B4F5B705B705B4F5B69
:108540004F5BB06B1CE7FCE6FCE6FCE6FCE6FCE6F9
:10855000FCE6FCE6FCE6FCE6FCE6FCE6FCE6FCE60B
:108560001CE7D9B596849584B684B684547CB163EF
:108570002E530D4B0E530E530E530E530E4B0E4BEC
:10858000ED52F07BFBE6FCE6FCE6FCE6FCE6FCE6F6
:10859000FCE6FCE6FCE6FCE6FCE6FCE6FCE6FCE6CB
:1085A000FCE6FCE6FCE6FCE6FCE6FCE6FCE6FCE6BB
:1085B000FCE6FCE6FCE6FCE6FCE6FCE6FCE61CE78A
:1085C000F273705B906390639063906390639063C9
:1085D0009063705B705B705B705B705B705B327C38
:1085E0007ACEFCE6FCE6FCE6FCE6FCE6FCE6FCE615
:1085F000FCE6FCE6FCE6FCE6FCE61CE79384705B2C
:108600004F5B705B6F5B4F5B4F5BB06B1CE7FCE6D7
:10861000FCE6FCE6FCE6FCE6FCE6FCE6FCE6FCE64A
:10862000FCE6FCE6FCE6FCDEF78C757C9684B68402
:10863000B684757CB16B2E530E530E530E530E53EE
:108640000E530E530E4BED4A4E6B59CEFCE6FCE634
:10865000FCE6FCE6FCE6FCE6FCE6FCE6FCE6FCE60A
:10866000FCE6FCE6FCE6FCE6FCE6FCE6FCE6FCE6FA
:10867000FCE6FCE6FCE6FCE6FCE6FCE6FCE6FCE6EA
:10868000FCE6FCE6FCE6FCE639C6D16B705B705B91
:10869000906390639063906390639063705B705B92
:1086A00090639063905B906312745AC61CE7FCE67B
:1086B000FCE6FCE6FCE6FCE6FCE6FCE6FCE6FCE6AA
:1086C000FCE61CE79384705B4F534F5B4F5B4F5B43
:1086D0002F5BB06B1CE7FCE6FCE6FCE6FCE6FCE688
:1086E000FCE6FCE6FCE6FCE6FCE61CE75AC6D68C9B
:1086F00096849684D68CB684757CD1632E530E53A3
:108700000E530E530E530E530E530E4BED4AED52B5
:10871000F083FCE6FCE6FCE6FCE6FCE6FCE6FCE6B8
:10872000FCE6FCE6FCE6FCE6FCE6FCE6FCE6FCE639
:10873000FCE6FCE6FCE6FCE6FCE6FCE6FCE6FCE629
:10874000FCE6FCE6FCE6FCE6FCE6FCE6FCE6FCE619
:108750001CE777A5705B705B906390639063906398
:108760009063705B705B705B90639063B163B163A7
:10877000705BF26B77A5FCE61CE7FCE6FCE6FCE62A
:10878000FCE6FCE6FCE6FCE6FCE61CE77384705BBA
:108790004F534F5B4F5B4F5B2F5BB06B1CE7FCE6AF
:1087A000FCE6FCE6FCE6FCE6FCE6FCE6FCE6FCE6B9
:1087B000FCDE579D9684757C9684B68CD78C757C30
:1087C000B1632E530D4B0E530E530E530E530E53D7
:1087D0000E530E4BCD4A2E5B7AD6FCE6FCE6FCE649
:1087E000FCE6FCE6FCE6FCE6FCE6FCE6FCE6FCE679
:1087F000FCE6FCE6FCE6FCE6FCE6FCE6FCE6FCE669
:10880000FCE6FCE6FCE6FCE6FCE6FCE6FCE6FCE658
:10881000FCE6FCE6FCE6FCE6FCE619BE705B705B81
:10882000705B705B705B705B705B705B705B705BF0
:10883000905B9063B163B163B163B1639163D26BD9
:10884000D8B51CE71CE7FCE6FCE6FCE6FCE6FCE62B
:10885000FCE61CE79384705B4F534F5B4F5B4F5BB1
:108860002E5B906B1CE7FCE6FCE6FCE6FCE6FCE617
:10887000FCE61CE71CE75AC6757C757C9584B684BB
:10888000B6849684547CB1630E530D4B0E530E5335
:108890000E530E530E530E530E530E4BCD424F5BE1
:1088A000BBDEFCE6FCE6FCE6FCE6FCE6FCE6FCE601
:1088B000FCE6FCE6FCE6FCE6FCE6FCE6FCE6FCE6A8
:1088C000FCE6FCE6FCE6FCE6FCE6FCE6FCE6FCE698
:1088D000FCE6FCE6FCE6FCE6FCE6FCE6FCE6FCE688
:1088E0001CE773844F5B705B705B705B705B705BED
:1088F000705B705B705B705B705B90639063B16387
:10890000D16BD16BB163B16BD26B12747484DBDE4B
:108910001CE71CE7FCE6FCE6FCE61CE77384705BE6
:108920004F534F5B4F5B4F532E53906B1CE7FCE64E
:10893000FCE6FCE61CE71CE7BBD6B68C757C757CB8
:10894000757C957C9684B68495843374705B0E4BED
:108950000E4B0E530E530E530E530E530E530E5317
:108960000E4B0E4BED4A0E4BF16BFCE6FCE6FCE6C3
:10897000FCE6FCE6FCE6FCE6FCE6FCE6FCE6FCE6E7
:10898000FCE6FCE6FCE6FCE6FCE6FCE6FCE6FCE6D7
:10899000FCE6FCE6FCE6FCE6FCE6FCE6FCE6FCE6C7
:1089A000FCE6FCE6FCE6FCE6F8BD90634F5B705B22
:1089B000705B705B705B705B705B705B705B705B5F
:1089C000705B705B905B9063B16BD26BD26BD26B60
:1089D000D26BB163D26B747CF6947ACEDBDEFCE6AC
:1089E0001CE71CE7327C4F5B4F5B4F5B4F5B2F53A9
:1089F0000E53906B39C61CE7FCE6FCDE19BED68C24
:108A0000757C34743474757C958496849584547C18
:108A1000D16B6F5B0E530D4B0E530E530E530E5313
:108A20000E530E530E530E4B0E4B0E4B0E4B0E4B66
:108A30000E4B527C1CE7FCE6FCE6FCE6FCE6FCE6A2
:108A4000FCE6FCE6FCE6FCE6FCE6FCE6FCE6FCE616
:108A5000FCE6FCE6FCE6FCE6FCE6FCE6FCE6FCE606
:108A6000FCE6FCE6FCE6FCE6FCE6FCE6FCE6DBDE1F
:108A700090632F53705B705B705B705B705B705BBF
:108A8000705B705B705B705B705B705B705B705B8E
:108A90009063B163D16BF26BF27313741374F26B66
:108AA000D26BD26B13749584F9B5F9BDB16B4F5B82
:108AB0004F5B4F5B4F5B2F534F5B9063537CD58C69
:108AC00095841374F36B13743474547C7584958497
:108AD0007584547CF26B90632E530D4B0E530E53E2
:108AE0000E530E530E530E530E530E530E4B0E4B8E
:108AF0000E4B0E4B0E4B0D4BED4A4E5356A5FCE65E
:108B0000FCE6FCE6FCE6FCE6FCE6FCE6FCE6FCE655
:108B1000FCE6FCE6FCE6FCE6FCE6FCE6FCE6FCE645
:108B2000FCE6FCE6FCE6FCE6FCE6FCE6FCE6FCE635
:108B3000FCE6FCE6FBDE3274705B705B705B705BC6
:108B4000705B705B705B705B705B705B705B705BCD
:108B5000705B705B6F5B6F5B6F5B705B9063B1634F
:108B6000D26B126C13743374337433743374337480
:108B70003474136C705B4F5B4F5B4F5B4F5B2F53D9
:108B80004F5B9163F26B1374137433743474547CBD
:108B9000547C547C547C3474F26BB1634F530E4B51
:108BA0000E530E530E530E530E530E530E530E4BC5
:108BB0000E4B0E4B0E4B0E4B0E4B0E4B0E4B0E4BED
:108BC0000D4BAC42B38C1CE7FCE6FCE6FCE6FCE695
:108BD000FCE6FCE6FCE6FCE6FCE6FCE6FCE6FCE685
:108BE000FCE6FCE6FCE6FCE6FCE6FCE6FCE6FCE675
:108BF000FCE6FCE6FCE6FCE6FCE6FCE6F594705BD5
:108C00006F5B705B705B705B705B705B705B705B0D
:108C1000705B705B705B705B705B6F5B6F5B6F5BFF
:108C20006F5B6F5B6F5B6F5B9063D16BF26B137409
:108C30003374337434743474547C1374905B2F53D2
:108C40004F5B4F5B2F532E534F5B9163F26B13744B
:108C5000137433743474347434741374D26B705B5F
:108C60002E532E532E530E530E530E530E530E539C
:108C70000E530E530E4B0D4BED4AED4AED4A0E4B83
:108C80000E4B0E4B0E4B0E4B0D4B8C3A9063FCE68D
:108C9000FCE6FCE6FCE6FCE6FCE6FCE6FCE6FCE6C4
:108CA000FCE6FCE6FCE6FCE6FCE6FCE6FCE6FCE6B4
:108CB000FCE6FCE6FCE6FCE6FCE6FCE6FCE6FCE6A4
:108CC000FCE61CE773842F534F5B705B705B705B3B
:108CD000705B6F5B6F5B6F5B4F5B4F534F534F5BD3
:108CE0004F5B6F5B4F5B4F5B4F5B4F5B4F5B4F5B14
:108CF0004F5B705B905B9063D16BF26B1374547C31
:108D0000757C547C90632F532F532F532F532E5326
:108D10004F5B9163137433741374F26BF26BB16332
:108D200090636F5B4F5B2E530E4B0E530E530E53DF
:108D30000E530E530E530E530E4B0E4BED4AED5287
:108D40002E5B0E53ED420D4B0E4B0E4B0E4B0E4B4E
:108D50000D4BED4A327C1CE7FCE6FCE6FCE6FCE64B
:108D6000FCE6FCE6FCE6FCE6FCE6FCE6FCE6FCE6F3
:108D7000FCE6FCE6FCE6FCE6FCE6FCE6FCE6FCE6E3
:108D8000FCE6FCE6FCE6FCE6FCE6FCE6369D705BF9
:108D90002F53705B6F5B6F5B6F5B4F5B705B4F5311
:108DA0002E5B6F6390634F532F536F5B6F5B4F5B13
:108DB0004F5B4F5B4F5B4F5B4F5B4F5B4F5B4F5B63
:108DC0006F5B9063B163D16BF26BD26B705B2F53AF
:108DD0002F532F532F532E532F53705BB163B16317
:108DE0009063905B705B4F530E530E530E532E5394
:108DF0002E532E530E530E530E530E530E530E532B
:108E00000E53ED4A2E63D07B39C69ACE11740E4BA9
:108E1000CD420E530E4B0D4BCD42B06B18C6FCE647
:108E2000FCE6FCE6FCE6FCE6FCE6FCE6FCE6FCE632
:108E3000FCE6FCE6FCE6FCE6FCE6FCE6FCE6FCE622
:108E4000FCE6FCE6FCE6FCE6FCE6FCE6FCE6FCE612
:108E5000FCE6FCE61CE77384705B2F534F5B6F5B93
:108E60004F5B4F532F536F63B07BD49C159D53843E
:108E7000B0634F5B2F534F5B4F5B4F5B4F5B4F5B61
:108E80004F5B4F5B4F5B4F5B4F534F532F532F53F2
:108E90002F532F532F532F532F532F532F532F53C2
:108EA0002F532F532E532E532E532E532E532E53B8
:108EB0002E532E532E532E530E530E530E530E532A
:108EC0000E530E530E4B0E53ED524E63528CDBDE9F
:108ED000FCE6FCE6FCDE327C2E53ED4ACD420D4B27
:108EE000B06B76AD1CE7FCE6FCE6FCE6FCE6FCE6D7
:108EF000FCE6FCE6FCE6FCE6FCE6FCE6FCE6FCE662
:108F0000FCE6FCE6FCE6FCE6FCE6FCE6FCE6FCE651
:108F1000FCE6FCE6FCE6FCE6FCE6FCE6FCE61CE720
:108F2000738490630E532F532F536F5BD0737294DF
:108F3000FCE61CE7FCE61CE719C6F1732E532F5321
:108F40004F5B4F5B4F5B4F5B4F5B4F5B4F5B4F5BD1
:108F50002F532F532F532F532E532E532F532F5303
:108F60002F532F532E532E532E532E532E532E53F7
:108F70002E532E532E532E532E532E532E530E5309
:108F80000E530E530E530E530E530E4B0D4BCC522D
:108F90006F7359CEFCE6FCE6FCE6FCE6FCE61CE75B
:108FA0007ACE4E5BB06B117439C61CE7FCE6FCE66A
:108FB000FCE6FCE6FCE6FCE6FCE6FCE6FCE6FCE6A1
:108FC000FCE6FCE6FCE6FCE6FCE6FCE6FCE6FCE691
:108FD000FCE6FCE6FCE6FCE6FCE6FCE6FCE6FCE681
:108FE000FCE6FCE6FCE6FCE61CE7369DB0634F5B66
:108FF000D16B738CFBDE1CE7FCE6FCE6FCE6FCE6D2
:10900000FCE61CE7537C4F5B2E534F5B4F5B4F5B83
:109010002F532F532F532F532F532F532F532F5340
:109020002F532F532F532F532F532E532E532E5333
:109030002E532E532E532E532E532E532E532E5328
:109040002E532E530E530E530E530E530E530E53D8
:109050000E530E4BCC4A4E6B59CEFCE6FCE6FCE6BA
:10906000FCE6FCE6FCE6FCE6FCE61CE71CE7FCE6AE
:10907000FCE6FCE6FCE6FCE6FCE6FCE6FCE6FCE6E0
:10908000FCE6FCE6FCE6FCE6FCE6FCE6FCE6FCE6D0
:10909000FCE6FCE6FCE6FCE6FCE6FCE6FCE6FCE6C0
:1090A000FCE6FCE6FCE6FCE6FCE6FCE6FCE6FCE6B0
:1090B000FCE61CE719BEB7B539C61CE7FCE6FCE6C2
:1090C000FCE6FCE6FCE6FCE6FCE6FCE697AD90631D
:1090D0000E4B2F534F5B4F5B2F532F532F532F5359
:1090E0002F532F532F532F532F532F532F532F5370
:1090F0002F532E532E532E532E532E532E532E5367
:109100002E532E532E532E532E530E530E530E53B7
:109110000E530E530E530E530E530D4BED52B3948C
:109120001CE7FCE6FCE6FCE6FCE6FCE6FCE6FCE60E
:10913000FCE6FCE6FCE6FCE6FCE6FCE6FCE6FCE61F
:10914000FCE6FCE6FCE6FCE6FCE6FCE6FCE6FCE60F
:10915000FCE6FCE6FCE6FCE6FCE6FCE6FCE6FCE6FF
:10916000FCE6FCE6FCE6FCE6FCE6FCE6FCE6FCE6EF
:10917000FCE6FCE6FCE6FCE6FCE6FCE6FCE6FCE6DF
:10918000FCE6FCE6FCE6FCE6FCE6FCE6FCE6FCE6CF
:10919000FCE61CE7369D90630E4B2F532F532F5345
:1091A0002F532F532F532F532F532F532E532E53B1
:1091B0002E532E532E532E532E532E532E532E53A7
:1091C0002E532E532E532E532E530E530E530E4BFF
:1091D0000E4B0D4B0E530E530E530E530E530E5398
:1091E0000E4BED4A0E5355A5FCE6FCE6FCE6FCE60C
:1091F000FCE6FCE6FCE6FCE6FCE6FCE6FCE6FCE65F
:10920000FCE6FCE6FCE6FCE6FCE6FCE6FCE6FCE64E
:10921000FCE6FCE6FCE6FCE6FCE6FCE6FCE6FCE63E
:10922000FCE6FCE6FCE6FCE6FCE6FCE6FCE6FCE62E
:10923000FCE6FCE6FCE6FCE6FCE6FCE6FCE6FCE61E
:10924000FCE6FCE6FCE6FCE6FCE6FCE6FCE6FCE60E
:10925000FCE6FCE6FCE6FCE6FCE61CE732744F5B51
:109260000E532F532F532F532F532F532F532F530F
:109270002E532F532E532E532E532E532E532E53E5
:109280002E532E532E532E532E532E532E532E53D6
:109290000E530E530E530E53ED4AED4A0D530E531B
:1092A0000E530E530E4B0E4B0E4BED4A0D4B359D90
:1092B000FCE6FCE6FCE6FCE6FCE6FCE6FCE6FCE69E
:1092C000FCE6FCE6FCE6FCE6FCE6FCE6FCE6FCE68E
:1092D000FCE6FCE6FCE6FCE6FCE6FCE6FCE6FCE67E
:1092E000FCE6FCE6FCE6FCE6FCE6FCE6FCE6FCE66E
:1092F000FCE6FCE6FCE6FCE6FCE6FCE6FCE6FCE65E
:10930000FCE6FCE6FCE6FCE6FCE6FCE6FCE6FCE64D
:10931000FCE6FCE6FCE6FCE6FCE6FCE6FCE6FCE63D
:10932000FCE61CE790632E532F534F532F532F53BC
:109330002F534F532E530E53ED524F63B06B906328
:109340002E532E532F532E532E532E532E532E5314
:109350002E532E530E530E53ED4A2E5B8F6BD0734C
:10936000528472846F63CD420E4B0E530E4B0E4BE4
:109370000E4BED4ACD4273841CE7FCE6FCE6FCE6AE
:10938000FCE6FCE6FCE6FCE6FCE6FCE6FCE6FCE6CD
:10939000FCE6FCE6FCE6FCE6FCE6FCE6FCE6FCE6BD
:1093A000FCE6FCE6FCE6FCE6FCE6FCE6FCE6FCE6AD
:1093B000FCE6FCE6FCE6FCE6FCE6FCE6FCE6FCE69D
:1093C000FCE6FCE6FCE6FCE6FCE6FCE6FCE6FCE68D
:1093D000FCE6FCE6FCE6FCE6FCE6FCE6FCE6FCE67D
:1093E000FCE6FCE6FCE6FCE6FCE6DBDE4F530E5357
:1093F0004F534F532F532E532F532F530E53ED5A7A
:10940000B07B7AD6FBDEDBDE97AD6F5B2E532E533F
:109410002E532E532E532E532E530E53ED522E5B9E
:10942000D0739AD6DBDEDBDEFCE61CE718BE0D4B04
:10943000ED4A0E4B0E4B0E4B0E4B0D4BCD42906337
:109440009AD6FCE6FCE6FCE6FCE6FCE6FCE6FCE67E
:10945000FCE6FCE6FCE6FCE6FCE6FCE6FCE6FCE6FC
:10946000FCE6FCE6FCE6FCE6FCE6FCE6FCE6FCE6EC
:10947000FCE6FCE6FCE6FCE6FCE6FCE6FCE6FCE6DC
:10948000FCE6FCE6FCE6FCE6FCE6FCE6FCE6FCE6CC
:10949000FCE6FCE6FCE6FCE6FCE6FCE6FCE6FCE6BC
:1094A000FCE6FCE6FCE6FCE6FCE6FCE6FCE6FCE6AC
:1094B0001CE7D48C2E530E532F532F532E532E5361
:1094C0002E532E530E538F73BBDEFCE6FCE6FCE6F8
:1094D0001CE7D06B2E530E532E532E530E530E53A8
:1094E0000E53ED4ACD52D07BFBDEFCE6FCE6FCE6FB
:1094F000FCE6FCE61CE71174ED4AED4A0E4B0E4B00
:109500000E4BED4AED424F5B35A5FCE6FCE6FCE672
:10951000FCE6FCE6FCE6FCE6FCE6FCE6FCE6FCE63B
:10952000FCE6FCE6FCE6FCE6FCE6FCE6FCE6FCE62B
:10953000FCE6FCE6FCE6FCE6FCE6FCE6FCE6FCE61B
:10954000FCE6FCE6FCE6FCE6FCE6FCE6FCE6FCE60B
:10955000FCE6FCE6FCE6FCE6FCE6FCE6FCE6FCE6FB
:10956000FCE6FCE6FCE6FCE6FCE6FCE6FCE6FCE6EB
:10957000FCE6FCE6FCE6FCE6FCE6B7B52E53CD4A7D
:109580002E532E532E532E532E530E4B6F63F8C56E
:10959000FCE6FCE6FCE6FCE61CE731744E530E4BA1
:1095A0000E530E530E530E530E53ED4A2E6356AD0B
:1095B000FCE6FCE6FCE6FCE6FCE6FCE61CE739C65D
:1095C0000E53CD420E4B0D4BED4ACD42CD42B06B0A
:1095D000DBDEFCE6FCE6FCE6FCE6FCE6FCE6FCE6A4
:1095E000FCE6FCE6FCE6FCE6FCE6FCE6FCE6FCE66B
:1095F000FCE6FCE6FCE6FCE6FCE6FCE6FCE6FCE65B
:10960000FCE6FCE6FCE6FCE6FCE6FCE6FCE6FCE64A
:10961000FCE6FCE6FCE6FCE6FCE6FCE6FCE6FCE63A
:10962000FCE6FCE6FCE6FCE6FCE6FCE6FCE6FCE62A
:10963000FCE6FCE6FCE6FCE6FCE6FCE6FCE6FCE61A
:10964000FCE61CE7327C6F5BEE4AED4A0E4B0E5394
:10965000EE4A2E5B31841CE7FCE6FCE6FCE6FCE609
:109660001CE793844F5BED4A0E530E530E530E537B
:109670000E4BED4A6F63FCDEFCE6FCE6FCE6FCE626
:10968000FCE6FCE6FCE61CE71174CD42AC42CD42A0
:109690000D534E5BF173BBD6FCE6FCE6FCE6FCE644
:1096A000FCE6FCE6FCE6FCE6FCE6FCE6FCE6FCE6AA
:1096B000FCE6FCE6FCE6FCE6FCE6FCE6FCE6FCE69A
:1096C000FCE6FCE6FCE6FCE6FCE6FCE6FCE6FCE68A
:1096D000FCE6FCE6FCE6FCE6FCE6FCE6FCE6FCE67A
:1096E000FCE6FCE6FCE6FCE6FCE6FCE6FCE6FCE66A
:1096F000FCE6FCE6FCE6FCE6FCE6FCE6FCE6FCE65A
:10970000FCE6FCE6FCE6FCE6FCE6FCE61CE759C6EB
:10971000527CD06B6F5B2E536F5B5284DBDEFCE6BA
:10972000FCE6FCE6FCE6FCE61CE7F5946F5BED4A24
:109730000E530E530E530E530E4B0E536F6B1CE70E
:10974000FCE6FCE6FCE6FCE6FCE6FCE6FCE61CE7E8
:10975000DBD6527CB0631174B38CBBD61CE7FCE63D
:10976000FCE6FCE6FCE6FCE6FCE6FCE6FCE6FCE6E9
:10977000FCE6FCE6FCE6FCE6FCE6FCE6FCE6FCE6D9
:10978000FCE6FCE6FCE6FCE6FCE6FCE6FCE6FCE6C9
:10979000FCE6FCE6FCE6FCE6FCE6FCE6FCE6FCE6B9
:1097A000FCE6FCE6FCE6FCE6FCE6FCE6FCE6FCE6A9
:1097B000FCE6FCE6FCE6FCE6FCE6FCE6FCE6FCE699
:1097C000FCE6FCE6FCE6FCE6FCE6FCE6FCE6FCE689
:1097D000FCE6FCE6FCE61CE71CE71CE7159D1174A3
:1097E0009AD61CE7FCE6FCE6FCE6FCE6FCE6FCE6BA
:1097F0001CE7369D4F5BAC42ED4AED4AED4A0D4BFE
:10980000ED4A0E53D0731CE7FCE6FCE6FCE6FCE6F2
:10981000FCE6FCE6FCE6FCE6FCE61CE71CE71CE7D5
:109820001CE7FCE6FCE6FCE6FCE6FCE6FCE6FCE607
:10983000FCE6FCE6FCE6FCE6FCE6FCE6FCE6FCE618
:10984000FCE6FCE6FCE6FCE6FCE6FCE6FCE6FCE608
:10985000FCE6FCE6FCE6FCE6FCE6FCE6FCE6FCE6F8
:10986000FCE6FCE6FCE6FCE6FCE6FCE6FCE6FCE6E8
:10987000FCE6FCE6FCE6FCE6FCE6FCE6FCE6FCE6D8
:10988000FCE6FCE6FCE6FCE6FCE6FCE6FCE6FCE6C8
:10989000FCE6FCE6FCE6FCE6FCE6FCE6FCE6FCE6B8
:1098A000FCE6FCE61CE71CE7FCE6FCE6FCE6FCE666
:1098B000FCE6FCE6FCE6FCE6FCE61CE78F5BCD4242
:1098C000ED4AED4AED4AED4ACD424E5B938C1CE7E2
:1098D000FCE6FCE6FCE6FCE6FCE6FCE6FCE6FCE678
:1098E000FCE6FCE6FCE6FCE6FCE6FCE6FCE6FCE668
:1098F000FCE6FCE6FCE6FCE6FCE6FCE6FCE6FCE658
:10990000FCE6FCE6FCE6FCE6FCE6FCE6FCE6FCE647
:10991000FCE6FCE6FCE6FCE6FCE6FCE6FCE6FCE637
:10992000FCE6FCE6FCE6FCE6FCE6FCE6FCE6FCE627
:10993000FCE6FCE6FCE6FCE6FCE6FCE6FCE6FCE617
:10994000FCE6FCE6FCE6FCE6FCE6FCE6FCE6FCE607
:10995000FCE6FCE6FCE6FCE6FCE6FCE6FCE6FCE6F7
:10996000FCE6FCE6FCE6FCE6FCE6FCE6FCE6FCE6E7
:10997000FCE6FCE6FCE6FCE6FCE6FCE6FCE6FCE6D7
:10998000FCE61CE7D8B51174527C527C527C327CC8
:10999000D06B73841CE7FCE6FCE6FCE6FCE6FCE628
:1099A000FCE6FCE6FCE6FCE6FCE6FCE6FCE6FCE6A7
:1099B000FCE6FCE6FCE6FCE6FCE6FCE6FCE6FCE697
:1099C000FCE6FCE6FCE6FCE6FCE6FCE6FCE6FCE687
:1099D000FCE6FCE6FCE6FCE6FCE6FCE6FCE6FCE677
:1099E000FCE6FCE6FCE6FCE6FCE6FCE6FCE6FCE667
:1099F000FCE6FCE6FCE6FCE6FCE6FCE6FCE6FCE657
:109A0000FCE6FCE6FCE6FCE6FCE6FCE6FCE6FCE646
:109A1000FCE6FCE6FCE6FCE6FCE6FCE6FCE6FCE636
:109A2000FCE6FCE6FCE6FCE6FCE6FCE6FCE6FCE626
:109A3000FCE6FCE6FCE6FCE6FCE6FCE6FCE6FCE616
:109A4000FCE6FCE6FCE6FCE6FCE6FCE61CE71CE7C4
:109A50001CE71CE71CE71CE71CE71CE7FCE6FCE630
:109A6000FCE6FCE6FCE6FCE6FCE6FCE6FCE6FCE6E6
:109A7000FCE6FCE6FCE6FCE6FCE6FCE6FCE6FCE6D6
:109A8000FCE6FCE6FCE6FCE6FCE6FCE6FCE6FCE6C6
:109A9000FCE6FCE6FCE6FCE6FCE6FCE6FCE6FCE6B6
:109AA000FCE6FCE6FCE6FCE6FCE6FCE6FCE6FCE6A6
:109AB000FCE6FCE6FCE6FCE60490810C204E00008F
:109AC000984C040808DFC30014EAF00290A0842335
:109AD0007BC0D1B3B801841C008FDBE000E400FF41
:109AE000E41E7E20022752C8254A128080232020AF
:109AF00008C8254A12826352C802BFE80078ED21E7
:109B0000A85126193007130072851269878ED298E2
:109B100000E1F100FFE295FEB80585BD600539233F
:109B200090013004A0026008800A7225C0161765F3
:109B3000800002BFD50061F4DA2940A4791F750EB8
:109B400044EED8A724744185BA3201CF6086E7027B
:109B5000C116A4F9EA4F9807FF3402BFE6E20C1DD4
:109B6000D50829D11F00098022001300440053A208
:109B70003F00B077500115FF38106311CA802AF7F3
:109B80004360E400FFE41EFE100265ADC00842839E
:109B900000100080403C601FFC200D40560820E46F
:109BA00000FFE30000B5402A7009C802D400FFECB2
:109BB000114C1FAE40E400FFE5DD006B0A00ADEC88
:109BC00002A4100C5C120140FB200629A1E400FF56
:109BD000E300E7DFB29EE4002BB5F4B35942CCA01A
:109BE000288DF00800E02001300FFEA8E6DFC2005B
:109BF00044F37002106CC0040010100F1807FF0827
:109C000002BFE800B0774D00A74474E04C0128097A
:109C10003004A02A14474E00F1DD3400E7DFC40011
:109C200044F55904A0B2D010044403008C8214A15E
:109C300028265A964059F8801FFC3002BFD5F10CF7
:109C40001DEB0029D11D000980250013004A005397
:109C5000A23A00B077AC022BFD400FFE30E6D808E8
:109C6000B909610300FFE10009EFC264CDA310014F
:109C700030BA6F4884FE2C2B10388AB706000530A6
:109C80000B9401A93E7A93E601FFC41C11043F38EE
:109C9000F30017807FF285C00C004F224002C37290
:109CA00080000D500A602E4026A07320642015A06D
:109CB000AE00A58C940233730075950000C5001F9B
:109CC0008801E2BC0140E00AB75003C681018A2A3C
:109CD00013A8D28037F6811D6C00EAEE0E803000AA
:109CE000A2882028005D00270ABC8D5042DF1D009D
:109CF00002C50011325805D36EC0E0E1D2400D50CC
:109D00000A602B8027A0642052200AA83A402EA186
:109D100055004874E01CC9401DA4601294D8043357
:109D2000AAC0107FFD6FFED0800BA0C012EE0023F2
:109D3000D0006AC401235FED0000000000000000B5
:109D4000000040030000000000003007070700008B
:109D500019003008070A01003500E0060707000077
:109D60004C003008080A00006E006007070700007A
:109D700086004004050A000096004008080A00FD1D
:109D8000BE003008070A0100D6006003030A000085
:109D9000E0007003050DFEFDF1006007070A0100F9
:109DA00009016003020A01000E01B00C0B0701005B
:109DB00028013008070701003C01A0070807000040
:109DC00058013008070A01FD77013008080A00FD34
:109DD0009901F00404070100A40100060607000031
:109DE000BA01F00405090000CC01200807070100B2
:109DF000DE01B0060807FF00F901D00A0B070000DA
:109E00002102A006070700003A02B006080AFFFD7B
:109E10005F0240060607000020000000010001006C
:109E200000000000000000000000020061000000CF
:109E30001A00020000000000000000000000020004
:109E400000000102030405060001000007040101EF
:109E5000020208090A0B000C0C0D0C0E0000010296
:109E600003030300030204050202040403040304C1
:109E700006070809090A090B00000100000000009C
:109E8000FE0000FF00000000000000FDFDFE00FFDE
:109E9000FE0000000100FFFDFF00000000000002C6
:109EA00000000000FD00000000000000FEFDFFFEBD
:109EB00000FE0F08000000020000FE00FCFF00FD95
:109EC00000FEFBFCFE000000000A00000000000095
:109ED000FEFFFEFF00FF030003FF00000000000084
:109EE000000000FEFE000000FD000000FE00FE007D
:109EF00000FD00FD00FDFF0300FEFAFEFE00FD0078
:109F000001FE00FEFA00FE0000FE0000000000FE60
:109F1000FE000000789E0408409E04085C9E040831
:109F20000E0B0000019EFD800B5DA1DD200EE43DC7
:109F30002B000803601015F7FA402C7ADD400086EC
:109F400050880110CA13C0058F7B92008F00FFE973
:109F500015FF59806C7865C300931E3C7C02800815
:109F600064C4004018808004018808010010C908FA
:109F70000131E3C780038F0CB860001D77E2001346
:109F80001DA02D024B61F214CAC0338B828079C1AF
:109F9000403C6560198424B5DD92A098F301680007
:109FA000F87DC03FF9477FEA2009319E1B402A2DEA
:109FB00087C50018D80680038280620038300620EA
:109FC000018C806900A8F196D0024C79A0C00000F5
:109FD0001DFF5100498F324C20051E33F84018C830
:109FE0000432A0E15FFA005C2377C2636458080181
:109FF00047B0F5AA004C76879500002EFE000A9A1D
:10A00000AC00C10AE19619F410E115209A08A601E6
:10A01000FFDF001DFFACBA41315E1F440145F0F87F
:10A02000A0031B100AC00E04018400E04018400683
:10A030003601A002A2D87C60104C6787C0F001DF17
:10A04000FAD80C27A5DD5444044AC41DD6008F005D
:10A05000FFE795FF50805A0EE5C009EE26448009BF
:10A06000009C0C00201087807FF6009E1313AF2801
:10A07000F00FFE68009F8802E110053E6013F88033
:10A080007FF9FC0450CC302692E08F00FFE90EE807
:10A090004030E1F8804387840116169006C2040020
:10A0A000F6A41806C2A1D100880746803C708E8FA6
:10A0B00000FFE5008E3CFE913BFEA2000E2CBB6E25
:10A0C0003CB2F80512D2C66C68A2500300581401C5
:10A0D00020100040210200843C03FFE08E3BFEA1E3
:10A0E000000E0CB2E004F4D1248009009C0C002086
:10A0F0001087807FF600001DF7E200498CC80B60D6
:10A100000516C3E24898D80680470500C404E0A0BD
:10A1100018808C6C034020516BBB1244131A602DC5
:10A12000808E3BFEB3008702A5B0C026B57D2F0010
:10A13000A0035188004031010008031010020021E3
:10A1400092100263C78F0058F0CB860115FF59802B
:10A150007FF280001DFFA8BDC1319E1F002A2D8700
:10A16000D50018D8068003828062003828062001B6
:10A170008D806800A8B5DD8A01263441B4031DFF37
:10A18000A8803FF9408E2BF000E330024D900A008A
:10A1900038803FF9E002AEFD91163CC9102A3CED33
:10A1A0003A0C10820114ADF6B001BB94D2A0202B62
:10A1B000604BD4ED608867883D9805F300FF650625
:10A1C0007D04384548268229807FF2C41C03284339
:10A1D0004000686504AE00C5EA01FFD83100CC003C
:10A1E000F0300B800E3AED6A001C599060000DC0F3
:10A1F0000ECB0B320088F8182C02B150033804CC77
:10A2000000AC5818240223A0A4100D26C7E01CA3FC
:10A2100024801E60A008BB0069F10093C75040274E
:10A220000700B4C581C00A27A01350016801E928BE
:10A2300020A0E00F3105E5060F410028330141ACB5
:10A24000178032DEA8034E0140371A700105D4038F
:10A25000904480130700404F700A7C91E0C15A88F7
:10A2600020F8AD9402E2D3900C4A1601C8A5020171
:10A270000D269E8054141C700C942070E80DC00EA6
:10A28000CB0B3300447E0C320159200194405A809C
:10A290002906060600856429840348C958071999C8
:10A2A0000803D41E01F61200438F2B001CD2F0A02D
:10A2B000184FFF4AD5640D155851D0021A3800D4F2
:10A2C0001A01A12840247840086849563411556F76
:10A2D000000000000000000000005004000000002A
:10A2E00000009009090900002800F00A0A0C01008A
:10A2F00056002009090900007B00F00A0A0C000042
:10A30000AB00D0090A090000D600A005070C000028
:10A31000EE00100B0A0C00FD2A01E00A090C0100F6
:10A3200047017004030C010050019004060FFEFD6C
:10A330006601E009090C01008B017004020C0100A8
:10A340009001F0100F090100B801E00A09090100AD
:10A35000D201300A0A090000FD01F00A0A0C01FDD1
:10A360002F02F00A0A0C00FD6102900606090100A6
:10A3700071020008080900009602A006070B000001
:10A38000B102D00A09090100CA02F0080A09FF0057
:10A39000F202600E0F0900003303D0080909000023
:10A3A0005903F0080A0CFFFD8D035008080900004E
:10A3B000200000000100010000000000000000007B
:10A3C00000000200610000001A000200000000000E
:10A3D0000000000000000200000001020304050666
:10A3E0000001000007040101020208090A0B000C29
:10A3F0000C0D0C0E00000102030303000302040510
:10A40000020204040304030406070809090A090BED
:10A410000000010000000000FD0000FF000000003F
:10A42000000000FCFBFE00FEFE0000000200FEFC3F
:10A43000FE0000000000000300000000FC0000001F
:10A4400000000000FDFCFFFD00FE140B00000003F7
:10A450000000FD00FAFE00FC00FDF9FBFD0000001D
:10A46000000D000000000000FEFEFDFE00FF0400E5
:10A4700004FE000000000000000000FDFD000000E0
:10A48000FB000000FD00FD0000FC00FC00FCFE04E1
:10A4900000FEF8FDFD00FB0002FD00FDF800FD00E0
:10A4A00000FE0000000100FDFD00000010A40408F3
:10A4B000D8A30408F4A304080E0B0000000BDF7FF0
:10A4C000B690034742080096E40250159A9500336F
:10A4D000001D1D4CAD5A008001B80789C04803FD1E
:10A4E000C00600146773FE900CDAE62200F0948038
:10A4F000D77FE90094014A201FB800A01EE00B801E
:10A500000801C4E012802D4002D8018A806BFDD280
:10A510002C0197584004DB40107FF1807FFFC03F43
:10A52000F94B7DFB6A01F365208125690075982C44
:10A530004B8816900612DA768E6007807790074A6D
:10A54000812804C401F4003C02C00FC420C01300E1
:10A550007F181004C01FC604016007E3106009885B
:10A5600003E8007806F200E9402500889B4ED1CC34
:10A5700000F00DC60B12E205A401872904052B4843
:10A580000000C73BFED9300E1BC6200136480438F8
:10A59000802D32600340028817A5993C6011A01DF0
:10A5A0000070EEA02C01001F09000C00801FF3803A
:10A5B000807FF01C0403FF80600400FFA801001FDF
:10A5C00009000900E8038775000A205E9664F1809F
:10A5D00061C4016993001E0021BC62001364000085
:10A5E00000FFE017FA003FFFE01FCB5BFD8C01F19D
:10A5F0006529009CEB0061C3016992815006D10579
:10A60000E96657188046603A00E1D100A801001FB2
:10A610000B004400400FD601380807F0804E0201BD
:10A62000FC2011000C03F2005400800FD4011981AA
:10A630002003D6401B441F18D1F904030E181CE553
:10A64000C08B4038B290804E38C02000C97BFD8C52
:10A65000201C396840273E8010F9824DD300DA0073
:10A660002842ECC8B3A41426812801C5E02F400677
:10A6700000F89034801FFFC80CE01FFC137007FF28
:10A68000FDC600400FFAC01001F840068076201C7D
:10A69000BE600A204E9664650F80071000D32730F5
:10A6A0002E0086F1884056B48000C31BFD68010E61
:10A6B0003900A6805040B766A009C0A9112601083C
:10A6C0002007C201FA7F800DFF7007FF02F2C00968
:10A6D000996811A8004CF007FFFC03FFC600CB7B74
:10A6E000FD8E219F8003DA420138F400C78404F311
:10A6F000271159005C007D86647380801481A0035B
:10A70000D0C017802C03F5804C02401F8840308059
:10A710007F8400C00200FC4017802003F4004A4000
:10A72000B201E9500DE006E9664F300716100B4CF8
:10A7300098456007001ED21009C7A0004032DEFF16
:10A740006389000C03FF81400C03E600F95C0543BC
:10A75000C67A9D9919400B007180AC4C9CC012A028
:10A7600002CC3A0800523980007FF1807FFFC03F61
:10A77000F88D7DFD6A01E6D941014AB00EA2168826
:10A780002801240393A5DD5800620086C038E0004C
:10A790008014807C800E008C03E2000804E01FE33C
:10A7A00000FFFF807FF4805ED381296006DCD383C5
:10A7B00028073FF8C03FFD8000E3EE2007408A00F5
:10A7C00038800A01D33803CCC00FFE1AFF9803FF6C
:10A7D000FE01FFEF300EC00305B2C3009AA4D38080
:10A7E000281D480531007FF1807FFFC03FF9E9FE59
:10A7F000E200FF2D80E1007F3500E1007F3C80E139
:10A80000007F440070803FA5C070803F3D3001C88C
:10A8100003FA94026500FE103A0051007F262B8057
:10A820003C03F2D802100A803E900D640AE01FFC3F
:10A830000F0042007FC5400A100FF95C07407FF10E
:10A84000807FFFC0387FF10C677EC980451BFED931
:10A85000200F3FB988136383EB90009B5803A84EE9
:10A860006E940115007374A009300E7C645A900236
:10A8700083E322D40020031400731000E0039C81C2
:10A880000035007C800B00F90002011807DC003065
:10A890000F84006013807F9C03FC201FFFF00FFFDC
:10A8A000F807FF507FF103E77F5A8079FA0C405296
:10A8B000AC03A84A2A8E209201CDAEAA8C10620069
:10A8C0008A4038A4008015007CA00E008C03E300B1
:10A8D0000804E01FE300FFFF807FF48000C95BFDF8
:10A8E000B0401E1BB290093EC0061F4016992801B9
:10A8F000EC02A105E96657182381A01D0070E884C9
:10A9000085802003E190153002007E400138080761
:10A91000F08039C0403F8401C600400FD6002B00B4
:10A920004007C2C02A6807401C3A21200A205E96D0
:10A93000657182380071005A64A007B00C37652039
:10A94000126D80087FF1035F7EDA807CDB2820496E
:10A950005A401D442F769302D200C27F0886C80059
:10A9600078061D100E760250098403EB00780580EE
:10A970001F8841802700FE302009803F8C0802C0DC
:10A980000FC620C0131007D000F00DE401D2804A9A
:10A9900001096D3B473003C035182C4B88169006D3
:10A9A0007CA41014AD200F96FBFAD403FFF000CB6B
:10A9B0005BFD8C00FF4000B294804E748030E180DB
:10A9C000B4C940B0036882F4B32B4C4023301D005F
:10A9D0007168805400800F864022002007E4009CAC
:10A9E0000403F840270100FE1008800801FAC02A7D
:10A9F000004007C2C011980E8038744036882F4B33
:10AA000032B8C4030E180B4C940F4038B290804EED
:10AA100070403E5BDFEC600FFFC87FF103674004CE
:10AA20003B26201B880DB402226E4A806C200F3812
:10AA3000807DA01F9803FFF0008A77FDD90601A34F
:10AA40005880026F9000570179A9610A00700321B4
:10AA500095A7B0800C04400F1804C04E01FE80047E
:10AA600075C288071D900A3D76A8064DC96300157A
:10AA700038071B4E7D084007F9580040AE01F180B1
:10AA80000C2E3E9D54F8808222002C5520C0E807F1
:10AA900030E620025AC10000A20A01F0BBBC03FF4D
:10AAA0009F3FC005FFB803FF81796004CCB408D490
:10AAB00000267803FFF2201FFC1400FCA036AAA495
:10AAC00000A0412A8BE0117B080AC09FF0807CBF68
:10AAD000E600FFFF807FF84400401F6805A00400E7
:10AAE000F980240049007508042E0390886D500EEB
:10AAF00085017BB490D00755A8809C7380400DFEE3
:10AB000000FE2FF38580B007EB00303085007C2CF1
:10AB10000C200603300798016015002403D208407A
:10AB2000112828806510F00E9004806902400E32D2
:10AB300006008CC1601F580A802400C01F3084802A
:10AB4000A83007F30199801601FD20099021007FAC
:10AB50000A82887807FD20112007FC6600580780CC
:10AB6000AFE00FD5FC01FA7F7805003C2A02A01F58
:10AB700038520868079C02E00F28830303007A809C
:10AB800024100EE0410A002806230A003806140E9D
:10AB9000001187006A02540A00CE02A01582080440
:10ABA000C141C064015038066003801041814428CF
:10ABB000004614018502801C082007060050118001
:10ABC000770190A8700540280C1401E510A7002813
:10ABD00004660D410600F9C1681803A81B8104032F
:10ABE000EA0230A00E700286807E3200118070A8CA
:10ABF00004C01FD400A00FB800A01C1EFE100F4FF1
:10AC0000F94074074039581940072070011581C870
:10AC10000665075007087007A882CA4C28803EF0D6
:10AC20001C607500FC520207001FE61004807FD4F0
:10AC3000200B200FE650501E00FC72075403900FAB
:10AC40000F00E82B032807510508024828802740F9
:10AC50007400DE00F001C01C00715015000DFE00F4
:10AC6000FE2FF38580B007EB00383085807C2C0EFA
:10AC7000014812807A4012013002403CC0A2010B10
:10AC80000198033084807580240358198038941407
:10AC9000400841001F4802401E04801F1981C090D7
:10ACA0002C03FA000F602C01FC8412C1201FF580D8
:10ACB000801803FE610030807FF01C01601FFC01E2
:10ACC000604200F84034002003F7DB2D3029807CFF
:10ACD000C2934A05601F9A4C0051A201F8BFFFF9C8
:10ACE000403FF803399F380110467E1702A00F87B6
:10ACF000C01C201F51051807D080EA01F23824003B
:10AD00007C5603401FBC01A201F51049807CEA0C6F
:10AD1000C00F920068CFE19000E67E9300FFE00054
:10AD2000000000000000000000009007000000008C
:10AD30000000C0100E0F01005D002013101502006E
:10AD4000C50000100F0F0100240120131015010091
:10AD50008F0120110F0F0100ED01E0090B1500001C
:10AD600021025013101401FBAD0210130F15020045
:10AD7000EB02D00704150200FC02F007091AFDFBE4
:10AD80002A034011101502008203D00704150200A7
:10AD90008903A01D1A0F0200E80310130F0F020011
:10ADA0002004C011100F010088042013101402FBAE
:10ADB000F2042013101401FB5E05800B090F020042
:10ADC0007C05000E0E0F0000DB05900B0B1300003E
:10ADD0000F06F0120F0F02004206A00F110FFF0026
:10ADE000A4063019190F00003F07700F100F000064
:10ADF000A107A00F1114FFFB2108900E0D0F0100F9
:10AE00002000000001000100000000000000000020
:10AE100000000200610000001A00020000000000B3
:10AE2000000000000000020000000102030405060B
:10AE30000001000007040101020208090A0B000CCE
:10AE40000C0D0C0E000001020303030003020405B5
:10AE5000020204040304030406070809090A090B93
:10AE60000000010000000000FC0000FE00000000E7
:10AE7000000000F9F8FC00FDFC0000000300FDF8F4
:10AE8000FD0000000000000600000000F9000000C6
:10AE900000000000FCF9FEFC00FC2413000000048C
:10AEA0000000FC00F6FD00F800FCF3F7FB000000DA
:10AEB0000016000000000000FCFDFBFD00FF070085
:10AEC00007FD000000000000000000FCFC00000086
:10AED000F8000000FA00FC0000F800F900F9FD0796
:10AEE00000FCF3FCFC00F80003FC00FCF300FC0099
:10AEF00000FC0000000100FCFC00000060AE040843
:10AF000028AE040844AE04080E0B0000DDDDDDDDD4
:10AF1000DCBBBBDDDDDDDDDDDDDDDDDD98888888EA
:10AF20008888888877777777778888888555555691
:10AF300066666666666666666668888883333332E8
:10AF400022222222222222222228888D0A00000088
:10AF500042746E310000000042746E320000000046
:10AF600042746E330000000042746E340000000032
:10AF700042746E35000000000000000053610000C4
:10AF800057650000546800004D6F000046720000D5
:10AF900053750000547500004A756E65000000008E
:10AFA0004D61726368000000417072696C000000BE
:10AFB000446563656D6265720000000053657074DE
:10AFC000656D6265720000004E6F76656D62657238
:10AFD000000000004F63746F626572004175677511
:10AFE000737400004D6179004A756C7900000000AF
:10AFF0004A616E7561727900466562727561727937
:10B0000000000000323032330A323032320A32303D
:10B0100032310A323032300A323031390A3230318C
:10B02000380A323031370A323031360A323031356F
:10B030000A323031340A323031330A323031320A96
:10B04000323031310A323031300A323030390A325E
:10B050003030380A323030370A323030360A323047
:10B0600030350A323030340A323030330A32303040
:10B07000320A323030310A323030300A313939391F
:10B080000A313939380A313939370A313939360A0A
:10B09000313939350A313939340A313939330A31DC
:10B0A0003939320A313939310A313939300A3139CD
:10B0B00038390A313938380A313938370A313938AC
:10B0C000360A313938350A313938340A31393833AA
:10B0D0000A313938320A313938310A313938300ACF
:10B0E000313937390A313937380A313937370A3186
:10B0F0003937360A313937350A313937340A313977
:10B1000037330A313937320A313937310A31393771
:10B11000300A313936390A313936380A3139363759
:10B120000A313936360A313936350A313936340A78
:10B13000313936330A313936320A313936310A314A
:10B140003936300A313935390A313935380A313929
:10B1500035370A313935360A313935350A3139351D
:10B16000340A313935330A313935320A313935311A
:10B170000A313935300A313934390A313934380A2B
:10B18000313934370A313934360A313934350A31F4
:10B190003934340A313934330A313934320A3139E5
:10B1A00034310A313934300A313933390A313933DB
:10B1B000380A313933370A313933360A31393335C0
:10B1C0000A313933340A313933330A313933320AE7
:10B1D000313933310A313933300A313932390A31B0
:10B1E0003932380A313932370A313932360A31398F
:10B1F00032350A313932340A313932330A3139328F
:10B20000320A313932310A313932300A3139313981
:10B210000A313931380A313931370A313931360A90
:10B22000313931350A313931340A313931330A3162
:10B230003931320A313931310A313931300A313953
:10B2400030390A313930380A313930370A3139303A
:10B25000360A313930350A313930340A3139303330
:10B260000A313930320A31393031000030310A3098
:10B27000320A30330A30340A30350A30360A303771
:10B280000A30380A30390A31300A31310A31320095
:10B2900020000000312300002C0000002D000000E1
:10B2A0002E0000003A000000414243005F00000011
:10B2B0006100000062000000630000006400000004
:10B2C00066000000690000006A0000006C000000D9
:10B2D0006D0000006E0000006F00000070000000B4
:10B2E0007100000072000000730000007400000094
:10B2F0007500000076000000770000007800000074
:10B30000790000007A000000EF808C00EF8193004C
:10B31000EF819400EF959A00EF849C00EFA2A200C9
:10B320004100000042000000430000004400000013
:10B3300045000000460000004700000048000000F3
:10B34000490000004A0000004B0000004C000000D3
:10B350004D0000004E0000004F00000050000000B3
:10B360005100000052000000530000005400000093
:10B370005500000056000000570000005800000073
:10B38000590000005A0000006162630021000000C3
:10B39000220000002300000024000000250000001F
:10B3A00026000000270000002800000029000000FF
:10B3B0002A0000002B0000002F00000030000000D9
:10B3C00031000000320000003300000034000000B3
:10B3D0003500000036000000370000003800000093
:10B3E000390000003B0000003C0000003D00000070
:10B3F0003E0000003F000000400000005B00000035
:10B400005C0000005D0000007B0000007D0000008B
:10B410002B2F2D00496D61676520524742000000C7
:10B42000496D616765204152474200005375627360
:10B4300074722E206172630052656374616E676C72
:10B440006520726F756E646564000000426F7264FF
:10B45000657220726F756E6465640000496D616786
:10B46000652052474220726F7461746520616E746A
:10B470006920616C6961736564000000496D6167F2
:10B4800065204152474220726F7461746520616E7D
:10B49000746920616C69617365640000496D61675E
:10B4A0006520524742207A6F6F6D20616E7469206B
:10B4B000616C696173656400496D61676520415223
:10B4C0004742207A6F6F6D20616E746920616C69EC
:10B4D000617365640000000054657874206C6172CB
:10B4E000676520636F6D707265737365640000003B
:10B4F0005465787420736D616C6C20636F6D70722D
:10B50000657373656400000054657874206D65642C
:10B5100069756D20636F6D7072657373656400008B
:10B52000496D61676520696E646578656400000037
:10B53000496D6167652063686F726D61206B657925
:10B54000656400005375627374722E20696D6167C3
:10B550006500000054657874206C617267650000B6
:10B56000536861646F77206C61726765000000004A
:10B57000436972636C65000052656374616E676C49
:10B58000650000005375627374722E2072656374D7
:10B59000616E676C650000004C696E65000000001C
:10B5A0005375627374722E206C696E650000000022
:10B5B000496D6167652052474220726F74617465FE
:10B5C00000000000496D61676520415247422072CA
:10B5D0006F7461746500000068656C6C6F20776F34
:10B5E000726C640A69742069732061206D756C74D3
:10B5F00069206C696E65207465787420746F20749E
:10B600006573740A74686520706572666F726D6127
:10B610006E6365206F6620746578742072656E6451
:10B620006572696E67000000417263207468696327
:10B630006B000000417263207468696E6B0000004B
:10B640005465787420736D616C6C0000536861649C
:10B650006F7720736D616C6C00000000496D61674D
:10B660006520524742207A6F6F6D0000496D616717
:10B67000652041524742207A6F6F6D00426F7264BD
:10B68000657220746F70202B20626F74746F6D0070
:10B6900054657874206D656469756D00426F7264DD
:10B6A000657220746F700000426F726465720000F2
:10B6B0005375627374722E20626F7264657200003B
:10B6C000436972636C6520626F726465720000008A
:10B6D000496D61676520524742207265636F6C6FE8
:10B6E00072000000496D6167652041524742207237
:10B6F00065636F6C6F720000496D61676520696EEC
:10B700006465786564207265636F6C6F7200000019
:10B71000496D6167652063686F726D61206B657943
:10B720006564207265636F6C6F72000053686164BA
:10B730006F77206C61726765206F66667365740051
:10B74000536861646F7720736D616C6C206F6666FF
:10B7500073657400426F7264657220746F70202B81
:10B76000206C656674000000426F72646572206C24
:10B7700065667400426F72646572206C6566742041
:10B780002B207269676874005375627374722E207F
:10B7900074657874000000005375627374722E2013
:10B7A000736861646F770000496D61676520616C43
:10B7B000706861206F6E6C7900000000DCB70408CF
:10B7C00000000020100B0000C40900085CBB040846
:10B7D000100B0020F06F0100ACC300088104354C51
:10B7E0005043320116E60C03080C1218323013FDD8
:10B7F000AD14082DAE1B0839041A61041A8D041A01
:10B80000DD141A0908411704030904120114020285
:10B81000021640830440571D0201020345031A1A11
:10B820000313590C1B0855041A51041A7D041A9568
:10B8300004297882103C90D00304311481018213D2
:10B840000A0632022A40241C09024363111DC03239
:10B850000904AD1A020B130524161001052401106A
:10B8600009010424020205240617010705820308C2
:10B870001C10090499320A2E0705010240072A818B
:10B88000071113B5AA140821A94C0857ACC41AB162
:10B890000C136DA81B08E304C11A35281AF51C1AED
:10B8A00075081AE90802272D29A8014B022080C536
:10B8B000D4C3B2A1021B70180A81B10208A1B00260
:10B8C0000819041E91AF020839101A510C1A790494
:10B8D0001E50AF040858041A60041A4C041A680475
:10B8E0001A70041A780401481A904C1A88041A94A1
:10B8F000041A80041A84041A8C041A7C041AF004B2
:10B900001AF8041AA0041AA8041AE4041A98041ACB
:10B91000E8041ADC041ABC041AD4041AC8041AB0C5
:10B92000042F6CB2040804B09C32FF1809FFFFCC4E
:10B930005A0308CC5B041A5C041A5D0429109904AC
:10B94000411A7C201A7C201A7C201B205E082910BA
:10B950009904011E1A0102611AFF01012408081747
:10B9600078B5040865C20258321E0E1938B40408AE
:10B97000C52432141A70480A199124320A17A8B63D
:10B980000408EDE8091B481A4C6C0B18E5E924295A
:10B99000901AC0480A192124296C1A9C240B186596
:10B9A000EA2432030E1968B704085D4829241A54A2
:10B9B000240A1DA9481A74240A1DA1482A7CB40926
:10B9C0001D481A4C240C1BC5DA02241A406C0B18B3
:10B9D00009DB2432050E1960B50408254829241A0C
:10B9E0002C480A1D696C08081714B40408F58F0167
:10B9F0002432141A20240B1CD58C241A30900B18D6
:10BA00002D8E2429901A20240A197D6C29241AA825
:10BA1000B40A199D6C29241BD0B66C0A1C90241AF8
:10BA2000E4240B1C0D8DB41A106C0A1965B4320392
:10BA30001AF8480A19B5B429241AB0D80A19A590D9
:10BA400029240E1D5CB404086D241AC4480A198503
:10BA5000B429D81A7C480A1D4D241A5CB40B1C1555
:10BA6000916C1A9C480A1DDD901A6C480A1DF56CF1
:10BA70001AB8480A1DBD241A40480C177D07032434
:10BA800032141A90240A190D24321E0F1C54B504C6
:10BA9000089D06481AF0900A19B54829D81A08488E
:10BAA0000A19452429B41AD8480A19D56C320A1A39
:10BAB00098480B18759BFC29241A34D81315E209F1
:10BAC0001B241A28240B1CE1E1241A846C0C1BB1E2
:10BAD000F202241AB0480B1CF1F1240E1D98B70491
:10BAE00008ED481A446C0A1D35242AA0FC091D24BF
:10BAF0000E1D2CB40408B5901A88900B1C41F32439
:10BB00000C1778AF0420811012C49A0408389D04E1
:10BB100008189E0408149F040810430268100A9D28
:10BB2000040208BD0302080D520313740A82201A8E
:10BB30002428080B10D0A20408B0A30408ACA43435
:10BB40005A0F349AA8341ABC281B20AD901DAE049D
:0CBB500008FC04E934121A52059ADC3497
:040000050800029954
:00000001FF
